date,chlorophyll_a_mg_m3,sst_c,par_umol_m2_s,nitrate_umol_l,wind_speed_m_s,upwelling_index,mixed_layer_depth_m,salinity_psu,current_speed_m_s,river_discharge_index,cloud_fraction,surface_pressure_hpa,turbidity_ntu
2015-01-01,1.384478648933479,11.481587018713343,149.1099633774228,6.015580628734449,6.312240800731997,0.8883801624242296,31.398514420101154,35.267326328913434,0.24334471055656254,1.4541305191900915,0.77242385940042,1013.6306505369206,2.7125745269598784
2015-01-02,1.1638342769927346,11.645004884226934,102.70914380566846,5.378356403112805,6.419118223643689,0.06968425983594029,32.58214721784786,35.23220064018279,0.3058873232309917,1.5041317543421275,0.7208543680437877,1013.7469502526137,2.929409151621628
2015-01-03,1.1593724373302825,11.306775319546752,113.83750178577225,6.347326802682643,7.360378008490168,1.6009033307874014,34.065340691895884,35.22136383845861,0.36373510145132154,1.2907405131715621,0.7344119450035018,1014.8569496901072,2.6313790716567866
2015-01-04,1.3705939771430693,12.11698224592543,173.91482381313332,6.1206675449825525,7.730970870646354,1.282714558495005,34.53842096403222,35.267069680967886,0.40283631558326755,1.644758605829332,0.6422735449282893,1013.1317682777633,2.6686857424079142
2015-01-05,1.6370801830456727,11.822242378390385,76.81400583707844,5.257522968000899,6.902393164670774,0.5190572710184727,35.72473253816143,35.32976950598595,0.3646405725348487,1.2342897604773018,0.7442930378111604,1014.7629296823893,2.5201976011389826
2015-01-06,1.1220236981987897,11.394804667132613,48.62382401824903,5.948835238106524,6.52716980538038,0.5647835641580194,33.518929480850716,35.174284844110375,0.31015147146178124,1.5492977462819253,0.563805114152741,1014.6951805713574,2.944712464083334
2015-01-07,1.1329617771533258,11.630454951577304,96.17434304567949,5.474407082663219,5.549476906718941,-0.06416913143120431,32.792545860381885,35.010188140329866,0.28981075370941634,1.7902740790142029,0.5765106346960602,1016.367889405007,2.973744030573837
2015-01-08,1.0986755244836974,11.333279465666081,111.83886438661655,6.442233422842107,6.359650882070139,0.7963015547792544,29.373611456655013,34.91014461563113,0.2736157162946651,1.8497349848294669,0.6558099640718086,1013.0870226727811,2.6597845277052286
2015-01-09,1.0791438728047587,11.759168455826815,82.38996761857871,5.8205795033555665,5.8338605299926485,0.4822637786267299,30.927497325422575,35.08048779901006,0.3735253524594874,1.7197911327304167,0.7302599037709138,1011.4299158578508,2.737818328887327
2015-01-10,1.0501505799329793,11.189849417546604,104.01741868548135,5.465622714439848,5.474864389724256,-0.19112660546545845,29.978767311852593,35.02504123791437,0.22796345044230232,1.6820508289662035,0.6344876526388897,1012.7696259680657,2.460634113482623
2015-01-11,1.3729673237665567,11.72192673801975,86.05505240444528,5.599867840476981,4.698833759284991,-0.4848149732943843,28.630663430981677,34.802772007442606,0.21722985149243726,2.089281552400357,0.5921733717864314,1012.4558395026203,2.80008673650527
2015-01-12,1.0711437839081672,11.449708104976223,86.0467231818048,6.044855192982493,7.094075436152167,0.37719224398263324,32.60337779582345,34.706511118384945,0.30553335546720983,2.2733490535919443,0.5327700697049103,1012.1728056027815,3.0986256294303605
2015-01-13,1.1904060346160992,11.377333143569924,103.6733768914981,5.269707286584696,5.337970030776542,-0.36116344259018945,30.600455561497654,34.66063959098593,0.24572449882180666,2.3241369151683067,0.5174181084449228,1015.1674311695566,3.6312102259997645
2015-01-14,1.2741291724069765,11.374545583702826,69.37751215356894,5.742903712648482,5.396855790455327,-0.10304453230082083,29.763570061967926,34.69068531363566,0.26719621880769895,2.486855459535606,0.48916072451219705,1011.165950554898,3.6813793877019485
2015-01-15,1.342125388002506,11.041961626965772,55.2135271122588,6.604987347871052,6.2989241648519325,0.28026216744311,33.79505393790043,34.755109922494825,0.2893933937966067,2.289755577818833,0.6141225867434689,1011.1724422964306,3.5864308836954955
2015-01-16,1.8338178914530798,11.921347469246404,93.18970866165921,6.387797186181563,5.996690080098547,1.0323936386671888,31.285800724241405,34.81586830613283,0.3419078414261374,2.078487051086553,0.6219707302250459,1008.9997824854879,3.525046392328379
2015-01-17,1.9335140542633293,11.756918280629465,64.10963607823079,6.701966537546357,7.355084413756181,1.3849024164102395,38.72621870045915,34.866916390241975,0.37747133064062705,1.803710114450052,0.540653647411761,1010.7079137735876,2.590992350866689
2015-01-18,1.9670129282156812,12.311219137725809,26.883942103583436,5.617828257173782,7.332613998028065,0.630157514855982,33.607211143202825,34.94729669740523,0.42148316325122154,1.618940304925933,0.5728523916313617,1011.1129688958462,2.5133519253638332
2015-01-19,1.9704304752015052,11.444369927945848,87.94475199525131,6.516253051310421,7.000239762381397,1.381132015528248,35.39570639120023,35.07918266163548,0.40587803929605304,1.6198492756322354,0.5403438614868853,1011.079319755528,2.6459665546210784
2015-01-20,2.187587124553281,11.586427203249658,107.40775446025145,5.93878137381709,6.665208208533931,0.7043249082435158,31.680451248769053,35.10303086184255,0.2639518283321495,1.534285551416431,0.6408092312523593,1013.8477582334157,2.7679827654690565
2015-01-21,2.4539581329635545,11.858484106633655,90.9096400973823,5.1742598245785985,4.738432854589853,-0.8657262570622437,28.299543404832658,34.98470633856228,0.26007785463179794,1.6625018490019843,0.5854354174357628,1015.6693094649572,3.1577127844341977
2015-01-22,2.8750301699130834,12.383444343025445,122.05924104377624,5.39962436808017,6.945743297504844,0.40243719346541695,30.653481886826988,34.89457364536293,0.32523331943473777,1.6917635777374749,0.7025799579585498,1017.9558026079642,2.99128439152086
2015-01-23,2.7008001140618374,11.581283690699747,56.51593798476386,6.991347539109189,6.62371439098294,1.2549769667624342,33.67636311537003,34.8137085343598,0.30383822008644024,1.8937778394882447,0.45427120433347806,1019.0701221459944,3.3241738374975656
2015-01-24,1.9242684744540692,12.576389548076948,108.07738530810188,6.001270574945328,8.144193598253345,1.3993803659750719,33.586803375766344,35.124128282415654,0.43930911301684683,1.490453990009493,0.668986968387831,1018.6711926547783,2.6197142704267584
2015-01-25,1.8176916862973693,11.653226356569231,90.04461897348658,4.873489528659504,4.272266824980252,-0.5944899729916311,25.164100529501585,35.03497555027367,0.19823473672785386,1.6973944360701294,0.49967468001535964,1020.2430989055345,2.45270397230076
2015-01-26,2.2591406334465147,11.69185947670641,66.23913263462322,5.132719758970572,6.0994621221716985,0.30357717563015896,28.637081093664793,35.17592364999516,0.2939629031058552,1.011728317172902,0.49361108251044666,1018.0016309146654,2.7222171841816674
2015-01-27,2.359358877321415,12.530813232208269,128.96539838764673,4.349346937464099,5.102629312901997,-0.7167471255355917,33.523058040741546,35.157825202747276,0.21517856236776656,1.3717522007115381,0.5443772814139572,1015.7757700316528,2.813527046979468
2015-01-28,2.0084309772198816,12.444949406732082,71.79940674557085,4.759048866093813,5.955423323632714,-0.41857559114435505,30.6936511029609,35.2438984466818,0.3292552887848801,1.125367099105237,0.6532317836709974,1018.2417569003372,2.9321510525411467
2015-01-29,1.8274038518179034,12.411911271799347,154.8079075056578,5.656382002736327,6.821077968363082,1.0287354913077926,33.49211483805201,35.33880425688818,0.259442361032009,0.9763460294563894,0.7391446966403549,1016.0677512618427,2.8052309713940455
2015-01-30,2.0692980785067143,12.298686047881873,100.58184416637573,5.2885319499991725,6.750560670955002,0.2685421198719391,32.09216783047204,35.223264141938635,0.21927464170519023,1.0194695750524778,0.6951448455515444,1018.8631090544183,3.0834742335710046
2015-01-31,2.040997093074404,13.0222188660125,176.2768130060875,5.797795346529603,7.505096128336196,1.4292353091498202,33.53945881498494,35.22929847156029,0.39142832353840007,1.3411953912926304,0.6226780899239754,1019.30153403229,2.9426919633989
2015-02-01,2.211844182212073,12.814992098853775,144.0602758007916,5.3843148932641665,6.853569905714676,0.9696159058704524,32.2028755289528,35.1169703369082,0.3252314364495688,1.1488390467757097,0.627586218584489,1020.2953475056876,2.6386775181867113
2015-02-02,2.1572317935270005,13.051185052750267,164.86915764148713,5.244796172493362,6.30336725264146,0.08414996961836385,33.22576648847979,35.239834532510386,0.35762717851893877,1.3260445174852877,0.503811259054576,1022.6392899417973,2.588016995781997
2015-02-03,2.6399502105931383,12.954419748810638,144.61301038933243,5.761345408990391,7.239852980852006,0.6560585375900607,34.09542256896312,35.13269013116551,0.3065980280076074,1.3865191087555573,0.698457458209422,1019.5888584216316,2.458761687556345
2015-02-04,2.0416999605791806,13.027604513504093,142.7753413365551,5.908650556280518,8.578577654238332,1.6102458472964318,35.38080871595199,35.237474837361006,0.4654975435379068,1.1127366431614343,0.5587853857855611,1017.7474110797947,2.551703964362095
2015-02-05,2.1594780364898463,13.279553392422933,142.28828758018778,4.688258230315601,6.2055555757156595,0.27367500597768657,31.384916562056326,35.09199812407069,0.3595631449090733,1.3988399103130238,0.6344640411942595,1018.5454975644224,2.6627682771593033
2015-02-06,2.166069434355958,12.965094770378364,142.3005084786079,4.835002003919553,5.0023317787251695,-0.3533857572998543,28.073011783549468,34.95561599865147,0.3132117898823888,1.445758607019397,0.5212880619328581,1017.5008516280859,2.5664418421029667
2015-02-07,1.8164213537953533,13.289151684071276,140.12911460343406,5.440762947176462,6.740526955846559,0.5843022940293642,31.14829565309351,34.80628421553659,0.320828730813886,1.8064890144341526,0.6107228110793055,1017.9796822203598,2.9450861460432156
2015-02-08,1.843774539070164,13.81486369061842,181.02273362546853,5.136277518898765,6.163640162545675,0.19885944090901328,28.39127082198156,34.94282812470795,0.2331551555957971,1.5312094507294336,0.6456304389896121,1016.9227853565468,2.631323099747086
2015-02-09,2.3873886210646096,13.499784347396206,213.0739167163568,5.266846032089809,6.197607569621523,0.32696970205478637,30.07422563457826,35.100386150871635,0.2919458821276798,1.3490117573273224,0.578618007768817,1015.2046873385813,2.8465472237361875
2015-02-10,2.50572119490839,13.159447621960899,97.33518472303254,4.982057251935962,6.117212545055341,0.355383570661079,34.24001717002196,35.05637912925317,0.2700495936301637,1.4254617239128993,0.5471431935769293,1015.7501843076157,2.8626561957868097
2015-02-11,2.000977298442726,13.777948406732966,207.05309593555108,4.2859859101468105,5.245227752349653,-0.7606158698927892,31.310320769212115,35.048933055785554,0.22735121314286996,1.3722085894461722,0.520061266038449,1015.9982585727711,2.788650498160281
2015-02-12,2.0623135879655963,13.717918218412528,126.07587497682397,4.930211702970774,5.15091162755277,-0.1951704423470992,31.6903605638384,35.05569206095897,0.25605367316347694,1.7338218010779813,0.5920853918927569,1017.1997704359039,3.256160691752002
2015-02-13,2.0394936203022107,13.912951451939657,98.4466068181411,5.114886548061664,7.664260685209411,0.9123830746740761,35.94169578953456,35.17747732189854,0.37977603372807206,1.3071885929548372,0.4223455370765953,1016.1462901060598,2.4641798439814715
2015-02-14,1.4731618915019498,13.631826724749686,188.29228200560058,4.398114869429509,5.1281099205553735,-0.47962048450495465,27.60602696018576,35.107235120659716,0.19017135854133105,1.1877633949093966,0.3655123548316128,1017.8986138535819,2.237798607679746
2015-02-15,2.2322927659662515,14.444018274773564,164.5968152166135,3.7518712607225866,4.7453417740487085,-1.2323306528823903,29.20284782039498,35.27478678987691,0.24031515579895957,0.9830318266400291,0.6466373102425743,1016.5571127836079,1.9921959175794695
2015-02-16,2.3146218377671572,13.486188494784392,173.41796430612288,4.800891629190331,5.2691169646814435,-0.3439490120215464,29.843242643166832,34.99083362897898,0.2570443187042955,1.2709117902775786,0.5826044156235016,1017.3296481160767,2.1741510308842034
2015-02-17,1.7952152472090837,13.82856311282548,183.87920914340413,4.410687130572023,5.250735230109677,-0.4114220422521395,28.922951206562544,35.06671846396778,0.298560334154337,1.3774615908994774,0.5128256869245028,1015.0672582778155,2.1525232971756583
2015-02-18,1.5807964289826368,13.862062880616127,179.20967201896713,6.734273774647288,8.737814868433132,2.4192912544373044,36.08727013454236,35.01759145573195,0.4847798069322571,1.5222305650685548,0.5911764474016454,1014.8417974853791,2.135729075541182
2015-02-19,1.4274215307083786,13.779751846755156,201.21802002278915,6.167966724140603,8.676170057297727,1.8841925527806316,36.54218129093526,35.13621565499088,0.48470225953923307,1.1954072641961913,0.6036020234231438,1018.1804593789567,1.9236336111365788
2015-02-20,1.757582475997858,13.67296787704886,164.55165082984558,5.58631532330103,8.182619604598242,1.9942340108463041,34.883747026780554,35.10616277416678,0.45820000676685785,1.2145520844693052,0.3878407112157461,1016.9825246904163,1.8441284044371933
2015-02-21,2.376345162682055,13.278834847374931,185.15636032397393,5.322244904770161,6.6581669513741195,0.8806633534323578,29.827092762997825,35.09104710251589,0.38747339127677033,1.060485373814601,0.4520534644866747,1019.1251707903202,1.6988168609069578
2015-02-22,3.124518670067253,12.774095436238987,90.04882578637941,5.909273155279128,7.783023766376712,1.172918911860584,33.56502571527662,35.00015763584597,0.4168415418963986,1.0898741313578226,0.28701810389941745,1019.1069163628787,1.8105493849243945
2015-02-23,2.8894881554265863,13.114308520594538,214.84027111682704,7.214814442824846,9.279348224198571,2.793098102867401,36.95065447456856,34.93437083514149,0.44321546545755713,1.2577497099848862,0.33774683686582535,1017.3920837437895,1.9657034637043616
2015-02-24,2.674217599182383,13.421021915456084,176.50834621207213,5.178042239549333,6.0200374653937585,0.14263500917639252,31.955671497398207,34.89116950903992,0.28376727592366996,1.3268083026445134,0.32307424317911426,1017.5219533877604,2.180716935109467
2015-02-25,3.058439473710503,13.223646074746625,148.13466522422792,5.944209281208187,8.878973905706161,1.9054564051179776,36.36027757071278,35.04155208138715,0.4657638746294528,0.8796505648687962,0.385883244874461,1016.6403537741678,2.069802397117713
2015-02-26,3.356176137795173,13.163535200747452,162.07161337432927,4.361145302926448,5.4521952858221345,-0.6754003716216137,27.532678214278455,35.12547110938175,0.24125060407707824,0.8546532881291998,0.3974219265704306,1015.168465734628,1.7780362817969202
2015-02-27,3.0059728911121035,13.753248900082669,177.89283656758408,4.9840713464719215,6.930919681026682,0.2736864299841839,29.929142391674766,35.05964956374557,0.3724525169142712,1.1141352068561994,0.30738849860474293,1017.7072825547601,1.8903192312698711
2015-02-28,2.16204435444557,15.042209597069839,241.98623515953037,4.274934528481878,5.752007907523125,-0.05005357774948556,31.054969765640806,35.09178907860464,0.26423731759930397,1.3134904891422337,0.4826903013375736,1015.9758026786025,2.118240993831108
2015-03-01,1.8139718836828815,14.490920733965382,260.17248909172895,4.278379119917967,6.405500790287839,0.11875340588526616,31.286984127001226,35.06320214116029,0.3616694257962451,1.1277886664063437,0.33090786304352265,1016.4016446460452,2.449111369977719
2015-03-02,1.7085652317788544,14.301339426927411,211.9611098333748,4.691934593619805,6.112628374308779,-0.03798365213239682,25.067889331270024,34.84909532794884,0.3091700576199295,1.3053622571942773,0.5442249569773342,1017.3522218620882,2.4474426581443893
2015-03-03,1.5955724264003008,15.003902761037654,209.95931169744415,3.538639101517108,4.556474960218094,-1.465227032041453,27.6689544864745,34.91681404097911,0.2284033764380269,1.6371481326427788,0.7455963562198771,1015.0617399524781,2.382684830502175
2015-03-04,1.4067906632157245,15.038425336268809,201.08815737918104,4.610558314714371,4.679183038871533,-0.8888279724753739,25.97974133750212,34.777392701079414,0.21605763696095873,1.71764376398382,0.5007648442036082,1012.4806262115002,2.278561536427998
2015-03-05,1.2727816501728941,14.784557078752824,179.99121725360055,4.495315050324447,5.054335965509162,-0.5234929306752156,28.16453430062347,34.78655045452036,0.2620573018466917,1.7697415205578466,0.5219039844095467,1013.1110009267449,2.6988069050009527
2015-03-06,1.5157537351423533,14.913744241936474,226.00009642286594,4.754926068173182,6.19382534055897,-0.4599202554232684,31.370975235330228,34.701313947386126,0.32814617711629357,1.6630845452610785,0.5080184203300496,1010.3274088558911,2.6644067616566303
2015-03-07,1.4924772537470048,15.268997728536526,224.22457130774464,4.969348482083932,6.11112217664017,-0.2748247347271151,29.950987693368305,34.879324739324694,0.36411123733310913,1.4057097322800318,0.5258679795818311,1012.0227694797733,2.3603528792076203
2015-03-08,1.539470441195108,15.27952546307872,244.424479792817,4.325736459506368,5.672787359201544,-0.5668285509374034,25.703838205487543,34.935820319606854,0.3465926715672365,1.6056945003923364,0.45523080315779024,1012.3413371288159,2.827592418513136
2015-03-09,1.6793844258638604,15.392303522553231,246.03385224958504,4.740041246675584,6.223089332130037,-0.09834591575393822,29.192314656495864,34.92616276368281,0.28871827318559107,1.541320737310921,0.5420460061942562,1011.0173771440328,2.6843200288758893
2015-03-10,1.5980618154665125,15.981676508874884,272.5658870620144,3.8177395199543307,4.920793856751935,-0.5066307614857137,26.06417010365952,35.0209963220059,0.200435331243808,1.3834636442231378,0.5323556126019506,1010.0840086464568,2.9548543844063784
2015-03-11,1.650129776078308,16.358182295775936,293.5502770154942,4.148726606496458,6.894502188384297,-0.03897942013112393,28.62796774919938,34.98524651268336,0.3147483730492675,1.4490152657275008,0.3545341098092239,1008.3489425309789,3.300866871940016
2015-03-12,1.7633888192564282,16.277869044860946,315.6431986211169,4.263862251113763,5.770785930933743,-0.04789335835978492,26.99005458797498,35.051885495861605,0.2446318626496417,1.2792856888803756,0.6995610043258073,1009.0464806636991,2.715616030758934
2015-03-13,1.544957864973528,16.941367403798434,316.4952772989589,4.303568887189683,7.188780872233131,1.1093931807123436,30.797942085202923,35.10356432759466,0.38107132108963804,0.9762780628195186,0.5774235279335699,1008.1732806266097,2.8301389268927117
2015-03-14,1.4799628952586013,16.516965764911852,312.66342954200064,4.381177736855543,7.8153188349654625,-0.08393445273050315,29.898654587171684,35.239708039554515,0.3648188721507215,0.9153273239132238,0.5089352259408231,1008.1848035225622,2.660715962984359
2015-03-15,1.7884487353855156,16.726525905278354,372.71300384173384,3.1934082433808704,4.762942728951381,-0.9626612974630415,28.227699586430226,35.21078781053262,0.2787203352076032,0.8576437873728114,0.6176069949495,1006.8693752660063,2.2627440997827426
2015-03-16,1.6869521466291817,16.06078843940087,295.48223988206405,3.610975258981285,5.733357428942565,-0.3850805747555637,25.486172834150523,35.10426461173571,0.2702730185526785,0.9005829303818738,0.5653500630122444,1007.518436559041,2.5861934852217074
2015-03-17,1.2491442978435678,16.176787231123654,286.0590891409998,5.201928577275235,8.488238598671662,1.216303375246798,33.537777633547925,35.116487003120305,0.39817829806212757,1.132449316449365,0.5331060727066834,1006.8927489180086,2.5859505031352756
2015-03-18,1.229012310217165,16.325553118958833,311.4650973533318,4.185567249264751,6.483982844191922,0.7190098848120675,29.38909183705452,35.242134192661375,0.29430118671334216,0.6998103961825536,0.42127876264431846,1005.82999688035,2.6411501206741335
2015-03-19,1.6151578916072242,16.933895183176976,294.49148055758997,3.9303057880543952,6.797832052955004,0.28735745415596503,29.559470561512875,35.293889055277745,0.36196238061975544,0.8795093386984199,0.48368004187347535,1005.1599030757125,2.1571220077306483
2015-03-20,2.1193692107628372,16.477510041860945,284.4476608619809,3.4104340421340207,6.204941799478572,-0.3723507431349603,29.571777185794087,35.36754200527428,0.25917556771993633,0.5163459180362263,0.48494479220865166,1006.8738982529779,1.9053321561923005
2015-03-21,1.8490493502070124,16.85983260213005,290.79168241396735,2.850455501057571,4.722903259610641,-1.460806778715099,24.705792257437146,35.297806039979704,0.25892981974480245,0.7076536739876571,0.6261390677811653,1007.3208941177255,2.22367889096219
2015-03-22,1.620568237356082,16.918782559887184,361.82973254459847,2.877940105530801,4.676466257422761,-1.49127516252862,27.25993299120956,35.264522501221784,0.28601804901865624,0.6902592669469254,0.41014620759407927,1005.4993460237208,2.127458327755856
2015-03-23,1.2695588953863974,16.969960694604964,304.0761274189456,2.435619414213331,5.399190164438353,-1.6434677894346403,26.855165272344166,35.28613632914899,0.2501190599929342,0.6358782541648655,0.4073965525434965,1006.172540726337,1.839581690548785
2015-03-24,1.382695591477722,17.067165374103986,367.316037576253,2.1134296881190977,3.687732172793985,-2.108424573885922,22.129811680016445,35.21024960633407,0.17872143549429542,0.9536513670670773,0.5923395342417803,1006.2383120264263,2.283840907117847
2015-03-25,1.0290515220753882,16.860374831018717,369.99409801828415,3.518149237376377,4.476163968972242,-0.9687976093272946,25.80837293008001,35.136393262234826,0.24717718262644173,1.0087147612395362,0.4152056778803711,1004.7739959103444,2.5057791560043774
2015-03-26,1.0347670912888414,17.589035126155924,318.56778195109,3.8491649800009515,6.688660570840855,-0.012889186675831443,27.475167230338908,35.05403476321749,0.3862834453932443,1.1500799070235646,0.4647006001751626,1005.5858329439668,2.770244632213489
2015-03-27,1.2102297472863641,17.595122219934368,362.31449381981685,3.217725725122704,5.259569289142928,-1.0960462002040183,24.42646920421044,35.04600929312665,0.2876544600044893,1.1698802350729978,0.35430509261534376,1004.7068106866195,2.787220121029852
2015-03-28,1.563773122335749,17.781275300163003,404.20045656621755,2.2943258577495587,3.4544231619189003,-2.3996861009957615,21.229819337053947,35.04052118609247,0.1366282383190147,1.1310984209978356,0.6420008630057779,1007.3991296474766,2.7666354622462017
2015-03-29,1.118217064167013,16.92499955924853,303.04423494592754,2.794827618957728,3.615683117324809,-1.7043944143085508,20.993704283164632,35.02528140324534,0.1862305668366771,1.0036881116296992,0.4674644050906742,1009.0722869791216,2.7314945295045585
2015-03-30,0.8149358307348924,17.157770320635827,330.7963032678793,3.440056516963019,4.877022534780353,-1.1928039924484464,23.374121028852368,35.02644627317217,0.2963983501358852,1.070755396637481,0.278790614475372,1009.0416889924695,2.7086158159830904
2015-03-31,0.7173331291712906,16.74866406229805,298.7966244364062,4.727210225838981,8.00209798329366,0.8688617269165995,27.526499621552116,35.08453431591349,0.33935330614068415,0.8573844008992072,0.3415012719394865,1010.5870428632077,2.3302473441618603
2015-04-01,0.8553764943705758,16.8043603187178,307.1567548959092,3.6396000687956445,5.139153577989258,0.05074948235576204,23.92056598986479,34.98702826141008,0.3202243915052731,0.9312260608884173,0.409198207474768,1009.3659437256373,2.5789012466960313
2015-04-02,1.154911273825164,16.510962243972816,345.39465765584606,2.800530581745452,3.8591555638045407,-2.027518061270956,23.762352434731955,34.962442387495194,0.22911998581478513,1.016420208366058,0.14510742237826516,1010.0426231093833,2.81997507957529
2015-04-03,1.399690663470643,16.715856881111126,313.9157543951143,3.6694850579941587,6.62260684910788,-0.3769811083473821,26.79469092405923,34.988669932626536,0.27499854412155983,0.9010857583709796,0.203851222946293,1011.9123198039446,2.441007743081968
2015-04-04,1.2240042782271432,15.905908837543016,320.3668609657213,3.633831320625859,4.547275976755343,-1.6841995915065862,21.362928151870477,34.77244965165192,0.17812529644855096,1.2055022787365932,0.13970670913989106,1011.5066806815261,2.4872541181352137
2015-04-05,1.0947873143007387,16.840777939691204,369.2488760368483,2.978758212084065,4.233711924356164,-1.6712290070857507,24.57398073381096,34.916240196258045,0.13696582597858362,1.0854535002800436,0.10378412943612483,1014.1616440428251,2.598630906508221
2015-04-06,1.0326631413386727,17.71042136401571,374.73722024630257,2.7945457383323533,4.860217079929684,-0.9836150253445229,23.028028997781732,35.21155209699237,0.2594501004889923,0.6556026610836745,0.3678955478400733,1012.7862837789086,1.8834735908700289
2015-04-07,1.125922184659786,18.015444594362258,330.8321226076262,3.76570975710808,5.831311309484267,-0.26962860937886834,27.26686800768095,35.223957323255554,0.2896232159295822,0.9486863813898759,0.5021323553933399,1011.5790998368618,2.2511919231629234
2015-04-08,1.0887688730418543,17.467821631587196,436.7313851459172,3.698041225034417,5.919626999744321,-0.008837015575794305,24.880412939631892,35.10033936323347,0.3388656847772117,0.8668887165196822,0.34432966249161334,1011.2618894205781,1.8678238553685143
2015-04-09,1.295694040998285,17.53501348200291,369.38504166720696,4.2147664545781875,6.021788409907574,0.21657783145920523,27.458526013660165,35.02816177558705,0.372612950582724,1.0273230379672493,0.4281317413224251,1016.3317549493652,2.0982714289714597
2015-04-10,1.2861934087297415,17.995237898467778,428.7633830490203,4.259680011501073,8.421400528255655,1.012388310859331,31.030504429250648,35.10386397329142,0.41956291896438147,0.8894614874396487,0.3373375093612022,1016.8718330314385,2.297532034891085
2015-04-11,1.5401395146677446,18.13674963313019,393.2741260288076,2.7892362572076017,6.477648106431501,-0.39456820769514656,27.916793754461292,35.20258457102936,0.3079051553177339,0.629703679483814,0.4706238979920652,1013.8990462691802,2.1040077340824697
2015-04-12,1.528703487555962,17.773624126989034,351.90287509760145,3.2972320759667517,6.741782580127477,-0.020909229780690396,23.540920526911368,35.1438781561014,0.2723579192301696,0.7587150692502638,0.258031376687252,1015.3095568939963,2.131367507241508
2015-04-13,1.9262469094559171,18.442173150715078,411.30114382933766,3.8469632296833343,7.354681616185547,0.09502403600105251,26.690438231590974,35.08174281345499,0.36015844435780053,0.9502928628255568,0.4898401341796103,1015.4791411873155,2.1465119311911325
2015-04-14,1.4543861633347848,18.530404463840163,383.9744300327681,4.257424706606476,5.930261852534389,-0.3207807921129274,23.434614953338002,34.931478947849605,0.2708158357020159,1.2295679124251455,0.4234042648359886,1015.4182203181543,2.593859095168303
2015-04-15,1.4052560700321164,18.07029783555451,431.2472471542719,3.227448285807705,6.527803119383918,-0.5657198954400678,26.67235820311908,35.042040893504954,0.31894610462172546,0.8964499859170665,0.36410937702573287,1013.618753301202,2.81604599471717
2015-04-16,1.345572887990205,17.65759128926311,337.1504261720822,4.72676402160078,8.41552444370563,1.205356242329321,29.18343620341983,35.0317566736904,0.3916273229729089,0.9763353146576288,0.3314162252669246,1015.400183179687,2.5229819085670493
2015-04-17,1.57933688554803,17.36296999936322,385.0184316553842,2.968345921209281,4.419495706565776,-1.0345122295485325,24.42928622338232,35.08403832130974,0.2046313024623933,0.6872667844050493,0.22523124498367827,1012.5346574832967,2.6694627822040293
2015-04-18,1.7467253210712763,17.919743329136402,400.1557636577948,2.461584083364905,5.533647773389599,-0.979570087295753,23.273510096399658,35.19452560013154,0.30892237992628546,0.39457720640535293,0.3992858405932384,1014.0214079289947,2.2597764892789076
2015-04-19,1.701251711823482,18.52516334018966,434.4608569009037,3.172464720663406,6.406297624719613,-0.06719635482629467,22.148572678546035,35.27583198012052,0.2945066725334996,0.30443005512021815,0.4094681538364759,1013.4037257646482,2.551506226293049
2015-04-20,1.6737539968303061,17.999107401302698,384.26575307503754,1.8494260812093675,4.002350340380593,-2.0511569713351614,18.805087390722832,35.311118073582456,0.24070111918021508,0.033085861446174314,0.27937311059168163,1014.5496301221465,2.186461830345131
2015-04-21,1.762154192101614,18.811434807711432,432.44655380466196,1.4519595641472478,5.308078166424579,-1.6809394024569315,20.66816304065473,35.3872345775069,0.1894357669495023,0.1376700618780796,0.3183334157860206,1010.9198600000805,2.233726091453258
2015-04-22,1.436352474088128,18.63107019795652,388.3464159953093,2.6115597011740808,5.852987213802511,-0.8735955286019869,24.099631941543656,35.311693368989694,0.29137020479443293,0.26436967222318897,0.27486006997093465,1014.751975676432,2.0290601693381194
2015-04-23,1.0729298046293927,18.203149820794156,363.56327802214577,3.471662649723849,7.052530191405507,-0.23758254148717906,24.098512740623857,35.2207623241703,0.293325628142148,0.46040867312128564,0.2135320407187011,1013.1850342004863,2.03274471269997
2015-04-24,1.0603075896001617,18.833310610014646,463.907203111847,2.3100596905999806,4.642249752449385,-1.2368466769199296,18.864979769783936,35.226479848788564,0.22645492764573175,0.45869321072258507,0.3509503781837195,1014.2327340500545,2.2491803174885026
2015-04-25,1.1832762348913188,19.190835004539654,469.07817588517617,3.388978864798226,5.874977447419248,0.004275290714108815,23.119004577824025,35.384947761349665,0.3261928021218511,0.23601956686628445,0.5311548819030756,1012.5482473461784,1.9044946107675884
2015-04-26,1.3703776126547953,18.81911881766737,425.34723367416274,2.936936356421513,6.431243256804205,-0.1179327465106228,21.682910058832324,35.2758505417464,0.33706951524800355,0.48003485120184264,0.3353762072254413,1013.3182027036315,2.6026914048244376
2015-04-27,1.4460008176742745,18.770342888034246,444.81430025102105,3.176777644113299,6.355128826238972,-0.27128399122152413,23.968330610782516,35.20743400126003,0.3520828574318232,0.59959990397476,0.30294604319881485,1013.9492983440144,2.499628296633137
2015-04-28,1.7775248098424168,19.031182887172225,472.05190088534977,3.142981679512649,7.187468202683508,-0.05271014025239168,24.685497718947268,35.33187239862915,0.2815804179615199,0.23816051067907607,0.4335263226547821,1016.7631754231752,2.0341991385797003
2015-04-29,1.5535354863107473,18.815231782791773,393.371299801891,3.088286364598507,6.7819420549270575,0.1325928970023114,26.047950769033562,35.254037891891336,0.36030896308919624,0.5278433152418983,0.38208181453552037,1015.4932506306986,2.0996914120933075
2015-04-30,1.4486935266816745,19.170796530631705,442.0914459202873,2.1558585630238665,6.279917513240091,-1.1636323130075006,21.482637808123048,35.24043078443165,0.27356117709654365,0.5615224120016216,0.42005256562355403,1014.4551904928554,1.934244743391406
2015-05-01,1.2287950904589304,18.731996729954474,427.75703633859933,2.527174957419535,4.795226042426028,-1.2141912667024957,17.982124894396485,35.042547167415165,0.25295891895561307,0.9896570131328788,0.4372010883512524,1016.6777332142351,2.4418753039326906
2015-05-02,1.054776111428877,19.312335221049015,480.17956793653644,3.7553762120863103,6.061446922091258,0.38857644018389403,24.940892816595024,35.1190398688537,0.3109321091783346,0.7796873214250473,0.37925639712453796,1018.99674954699,2.376395713542302
2015-05-03,1.1862134092849517,19.976800500245673,511.3640905713492,2.551606747423179,6.410042191043313,-0.9202735638782986,21.97829238280603,35.32534346804837,0.27686618435524984,0.7162450927612567,0.5188683932300022,1015.8539241074812,2.011404766113242
2015-05-04,1.4105707098495754,20.761587039638705,567.0902775742063,2.275071205170451,5.865487827711748,-0.113138182741648,24.525444314949695,35.346784516883936,0.2795586680186793,0.5487085661519213,0.5153444526538866,1013.6545177016965,2.201188864571062
2015-05-05,1.214560521487571,20.765809647440843,520.5807901665875,2.259911825613317,5.272141151985199,-0.903254159939354,20.82857440275345,35.258720608535484,0.3126143858822612,0.6830332778065862,0.5575542934385456,1015.8774932977727,1.8960332489673466
2015-05-06,1.2312158486522062,20.608526233361268,533.2197251693815,2.0554790328000543,5.214656584543659,-1.3182691692178665,20.085561919990774,35.267444730696155,0.2400412412061768,0.8242247431657519,0.43269182618572255,1016.0694721013441,2.3524339216590944
2015-05-07,1.118467355612779,20.38187563336279,548.8976869403754,3.522595662822118,6.522821688728862,0.4311614397961586,21.06679181966843,35.36226786097948,0.3879807869937934,0.4833271176779371,0.27534281773251346,1014.5496895043552,2.269486134184443
2015-05-08,1.2105311117758804,19.932954161410017,441.15392989381553,2.4649696146102054,6.24097382502034,-0.670785031037835,21.512061826292978,35.19304300470051,0.35663965724796215,0.6874946968519217,0.43829633031218046,1012.158764178342,2.037484998816063
2015-05-09,1.2144109594145076,19.10872604385984,469.71539051379386,1.9504435804158937,5.535280812837907,-1.109755261843334,20.17960425163121,35.20277608762297,0.34719010092279134,0.5579991122761513,0.2604904856082716,1012.1544204342775,1.8520641800084858
2015-05-10,1.5337047612064698,19.270589918125296,464.83902614856277,2.205297200715574,5.946702756070499,-1.48919226406581,20.744978568537014,35.36642769205542,0.27422832692376353,0.41417823010780724,0.3145661374538846,1012.0291233961858,2.133307089166977
2015-05-11,1.3893605062675547,18.811548503410837,502.3012306591736,2.7146604633237326,4.442109843318669,-0.9464044370877533,19.0665977546834,35.34529684947292,0.25873076879119805,0.13086876368396735,0.19284253864062595,1010.7562417570465,2.1008730833972273
2015-05-12,0.9575465947064581,19.14311907227118,500.03496870847675,2.7638574193486285,6.35066892513454,-0.3709550723623479,19.79526259935452,35.35776495864738,0.317436546143765,0.22101711773938315,0.27924836350611415,1008.8713624234642,1.8227595412231514
2015-05-13,0.9803141716325812,19.453623837932653,500.00295711666934,2.0207268746039424,4.933659891494052,-0.8784226543139754,18.07376974540155,35.22994969737511,0.2461182347617735,0.23117009855137713,0.31284287706446157,1009.1667671699892,1.7920469483637635
2015-05-14,1.1012812956348557,18.818465901490683,495.81091987285123,1.8653976002405537,4.563627840301578,-1.8457576766900368,17.391803541271788,35.19343658832412,0.19511289416269215,0.5201326067397498,0.3454688608056705,1010.3406063704682,1.7447001622760931
2015-05-15,1.0319918259074254,18.94047686695856,436.65932880812124,1.8908323365802406,4.46621001299942,-1.8867011083889607,15.786538933572498,35.262802259502045,0.24031655111154165,0.18994238252192683,0.22223414760448534,1010.605376232219,2.194180937787368
2015-05-16,0.767562718381674,19.531684455548966,488.65846931753134,3.2316720993651966,7.107753928762916,0.2044494769509328,21.405138774333444,35.12690623851126,0.33543149188853805,0.8365404697624956,0.34802923548549136,1008.2749457819533,2.293520030622419
2015-05-17,0.9440938826274736,19.49426251766029,522.4655634846375,3.9709496041727945,8.83604937899895,0.7646617471308825,24.24971700170421,35.127158792033946,0.4312891161087171,0.76598381439807,0.20855869909526736,1008.1238693396401,2.2019028792043893
2015-05-18,1.3413996604348795,19.99326219896368,535.8447566482675,2.5237329354452958,6.368413431117472,-0.45989852078576965,17.32368596241522,35.25369317914985,0.34850272157234263,0.6842241409465178,0.38395458722682263,1006.7478392288573,2.348452982079644
2015-05-19,1.7537256165114385,20.913707601623464,619.9671188402758,1.6523631198676507,5.290646039381889,-1.7530143050923324,19.103607558355336,35.268714877526975,0.2966022930650667,0.6607274187231994,0.48058907272229584,1007.2105293907173,2.3179216404717913
2015-05-20,1.7398806392725519,19.706932818037096,514.0353063299833,3.6905608717422744,7.666397375670684,-0.17125080191112274,21.569967137648835,35.06099018708871,0.3280766486863004,1.1815275303701391,0.3123094687439972,1007.2230284451208,2.2562525935429965
2015-05-21,1.4450922636228227,20.360286691321235,567.8323972023622,3.547441508507959,7.069793468048377,0.4805676795640303,19.435951389864684,35.029957735352255,0.3649315713082516,0.9460729064451012,0.4349722824554539,1012.0188512376438,2.5228261678556407
2015-05-22,1.5201373474030648,20.002355505173345,469.2659360506576,3.030621950832722,6.785701639156381,-0.628941373699533,20.822259690668126,34.87644475883151,0.35565129152383024,1.127095524569015,0.3496681798617185,1011.4269114430658,2.3484229035526107
2015-05-23,1.4007954425642961,19.802081472315567,527.6525053852964,2.9623159741633107,5.802638711329265,-0.9803942564821051,16.362523120640418,34.951715407182355,0.29561950139117277,1.1928953576600223,0.1782946085553829,1014.6461223640322,2.7122618785727246
2015-05-24,1.35024647935635,19.783958727581496,493.92968119109406,2.904694396154636,4.640833936799444,-0.9283963551263833,19.665305087063388,34.86087764469909,0.2368866350219928,1.3190428497028548,0.2924860393655274,1013.8475956445945,2.658463867528327
2015-05-25,1.2140979162282248,20.630382764102638,568.817368270064,2.1364200737612906,5.5420433369971365,-1.2045017447202928,18.39356235901268,35.01737849761636,0.3113679228321752,1.0393877933381386,0.4329548991733272,1015.4556715824522,2.5130301824442314
2015-05-26,1.3790728468672,20.604167077835182,504.5409151232433,2.0048029692683453,3.8121814656313826,-1.7635401095909073,15.234448533470001,35.025297518117476,0.23862126875356648,0.8431318850672702,0.43512875407444623,1016.3997172880257,2.1180675673231963
2015-05-27,1.2476499266235057,20.335429950954747,538.0373966413893,2.506394013955004,4.7535361201668245,-1.111215595379281,14.270820869317705,34.942260574324024,0.24361311081644668,1.2233004337926594,0.3381224818308594,1014.565719012593,2.8014937634400865
2015-05-28,1.0032900866806078,20.29942146177876,580.4929875168631,2.3583898173395155,5.468547345911987,-0.87118376573309,17.214930412259097,34.93741532081627,0.25758958638277213,1.0830476091468362,0.31150973005499305,1013.8515870468913,2.756454820280107
2015-05-29,0.9855733272607858,20.169384413445645,545.8711570184427,1.933735112317304,5.534226351245416,-1.1150497818595306,20.032028432921187,35.0451640135361,0.31004319557271515,0.8305111608842533,0.20141104545496252,1017.4084155467453,2.254360426632722
2015-05-30,1.1966495939231545,20.552745443450426,524.6507230654336,1.8948144402434468,4.683371581998866,-1.474635486384089,16.33159362606996,35.08272149616208,0.29038147276299664,0.7911350929149233,0.3800209635319301,1015.1872043906484,2.182057337808841
2015-05-31,1.1612260608484763,19.884014374042568,532.2052244411248,2.337230999995076,4.974690885677139,-1.4775626389283365,17.3757649768988,35.110843784639755,0.25746308778886995,0.8968469480767932,0.34835516083398294,1016.8979363420316,2.2565405348580145
2015-06-01,1.1738796732143826,20.377124430332398,557.7634723513527,1.584664483813281,4.14004441486468,-1.581680295329534,14.913642925112741,35.231109799696455,0.1964455698747583,0.7246975474834042,0.3408660211134837,1015.1345593589987,2.024187223729262
2015-06-02,1.235068065754986,19.80630288413439,518.9714250326855,3.1430385500531406,5.470928447592984,-0.3537901152076407,15.727455777552589,35.102272521543206,0.33253402133363535,0.7208276251218174,0.3392098048093244,1015.3776956879589,2.3058749418649276
2015-06-03,1.3270718371617936,19.401525039964493,552.11349633693,2.1100169639196222,3.623123790905416,-1.9284951168152193,15.537667014439412,35.06711009049007,0.22603504795809545,0.6890766552735488,0.12028815705642161,1015.8069612937131,2.4865370674968417
2015-06-04,1.308398262751653,19.78245544515064,476.43123003217977,2.598045990300885,6.254599664223843,-0.617494090016383,18.296840251153938,35.184520495489394,0.3662485809370123,0.5626892113946365,0.29249355384470943,1014.9430822432679,2.7739767564953026
2015-06-05,1.2114478802154678,19.696986333871408,514.8946430416179,4.416725968184489,8.841150557639269,1.6252847396714853,20.43485246733698,35.23552423612624,0.5035698724826813,0.48653816294056096,0.11545041234667255,1016.8890358564818,2.086898787416645
2015-06-06,1.2830473105432683,19.971133114641326,487.80378700073345,3.0992802843299447,7.797069692504775,0.041332707636016736,21.683728549833965,35.046252131370174,0.36331793417283614,0.8747118521535537,0.31648962244672507,1017.5964523843276,2.253849624548192
2015-06-07,1.4264406577739237,20.396109402060294,575.2900763771643,2.3953943455415816,5.670612014447197,-0.7265392829763908,17.156224415945047,35.04277675530433,0.26551182814593055,0.9584568770104661,0.4005694782374011,1019.9056112264076,2.3751343831721208
2015-06-08,1.509799643724915,19.97615169276649,559.1297458797359,1.146478410058042,3.914793923581904,-2.650332925558288,13.248998275108617,35.137680670365775,0.1944066797867523,0.7107079705683463,0.43900463158145864,1017.0432318434682,2.0400524558773756
2015-06-09,1.563265604246266,20.554460740258303,554.8367360991668,1.620915871629342,5.606823309266621,-1.4100209759251645,18.64473298718541,35.22207094829005,0.2947688813363074,0.5931612823227436,0.3277435918474039,1017.4774713708824,2.168989583144716
2015-06-10,1.2617125739965098,20.288720781067298,570.5843285452515,3.146882507790967,6.8446392221325585,-0.2880628758023747,20.654604471354325,35.10104555269813,0.4146091205247273,0.9185767608794435,0.3976865809901024,1015.510245459956,1.7752991902205442
2015-06-11,1.0819286626496976,20.4577880301321,624.6995938346771,3.9429164981383464,8.322204126570174,1.1049551586239,25.03965939273854,35.0526109466984,0.5277316702692222,0.9764737908969959,0.37457602763869613,1012.3499005359013,2.1552068219621643
2015-06-12,1.1738352530501006,20.085363199308766,543.0122502371589,2.666606675258551,6.776503249397446,-0.7058695538342538,18.13030410017266,35.10247878135858,0.3491779427677715,0.8232217250368095,0.3280372219245611,1013.12676886684,2.2145860478755606
2015-06-13,1.52645294838043,20.303684662774813,592.322771638528,2.991543646802818,6.177016158160812,-0.619456558064358,16.165102800422986,35.02025381944232,0.35311953918524885,0.9347672106107985,0.390845425848867,1013.1419413067154,2.776828143837477
2015-06-14,1.3613498251177463,19.580334829482318,560.2981343592512,2.7287758153704202,5.192729137399047,-0.732336520886557,18.00448120379383,35.062193189567296,0.3452559515241366,0.8405081963372809,0.42286069222126943,1017.0344770570358,2.629969898348086
2015-06-15,1.4131179902391264,20.498559703600513,534.1662678644761,1.1855442871931423,3.4366448780140924,-2.5300394602821874,13.380825240515097,34.91217406143482,0.20182646976078464,1.1758384359091065,0.30071730461530977,1015.0470956827538,2.8060385006769537
2015-06-16,1.1575851299670141,19.351550717774913,575.3853951665643,2.598174506643316,4.262086702654686,-1.2216800225985962,11.084099134098587,34.88405366056653,0.27788823404174895,1.1307430845769768,0.3377976152690104,1016.208146697658,2.4834797958107626
2015-06-17,0.9782410567058843,19.447088797749863,568.1795912230267,2.6427009023104966,4.792717875827049,-1.2632015330522333,13.460517105624572,34.893825997353396,0.26323391401594864,1.4217993638276147,0.048924866098042835,1016.8560515861313,2.6040691937262928
2015-06-18,1.102020821427166,20.20372419296722,513.6332154215121,2.1813742542462173,4.674126487777065,-1.8898669907943195,14.127058318517102,34.89159713111721,0.22455724009113,1.4785789147198314,0.4483459027918426,1015.95479254162,2.892462324592702
2015-06-19,1.1348467319408404,20.140012472142846,535.110892341124,2.6449844511567053,4.814939478554669,-1.5850439849806668,15.656912239215453,34.971726608438665,0.2583659266686591,1.4211854601579796,0.35451002533023274,1015.1343868708386,2.761493197822929
2015-06-20,1.2415775447274897,20.171059381231434,570.858624169313,3.060363081377132,5.841588565380051,-0.4802798274899143,17.43541734871381,34.98658719622464,0.39212364599336624,1.2984783835676517,0.38167138704285813,1012.9809347209915,2.759782501879524
2015-06-21,1.2063926979373243,20.24316385949092,544.3784840231668,2.1880374243214615,6.164424933312718,-0.898843655023726,20.94346968842828,35.05891295378869,0.309669152378687,1.205626628531127,0.32012609258955077,1015.6065252208678,2.52131980294426
2015-06-22,1.3487848006092682,20.241400177354787,589.4807033585727,3.2323982571997694,5.62855503225369,-0.6824159095931167,15.751565274689955,34.8883506913162,0.329892529380904,1.520334752263342,0.36105288757639104,1017.4200717097018,2.684014054078923
2015-06-23,1.2621897903216022,20.119478763059224,591.3825366552236,2.374584201525771,4.945700732689464,-1.1464309587482344,13.45652277651484,34.96756362544375,0.26347923550460944,1.349454144218192,0.2965986037924982,1012.8319024511943,2.5224286014462036
2015-06-24,1.2393889164201175,19.83667767656775,558.1914749602446,2.0838366164227176,5.074062527836509,-1.3063388140357153,13.84278106303146,35.09028334063556,0.25672694398998874,0.97655429403182,0.3341322164083661,1019.1194749425765,2.2964307847803354
2015-06-25,1.2185003391831426,19.284430674926465,589.3667927371251,3.634505114147453,6.638966224842785,0.20816531392069884,18.101753007184502,34.90211480279316,0.2499467362337263,1.2275408252108149,0.2135180653057747,1016.2216687946681,2.792649439748649
2015-06-26,1.2948630776353889,18.75324109151025,534.8540032911792,2.3166594314110687,3.6785972469234967,-1.7062211677995862,13.509589954012288,34.868610614099886,0.2087636310896545,0.9761850693209124,0.0,1018.1788224897396,2.595545709725437
2015-06-27,1.3182255755997692,18.945744944082715,512.5676343172015,2.2861575428618477,3.3946075545723,-2.0266449458736275,11.291675724866852,34.79982717333473,0.18540639365522055,1.4015735055704728,0.10246492910625328,1016.3995898756062,2.8144603509139596
2015-06-28,1.2215057262411508,18.922276287267618,513.5988995033629,2.835237202984096,4.857834494324332,-1.2737255519371504,15.552195011536275,34.6917748744246,0.2558442334967176,1.7045501848287148,0.1478597243593894,1017.012358380045,2.791477474318014
2015-06-29,1.2910069499604182,19.086201658813586,515.6790397008706,3.4707902519635523,5.527148530852958,0.02206342530727723,14.92753572545837,34.82903656479369,0.30059008568428397,1.5146124643845458,0.48777833836186923,1017.0711316545545,2.720897786748702
2015-06-30,1.051544772049899,19.631709805039076,566.3450926330396,3.416866543250382,4.388734152089529,-1.1005456756118877,12.295419248558055,34.83898246184287,0.1929267126549834,1.4764855229579235,0.3189322153689303,1015.5687093250325,2.7873371964078837
2015-07-01,1.2615683818271743,19.889809895927282,573.5466898721179,3.111002682982021,6.19822959908189,-0.436082855469018,17.820083800680152,34.94243997262363,0.3522228531196715,1.5715444055422494,0.38413948414903637,1014.0044732764632,2.685015663383635
2015-07-02,1.3208109902047407,19.573345347895664,530.3686990718168,4.250074017723763,8.634644825144012,0.7495524548950929,22.762703520924163,34.90835785129344,0.37711596035442563,1.4202160341746162,0.41739076280139586,1013.2722826120424,2.538614263082899
2015-07-03,1.4014227836112154,19.57865249388474,521.9013336195529,2.1828344146670458,3.3285623520777543,-2.202713095108038,12.2398915078963,34.818350006625636,0.19052155482168578,1.395602965530042,0.33401987815314843,1015.6678476592597,2.814085467501914
2015-07-04,1.5352915987673503,18.941396586600142,536.7699666315762,2.186933872767292,3.8489992629635976,-2.435660418539649,12.91790591926844,34.816462715313385,0.16802233854013918,1.459226338600259,0.1968683190078132,1014.2699023048337,2.970866276049531
2015-07-05,1.4449007872143433,19.1174065650725,522.4067524300531,3.3483909429536034,4.968173603493784,-0.9826186358541261,14.509062686874795,34.95359747529944,0.25827895827878916,1.250448353161341,0.30830055116848937,1015.6967600717312,2.1763620536181834
2015-07-06,1.1960884846681965,18.808179323041205,503.40528965531956,2.32513500440251,3.691770396614229,-1.4876614079655206,13.288488049964306,34.95466793877237,0.23171122822763893,1.1516169550065325,0.20027368283978897,1015.2930576116341,2.292476436450612
2015-07-07,1.1168321206502685,18.976457739940876,542.2364673419959,3.326254868377423,5.616069079141703,-0.18838080573790789,20.101233154646618,34.95402695165001,0.3653539845075124,1.0896724545127172,0.34208805265491665,1015.2087606558625,2.8066265190681245
2015-07-08,1.0774173693342826,18.79819731476907,564.911770949106,3.930985399371484,7.2405656788551145,0.3079572879828023,15.537835131042751,34.90442241162135,0.39415907930830013,1.1757900469342806,0.17563168551837738,1017.6384377410265,2.6553500407215367
2015-07-09,1.2973077443247134,19.068172101977634,492.0482569159432,2.7761549902448617,5.323743257209116,-0.6422908884736124,13.043805587860094,34.95418233868353,0.3324464582498347,1.285133093830323,0.09018968176957426,1016.9337543928003,2.5878021308857604
2015-07-10,1.3933559518213627,18.91542937613883,507.11645073672446,3.3140647816396176,4.677764271794419,-0.5428690666921775,13.707678120417977,34.89488593712989,0.20298805103382317,1.182323556523924,0.1999442579375199,1015.9289424928194,2.9572326931833994
2015-07-11,1.4491829066179003,17.86586221501842,466.35907743008534,3.333875526955484,4.237871369773681,-0.779513354415379,12.841913933424046,34.86567255420917,0.19345726176902195,1.314757350482829,0.2035276800817869,1014.2277031673634,2.7524957672528334
2015-07-12,1.523923443669074,18.170814077561094,480.92427339511886,2.7207542195312833,4.3508651321191865,-1.6451302999634136,13.94458718870151,34.93140740078278,0.22930285057225022,1.2367448355035722,0.21603277518786895,1016.4844268673337,2.240246605891723
2015-07-13,1.5629893477900803,18.286129497559045,480.5145273491155,2.624482322196709,5.343714314620321,-1.3251736022197504,14.103348100874925,34.784972263277915,0.2869682747182968,1.3268862965758141,0.1901681740084727,1014.3887297610567,2.2665537499389594
2015-07-14,1.4695053443855317,18.794810253606478,495.66196034341704,3.510269381787798,5.648558566670903,-0.5172825266507467,15.851921444265994,34.88756830229258,0.3427677622830868,1.3331616470121062,0.27257754918372007,1014.1590212796749,2.9035042460768032
2015-07-15,1.315509537879565,18.706161454921514,494.87747344279046,4.199914727119863,6.741153574565572,0.027469772016456215,16.352227428551437,34.93258182051984,0.3710400709488499,1.2712208222638925,0.2862487318117695,1017.7107093472565,2.8196946861454752
2015-07-16,1.2765530802625287,18.085844004858572,498.54131468599076,4.336546962701806,7.3461453992304255,0.847892360885399,18.33057240515595,34.86383958020912,0.3693803584896959,1.4180272361251067,0.1949768331358408,1015.4533290250437,2.4058552556250223
2015-07-17,1.6937877318435806,18.452057047987,499.53032014826795,4.4343327687227445,8.250977564363994,0.9725155236873905,18.705818553325493,35.10521188349309,0.44197040494060813,1.1202552520560265,0.2776203019868585,1020.2373459099132,2.0052383342792313
2015-07-18,1.8307477077630927,18.352557950725537,510.0504536120199,4.3391941459554255,7.821021586887519,0.9842945142798374,20.28838172516085,35.10239391488315,0.3899366594424422,0.9348534204097139,0.22745997888971997,1018.7688023500882,2.082244344134877
2015-07-19,2.1891846049784425,17.81796363133418,534.6013189626728,3.470481771362162,6.04119342000189,0.001425302781635579,16.35728706868288,35.00566144286028,0.32361124419006976,0.8371111378237818,0.17152617256270358,1019.0742172668839,1.959823458259154
2015-07-20,2.9984973565796516,17.657857084052647,430.34090089530076,4.380206782365962,7.0551073128821695,0.682962319744022,18.960562488619725,35.096058268060936,0.3913169240950644,0.8724733957826248,0.15528100838743922,1017.4730106095182,1.7812913347505017
2015-07-21,2.1391483787580574,18.200200400281876,524.6693497916867,2.7501828978477065,5.600410329576992,-0.9230822947949933,14.12990252173777,35.21110016622655,0.2873528979181658,0.6225987679878942,0.24371312125674893,1019.6622177322539,1.5637592741349349
2015-07-22,2.1548991829957003,19.011243126244633,596.2695187606571,2.544542744506202,5.073440913123383,-0.8296372836275611,14.442345319206254,35.354102461144876,0.30995592867590854,0.8562898371722731,0.26517978439806067,1018.3627519930013,2.039002409789414
2015-07-23,1.6110171589665998,18.283848847117245,528.2742841643585,2.5007001225023853,3.440270351655042,-2.2836304934709784,12.389033375011325,35.195560288636614,0.1344096661883954,0.9081409752650884,0.2700813947519571,1016.3579404626589,1.9773345543417518
2015-07-24,1.6522007958440306,18.606082384188905,504.6233515856341,3.1486902988888192,4.457381142007526,-0.6244744252265854,12.686890363691688,35.07959563628727,0.30309913168560476,1.0074801911681885,0.25288537044047,1016.7429458215092,2.152516610427382
2015-07-25,1.166418660716388,18.582430826417966,501.18177235633596,3.7824085958657867,5.530603625505197,-0.003834739788758368,17.64680954277144,35.232387747098144,0.28545679357659665,0.8881429264976722,0.406336215153993,1017.8411965011594,2.321631684569413
2015-07-26,1.0265712089783143,19.433934883198223,566.3733844991435,2.4164326897468986,5.206359071199133,-0.8229966714060193,18.951724470458668,35.30408107876744,0.2813090383375208,0.9263368308899783,0.45520037454941925,1017.3090037055211,2.318657063983913
2015-07-27,1.4667531900655606,19.37290525091734,533.5071584773577,2.981630350949528,5.593671823450452,-0.47589692460419425,16.299086409844758,35.15328129368542,0.363257686071388,1.3273121506288992,0.4679398217207509,1019.3740141880735,2.6029797122974703
2015-07-28,1.7467749501381356,19.078152933731385,559.8063785727645,2.6875184222106867,4.594166730364414,-1.2233784267170924,13.585754858790354,35.16924432262012,0.24612470512707574,1.2411665930752775,0.5621173176078257,1019.0816004371694,2.5752994203202895
2015-07-29,1.8514162326119648,19.014106900567622,505.93330168942146,2.0603641404194026,4.518341913441883,-1.7074828476350286,10.350170275423467,35.14456961757817,0.2087915301372574,1.3385183572951285,0.5790110860866033,1018.0214730193655,2.4473632919194435
2015-07-30,1.465397899004311,19.43075482703788,546.8475037667863,1.9311017855830817,4.005999463455514,-1.6834836980217567,11.423892560408294,35.154368547802584,0.2118056632298531,1.2385789032485017,0.5538253875073722,1016.829769591412,2.114129736315109
2015-07-31,1.0592040693579914,18.876580753940246,495.8211343863145,2.447996168593009,3.8853408624681958,-1.9093335281777428,13.773018308108936,35.0209241458588,0.2665024085568241,1.508894047445403,0.4655629686890649,1018.3692797892617,2.074764711403878
2015-08-01,1.0973287049169151,18.27937569109286,501.5629942351476,2.5621523074651362,5.090017634187872,-1.5658095816377955,12.916697856348833,35.16822483584213,0.21579642328007126,1.3259781708758265,0.4892357196877473,1015.7155160090969,2.259556583939546
2015-08-02,1.2002591047051248,17.817873359271744,433.6681173448614,2.409472986435951,3.89946227057814,-1.6678376528317345,12.576959262792785,35.10383167061191,0.22273142186368394,1.0870986619977767,0.4886220276535833,1015.0577523823036,2.042587495640706
2015-08-03,1.2060622483353305,16.790257881513725,460.4742777039905,2.5106858448397196,3.0377323373785834,-2.038994136623106,10.56954700524404,35.03996498939693,0.19977493905251645,1.1109452426722186,0.17831511371991432,1015.5776958018475,2.1139275031231883
2015-08-04,0.9799211950485949,17.137238778949953,476.70800641057446,3.5218502952088215,5.128008658989941,-0.8791488349811776,13.834523839817592,34.95009643708782,0.28447192613223204,1.3570564519708317,0.3240740076314567,1015.869713935461,2.620523226564454
2015-08-05,0.8213316987593812,17.556009606604263,402.1883031693714,2.674749706864171,3.4271285492769343,-1.7456230585771715,11.0945117704769,34.86335012384541,0.23384775516840203,1.6553498884061961,0.24931204258155604,1014.7570957272103,2.678316519405416
2015-08-06,1.0241215530524812,16.816632223642845,443.44047644007907,4.908465072191664,6.617836252386846,0.7325326172603915,18.88631359303084,34.864792012867504,0.4277231409348639,1.4763542226535327,0.29263295743367257,1012.8370208579416,2.159876716704275
2015-08-07,0.8257159350951787,17.676813260078024,512.7134906758433,4.16027627330347,7.041826716252835,-0.025128870770054795,18.293437263498102,35.01490249773904,0.378905751614458,1.463838159563295,0.4605619329586448,1014.54588762238,2.0109034402313974
2015-08-08,1.1617308021548391,17.221411003944585,453.0416268779952,4.6124530243483415,7.015721968965859,0.4638230958038295,19.032770459002297,34.89161783957975,0.35116616893431063,1.6525797468642507,0.38927064582165205,1014.5353211301775,2.740245702705114
2015-08-09,1.8716609414753798,16.918352951524906,457.09013651245544,4.064902764627505,6.109944724613945,-0.6178181563907574,18.006417170067078,34.77256735156466,0.3114339159867193,1.7213645443322378,0.24584411979252013,1013.6006620678284,2.817390916408517
2015-08-10,2.017619580125657,17.29947509939147,482.82685996691947,3.8523020460869497,4.032904391095966,-0.781170261246382,11.61098681145833,34.99721479547095,0.26656033449761074,1.3027728673470484,0.3778942775648895,1013.3834556695869,2.6256614823433946
2015-08-11,1.7923364580376788,16.821641484639972,397.2791751794023,3.632679414922735,4.662469803761362,-1.4042296082246384,14.568943067718793,34.729493637916676,0.23598852130154324,1.8226813825968595,0.27354009623515935,1011.1531070451173,2.6612467694960213
2015-08-12,1.378233201356665,17.187684557704717,472.3906822899486,3.8143832226328325,4.549472114466881,-0.8622828511402356,14.516560554726636,34.81267130787818,0.28671631417668353,2.151261239251159,0.4249180585190659,1014.1149737766036,3.076238951252826
2015-08-13,1.1917257871586813,16.80092797705561,375.3362629689208,3.7470959029420188,4.685398720483278,-0.8268418224201756,15.889106836901874,34.73972800417935,0.2729890142088813,2.041850409665665,0.19747105790198044,1013.7795549150111,2.6038684873394593
2015-08-14,1.1240478086091445,16.032935998382204,436.78878662601306,4.3535863085973086,5.443154124875381,-0.5187732188933495,15.32086552822923,34.727831915249396,0.2752160583716641,1.821551874164785,0.2022148956441664,1012.2037112111361,2.5000017341148566
2015-08-15,1.3273122767706107,16.090907526727616,389.0124184317733,5.390764737045322,7.02359110319296,1.0557281862671068,18.343481995665957,34.82366172950162,0.434253193812115,1.8012639401569543,0.2605318171841742,1011.3696022900699,2.648391622654572
2015-08-16,1.6052603315021616,16.75679373758331,421.7653406528822,5.282552542951507,8.602997649846621,1.3921963006955782,19.898969849064095,34.979917250826205,0.41827100140607365,1.5633283601112407,0.6597271850302945,1010.8516505267955,2.282508089007039
2015-08-17,2.351000880952691,16.074989206406325,385.56105252249097,6.179404680518985,8.502677902498247,2.0261631439773,19.7597700575139,34.82383243641595,0.45355873012905185,1.5958075159572196,0.3388879454687499,1013.4861142435317,2.4758052794118948
2015-08-18,2.4195062917242027,15.62411751159112,380.8248574503286,5.991993715671292,8.363519051227886,2.119179177592525,26.98834716106063,34.85455987533115,0.4459035101160569,1.5100688556549198,0.2971131263770508,1013.6150443567223,3.0335401186611133
2015-08-19,2.608316529235486,15.97151370654663,404.45821124897725,4.714917909991104,5.8291752980407185,-0.0011615726790689396,18.091903304714535,34.840981592283605,0.3226866716921903,1.8054030952737443,0.36547712474239136,1011.3676600576663,2.6806372656853537
2015-08-20,2.5876149402916484,16.10328463712198,376.43960168341886,4.248770563762956,6.2048406144659145,-0.07528284458362045,15.16425141884745,34.87891134049923,0.36717523965228943,1.511536616827522,0.41781485036932314,1009.9947877809154,2.9289248088918747
2015-08-21,1.7732782879145674,16.14413462805682,325.5488764147822,4.168920104933059,5.775590840364028,0.11725287851049077,16.5277773364302,34.84710296814233,0.42086451970487493,1.7405172089304748,0.16507785623455393,1011.5182845944133,2.994964390286724
2015-08-22,1.6167762981251783,15.816645449857882,387.3058281830049,5.07537205455419,6.9405032792406764,0.8894567861833176,18.440360824493318,35.074454408571,0.32540471634761975,1.4598835019156475,0.33250778943899356,1012.0613565679606,2.469669460840735
2015-08-23,1.8061696546849637,15.85645975146313,376.6366303440375,4.06339768111858,5.545293065015695,-0.27441110745387576,15.493308316355384,34.936440059583724,0.25065347635201574,1.3356309288445856,0.4240848765805157,1011.0166237944971,2.42077907972024
2015-08-24,2.209798344641609,16.18149710751428,411.53222500063924,4.197238630904148,4.393374121875454,-0.377468762746011,15.92605950928911,35.03884607699009,0.2688376818934384,1.5002607189959964,0.45821188742150243,1012.4954736231795,2.353655086852433
2015-08-25,1.9340270139967262,16.431354213205953,422.0895725142587,4.342272601971218,7.226913145839194,0.5749164750969211,19.41419730254938,34.85222147305391,0.42574745241180806,1.7971247053081063,0.46869389625147895,1011.3229040287289,2.664240754810965
2015-08-26,1.7244973500038108,15.966563965132227,375.5240060063504,3.584235487377712,3.5041253874939646,-1.5987873141429818,14.044959230016573,34.86088020368708,0.1529695629664352,1.7722639605114152,0.3137498491519484,1012.2362450323083,2.2789126653073444
2015-08-27,2.018660900953926,16.01775432035747,375.64123017049036,4.908317856316729,6.050264563597266,0.538399387021139,17.166159553735646,34.9196390010898,0.3118476098912416,1.906324472290163,0.5232198992494086,1014.6129243016892,2.542524710314597
2015-08-28,1.606524922477407,15.2211845950932,400.1430890609325,5.4184875967038755,7.304773967451395,1.0479679623263882,20.159622784090505,34.87554008532336,0.3454619719072131,1.7717627230833966,0.2655959814501499,1011.6278340369411,2.5304010405335102
2015-08-29,1.8228477810558572,15.065131830210364,333.75961543739675,5.74032557939159,7.0770562542441064,0.9066347321911782,19.989355681668307,34.917903401310554,0.3674186688799286,1.6856112773400054,0.30095205188300106,1011.1818579667874,2.7250575702095254
2015-08-30,2.060593626430478,15.047937537002909,340.3372376034305,4.536447611029157,5.201487623309403,-0.058886415349187676,13.832571572648382,34.924574989787025,0.29996348730804046,1.7108546618604668,0.40683698428745724,1011.3450005292377,2.9184710257323765
2015-08-31,2.1552579844627604,14.60421405872569,326.6773568401933,4.562251992096066,5.852188850556726,0.13154073087385118,18.057229193659946,34.79892238326269,0.29983483078693324,1.8937691731509267,0.43268418566938993,1013.5665043240964,2.6622159804224115
2015-09-01,2.171709188742161,15.110331859666687,307.0720298794949,5.189074641367075,6.374308242372903,0.7029959283116969,19.011407166440534,34.89278333581035,0.37538952298914297,1.5683761438636146,0.2697052047897489,1014.8728945510909,2.508245221607142
2015-09-02,2.090005905050725,15.572204785969623,375.185760147295,4.107130716652879,4.547157125305571,-0.3435431605697592,17.338190331742553,34.964166568338705,0.35464154480791255,1.6868347268340413,0.4983872646556183,1017.5021072872231,2.624900848072445
2015-09-03,1.513413150276106,16.080024411488584,453.1220219145352,3.6865672591604763,4.783278585207568,-0.9515246190376193,16.103682747991446,35.02372663488776,0.18933034485835687,1.5718801231151407,0.5783607778611622,1016.0956450346124,3.0262902384095636
2015-09-04,2.002493870134882,15.912464575025062,345.5084246100723,3.1723071255734343,4.257768864829293,-1.2143501174183728,13.279749170535169,35.15454607562855,0.29092230237162053,1.535377865562394,0.5584285272250321,1015.8510548157811,2.9527059428097386
2015-09-05,1.615809482975001,15.632954548278349,351.5075500620179,5.033531011644914,6.891807351909289,0.9982373975904697,19.937078941613674,35.09293732249203,0.26370019513663934,1.4116535942155146,0.5122225946869169,1019.0670611822991,2.7783164000192486
2015-09-06,1.4360843216014203,16.13471391002729,472.4338118296304,4.143913042303687,6.654212949565681,0.0706190190592027,20.52821159979641,35.14682920916327,0.29277967573448394,1.6029455754907065,0.5501659322422486,1015.9507991639216,2.760918284548592
2015-09-07,1.3969263429408254,16.290678129344364,433.3170215886246,3.296220530717691,4.71442911316846,-1.3175844834784873,17.20099293736159,35.14609606321858,0.24454005679038487,1.7479099155866984,0.7526069971224472,1017.7613897081962,2.856616282539206
2015-09-08,1.7383142685291089,16.299849288924925,423.68483045508304,4.501076927724784,7.290785328870507,0.4960181834131013,19.522602318121557,35.08987348829086,0.32101319206485956,1.8827081211249528,0.5519356615368054,1019.8360246610698,3.0751491571389167
2015-09-09,1.6254610986179066,15.441070257631065,389.0274756705774,5.092985459667931,6.9790531743599855,0.6519999975288993,22.000127820103817,35.09242085100498,0.3626469201173519,1.6544368878820652,0.6766909615024808,1015.6851031075672,2.7435660778812783
2015-09-10,2.0008367088433583,14.748925881832855,352.5644646447826,4.927677779159547,6.964923754084756,0.7942113721944088,19.83029977367784,35.03505395927101,0.3389599339627801,1.4728089649573648,0.5366541646903371,1013.076099757643,2.6417802275620925
2015-09-11,2.194949368397251,15.52234952736076,392.72260907526925,5.326845053655662,6.839984795012253,0.5728297595933407,22.59977127433119,35.12277601449234,0.35788622426612005,1.6512728550454416,0.7228449965191337,1013.9353121154329,2.5825153102550775
2015-09-12,2.3181910247836437,15.887965244711783,402.89743119369774,3.7010656675761844,5.795541744564824,-0.585025492523433,19.592920709558303,35.15542686456309,0.34525035399338255,1.7986326561951893,0.6278011239177986,1012.6176014807203,2.8263503487250556
2015-09-13,1.9659233433968437,15.13549827309737,390.03436521511,5.5221809458518845,7.3472441439758205,1.3287893024792834,23.75713475892756,35.17271526812784,0.3948983466111707,1.3436679500444433,0.5514118649514581,1014.1235769688748,2.657370306476244
2015-09-14,1.6528322225511967,15.402232500893986,379.51792435349057,5.694923104853603,8.21150203080255,1.1637449178159687,23.96513323902302,35.10046593081573,0.4311325821897153,1.7078405049776906,0.7193233708352677,1014.552601056381,2.528687459126381
2015-09-15,1.7677636996401176,14.731537769426701,362.58985836484345,4.844082237044596,7.939604299315923,1.3685417018290165,24.088541861804472,35.166727361972335,0.43010920587986595,1.5757340928736272,0.5127172417029666,1014.9642309879389,2.4784180888945047
2015-09-16,1.357631907690232,14.585580848383447,347.5162658297873,3.8394463760109456,4.428352543004706,-1.4847742288658843,16.058462990672606,35.06256295363926,0.18816739201040614,1.8462902451459595,0.40706674821144767,1012.556717826127,2.5448816412272666
2015-09-17,2.1022017519595435,15.09334541710702,348.8600129485178,4.1439161686988335,4.980852996738446,-0.6151996775851819,17.12189873725629,35.17084647975154,0.2683278704694677,1.6548167211541875,0.6578214127662859,1012.7755979333479,2.677941924666476
2015-09-18,1.7179612365348027,14.45194314913424,309.1030087985801,3.890370888909199,4.171460557506184,-1.1875421127210959,16.292615219589955,35.13960319261539,0.16330860075510173,1.658969049446775,0.6412961824858806,1010.0897685804124,2.5036355683420277
2015-09-19,1.4736635876047752,14.875687494317116,366.043137984905,3.698349436119085,4.164946583635339,-0.9775315838262513,16.737947171327097,35.104329781893306,0.22199954674875536,1.6814461116577555,0.5767190219846048,1011.6250634740048,2.10926479040036
2015-09-20,1.2859995221644445,14.244599764388465,313.09553406142066,4.015656197733516,4.169574165687461,-0.8241063425423453,17.54681127521848,35.19015780348896,0.22934432994910017,1.4786038390405958,0.4939062140899705,1011.8674486658684,2.1789165884383723
2015-09-21,1.1550035638914073,13.866865883673643,328.4527878444207,5.174489052716999,7.4214264067291476,0.86452764534632,23.706319804770928,35.05943834498449,0.37206048193194396,1.5657382454300277,0.45322072865252633,1011.1768000468052,2.474999661492442
2015-09-22,1.157307883637987,14.31103276993594,324.003299136293,4.866768062855277,6.972193908417393,0.350936693013925,21.697469786134942,35.06108344635326,0.4119962568827488,1.6454837569959524,0.6816688576955817,1011.9737032789152,2.6487345760185663
2015-09-23,1.5152898861667599,13.727843456560343,331.52492539633755,3.9556572489286346,5.022527802734675,-0.6839989667452939,16.863833413184835,35.10938405092507,0.24080998776578158,1.6721008948972709,0.44140411887312314,1012.8517313697224,2.6501547858389762
2015-09-24,2.2222578186342785,13.929689061838456,283.06539566504335,4.739304918188279,5.5488673857273545,-0.17088581327767585,21.79351467223768,35.01119171864237,0.2886965865225085,1.628959893776781,0.5142428174919473,1014.2027972891332,2.5159060044551773
2015-09-25,1.6785006135007472,13.374173036992811,321.1229330894103,5.558526481626915,7.00287438565826,1.0385661454097455,19.13864712422342,34.95943018349841,0.2975173347711638,1.811307523492795,0.5395071844219256,1012.4965006330325,2.801598109184165
2015-09-26,1.2179369726759062,13.33853452056782,282.8724555911186,5.536300151861794,5.638379604875085,0.40439783445335864,20.02923034447385,34.89263606197312,0.2920511554043732,2.2218403398435367,0.4189697393746214,1012.0419511771122,3.1259905254735574
2015-09-27,1.6736318143186257,13.214784456261484,299.6095159136814,5.567508241712764,6.89841991502655,1.0826929666535954,22.850495809692955,34.86175193286924,0.35298391867960555,2.160301431797189,0.446232243777266,1013.3179998810795,2.951313130682188
2015-09-28,1.8672977963221447,13.100959647179247,264.67529372047034,5.817545600361354,6.380418549505688,0.592930572500477,21.464145562073984,34.9194201685997,0.39713696848573266,1.9730661742513433,0.5726343945825906,1015.099072425876,2.76613358758378
2015-09-29,1.8346344595243274,12.99684279293257,218.76484318900486,5.85784267560066,6.474596308985567,1.024011735460683,25.89704369995016,34.869914951038865,0.3085617493994584,1.8400857541724407,0.668534701179715,1015.3698544540126,2.9698215912773005
2015-09-30,1.8977464461322306,12.798972371425421,284.5029373145161,6.687076627847676,7.639371963871949,1.6863686960434974,23.66463532109869,34.95794448538615,0.4311148631869973,1.9615103673098337,0.5202622495396598,1016.1429121233156,3.4257102668756634
2015-10-01,1.9954373154034903,12.905985280240444,201.67517014350364,6.123347437327377,7.1803032079500575,1.1865419666780828,27.16456416917091,35.0075422929689,0.41415528002016067,1.8045202086411383,0.5287581084008074,1015.9016068999337,3.121385018100814
2015-10-02,2.583083948532275,13.069684965923035,277.66816900063026,5.558056614478898,6.244740709444887,1.0626871393547543,25.142243783955927,35.00073138542151,0.4116686225951482,1.8948522999370812,0.5854397897143572,1014.1035750630507,2.4909637269945737
2015-10-03,2.1677959874744896,12.288179713807775,213.19372924518643,6.635827603247487,7.432842632188956,1.8719121085091632,22.61940883344924,35.06742634016908,0.3812313255616546,1.6880033423153145,0.41707845037255764,1015.6359876673685,2.8242524322673868
2015-10-04,2.4128968285261188,12.744684171647496,274.6263727844682,5.958026150835734,7.127458729652534,0.9917160386703994,22.94091327409288,34.9660323962257,0.38023824656069916,2.032965148195111,0.45484348691065485,1016.5174448680928,3.026025144728356
2015-10-05,0.8170496464511424,12.349290323727589,163.24940371509524,6.079294832260473,6.789180091348385,0.8294755771581543,22.378677932024583,34.85113329312609,0.36642553198905514,2.080418419689478,0.4392881142670165,1019.4911877152789,2.993491438455328
2015-10-06,2.249461320395668,13.250631117090359,269.33835730463414,6.539846430282643,8.192822846776771,1.7581923696785182,26.25588308600128,34.89326042865802,0.4478451764913397,2.1445191222774755,0.6040002523452587,1020.1340115732613,3.697193039855765
2015-10-07,2.219254344141727,12.61395066336864,210.23870871189388,6.276165949828872,7.516917976181082,1.2701350660362476,24.918917211488782,34.85489647356734,0.41790272694077896,2.0097172846159603,0.5236391434139548,1017.476105752394,3.6569643440807784
2015-10-08,2.2008736852041757,12.153115899398966,213.77906892263775,5.92628248918884,5.227778910566838,0.3668807844755233,24.30630285419568,34.85275059616855,0.2616343223439766,1.9942607928532083,0.5016141525910838,1018.0036277257453,3.5603964753806023
2015-10-09,2.474949126402579,12.174115918896828,189.74242144946305,5.594700294840568,6.3957315126301975,0.47809306840931065,25.575914986937732,34.91901104939237,0.31987371500327844,2.2487683452280294,0.5812166288495795,1017.5782529304448,3.467425307582925
2015-10-10,2.5314487174518274,12.308576355610231,137.85782018935052,5.606186283225905,7.051467250086105,0.04426787937184273,22.865751636691037,35.0033290092653,0.35688023267410107,2.1235273716228713,0.6299564130360968,1016.4344466512446,2.9969081420377774
2015-10-11,2.2938273514397305,12.480391104782418,232.41689603965833,5.619085246499655,6.405728853706715,0.5356781370952961,23.315824328293505,34.93135780523936,0.2821898783894455,1.941176619528928,0.48105481288921703,1015.2527313361452,3.0460479282465958
2015-10-12,2.4446336084145197,11.470386311269909,214.93384481164935,5.451484914320543,5.97660295368593,0.2678787126305445,21.609389321172916,35.01565406675534,0.2505468160695197,1.711718117894297,0.5437022706333823,1015.4418962147448,2.8343508732029536
2015-10-13,2.010565341594788,11.632696995299048,193.1029000254718,5.495243625185632,5.240054829002056,0.3801782569827995,19.017785921846418,35.04177434302842,0.2584850579944095,1.4195820721825139,0.4503024473361069,1016.7050495522705,2.831127079873376
2015-10-14,1.8189226802603353,11.921088540920643,230.99824281915735,4.333151058687716,4.015910718413585,-0.7173923984011485,17.498425925086863,35.09716013530928,0.1584990222377415,1.484195468445799,0.5274162243540104,1012.6149611398008,2.7287858849415647
2015-10-15,2.1032933074553632,11.816306733503996,211.59774697117444,5.337285827306044,5.357317308026145,0.022032681276088886,22.514544815633652,35.15452675259248,0.2276579923918548,1.3376492625588017,0.510542452761487,1013.3042473316311,2.4211984400893347
2015-10-16,1.9860288055022088,11.707065099409162,183.32227401664832,5.516922507158891,5.777511382153039,0.716606597027337,24.762763788612556,35.14462930110132,0.3129408853681054,1.4577751377013204,0.43822123994961315,1012.904228105204,2.6898583864529293
2015-10-17,1.442882822722639,11.601706029688588,124.8532814487783,4.508723986253039,5.017827237638213,-0.13679404445495333,23.604915130528845,35.313386163979835,0.2130155565721545,1.0803143253593706,0.37578445860180376,1015.1611835082517,2.599495793879426
2015-10-18,1.5387318023093752,11.862815924835296,165.3368957648066,4.839145324008059,4.695219402336252,0.11132123810050626,25.322456448405887,35.26339181753285,0.289666208649578,1.32681632536923,0.3632502913805433,1017.0659240148179,2.564663340363135
2015-10-19,1.540698358905294,12.045181328711495,149.40016541425769,5.758255767460147,6.287023928615051,1.3506801959198238,27.478930664605322,35.07229754894048,0.38945179902926375,1.8241734597581705,0.6242952926627988,1015.9329954767355,2.597033716005069
2015-10-20,1.6349835926411385,11.864610402840917,238.89455230305308,5.654027654386114,5.745798025011355,0.8765492652117252,23.609334279885488,35.100712149552436,0.2872540546355812,1.7413146063012728,0.4869080946820925,1013.0268468404839,2.907446135376397
2015-10-21,1.9428069135800756,12.188038629296713,243.62105964016212,6.393841032702127,7.422080077217966,1.42271697236537,25.67567597708483,34.99542701568081,0.4171257536035254,1.8023178574984475,0.438681726407335,1014.2891465115347,2.488782384698429
2015-10-22,1.9515120903080219,11.351665247097001,173.20488438051711,6.183956087877107,5.97642275791775,0.7800049382404626,25.457793318120565,34.926412214149984,0.2214818633828884,2.169072041524461,0.6464959922259124,1014.0634666280127,3.1030967059308985
2015-10-23,1.873889994283608,11.282745278313504,148.58634978737334,5.863026625864667,4.722922971804109,0.20550985822202897,21.78354362892591,34.78186238578164,0.31469534631072693,2.1263026843586634,0.4084363235568622,1011.4984126332413,3.114473462487448
2015-10-24,2.144218236544742,11.529965592630646,166.91545450741913,5.2454757553459315,3.781711662191579,-0.6253042680044567,19.784305731005098,34.791409359501735,0.2562455555650419,2.031995023288149,0.5954882463513897,1011.9375145190287,3.2382058241192886
2015-10-25,2.1068513026101527,11.471780443224892,132.8081061968263,5.701342986938952,4.317216728725022,-0.17007828552952287,20.167674848543506,35.045253948245765,0.18875466843196553,1.8566486855316955,0.5802463834077527,1010.8627572568581,2.7255072601130363
2015-10-26,1.4858103281316586,10.734081530918314,135.59028358853095,4.578712034351659,1.8475729801667105,-1.3986349098442408,20.4184802134397,34.95408889992938,0.20822432872812735,1.7850169485328038,0.5029095589864159,1013.2969022216927,2.7658402781341715
2015-10-27,1.0651150509434983,11.471856217821323,168.9966562847901,5.804125166748678,5.651681272789828,0.43277531014397397,24.747841731020362,35.04519405896395,0.3022002357810783,1.7582068631560643,0.49071763922843226,1013.0729263397669,2.8475433433003543
2015-10-28,1.1314024455236422,12.64664693098311,132.18130767133735,5.3000727005455115,5.707490320054455,0.018045377910804627,25.15432073158938,35.106565230643376,0.3083493951901544,1.9298227551020235,0.7321866531783633,1013.5716764379883,2.432872215322422
2015-10-29,1.1506235770420465,12.391241576596205,146.36733766635103,6.160024970842513,6.3493738560262445,1.0105823398536506,25.634896209314125,34.884265740465885,0.27386834541827615,2.4768296238662897,0.6748959559527609,1013.9946297501448,2.944915577882723
2015-10-30,1.4725378754143557,12.097774802214605,198.67250251753552,6.410934503989468,7.190825379721347,0.7795527015321142,25.768467964064108,34.778519440807614,0.40737720325065147,2.446764023494379,0.6973968258745391,1014.6490150980101,2.7538059307717395
2015-10-31,1.8936527323132635,11.76768389208958,151.05907835174452,5.884780214511929,5.490814929648535,0.47771101543334643,24.342084859036405,35.011300621471186,0.2486166306678793,1.9302429972106063,0.5568374422835644,1014.3234920350728,2.596998382767823
2015-11-01,2.2934921756073496,11.273613919064003,109.31684138055661,6.838503548941734,6.942381446716968,1.0601842973946836,25.904576125802492,34.86143620880074,0.3050801352727878,2.3532751326499803,0.5829117746124227,1013.1593950341364,3.1564219514690053
2015-11-02,1.9002070009990113,11.504680268609366,166.1059231019438,6.360306158079436,7.407942516157179,1.1757139791038953,28.519968625634405,34.90667914657471,0.3670999962588968,2.1215025190843053,0.4691561891525899,1014.7945797978224,2.9080304264418317
2015-11-03,3.8309752574337836,11.145673405441313,161.0320434340376,5.5734163518719235,5.510467944035816,-0.45156213327725314,23.67969178833068,34.89528300532359,0.2829696655215687,2.0706144131933026,0.6396141909703732,1015.8415093002676,2.9906459187047094
2015-11-04,2.1114733119752347,11.288028592625636,133.34119350469533,5.511316791601295,5.067545371526078,-0.21217471609634428,29.057200671151257,35.04247825942774,0.2460712540318251,1.8935324316014037,0.7418318130232017,1014.7723760227717,3.1455281950540406
2015-11-05,1.8563549291982413,10.975144356059928,156.3253773708564,6.534673285688735,7.037854295257044,1.1427558691281636,28.6743224404269,34.84276634246548,0.29882611747161847,2.1775802785596046,0.637033672182782,1015.3939568853452,3.1892792570626964
2015-11-06,1.7408224360876787,11.698967764831547,124.57334984396806,5.53426701111949,5.303728512640059,0.2987938915023897,24.603288627084027,35.03840038175456,0.24933239590544595,2.1106940195030823,0.7055334836199045,1013.9504559206488,3.03178463852587
2015-11-07,2.070794063443555,12.239202430713911,174.20777999573824,5.7955306706020755,6.172936251474517,0.4562377906545375,25.73968678058624,35.19224698605522,0.2965423848696004,1.8604610683281688,0.6915542131134763,1011.779445477981,3.3327537722228877
2015-11-08,1.8851905556771207,11.862801172278237,142.7237448016655,5.711392810039029,7.465309067078678,0.6047707499466202,25.884395850658013,35.12779778420156,0.3351645412256159,1.762802632270328,0.6815364553679775,1015.337130339221,2.9114094485320687
2015-11-09,2.0587991814295323,11.004777126637824,105.37306560992695,6.489092134078602,7.1920471963405666,1.543012641725,32.311040722486084,34.989376845445086,0.3626923926276017,2.019695060684868,0.668034833588777,1014.044638357373,3.2535143907452886
2015-11-10,2.3353604066407083,11.129687517756437,163.4457983276078,4.688271517470449,4.012315187930331,-0.8293438978156586,23.987252459312117,34.971859204612606,0.1695252807150894,2.0888916212076505,0.6846551847504718,1011.8282220810702,3.1587911666053783
2015-11-11,2.68125437990281,10.854636035992412,82.35580752820539,5.696866145896027,7.102641629372562,0.961526748250473,28.391813922825794,35.27889453848663,0.3404468032287825,1.4625299252069475,0.5707504998190053,1008.4885337606066,3.1038575513965965
2015-11-12,2.617158279158759,11.24705355655768,118.20032124857532,5.2355497430195115,5.672927970095814,0.3355609808334499,24.626842433234415,35.35694940654629,0.21360413006123502,1.3594606696632716,0.6031511133285877,1009.3032118293336,2.568379606271314
2015-11-13,2.302253567613037,10.686535133589668,93.46646729709587,6.939131302640028,8.175207090082182,2.308795752949501,32.63770444576467,35.449673826784114,0.35276958784287066,0.8400843509224525,0.6483994001685095,1012.9461606081866,2.6237536240350035
2015-11-14,1.9072872765664575,10.647945182602422,36.74618725716944,6.056614806080247,6.093603314331727,1.2960641829990833,30.38863266705832,35.42954811069685,0.28961762472235547,1.1867578097843676,0.688487449212495,1013.5794537217565,2.46921746529984
2015-11-15,2.339260518394523,10.580167441358364,139.6726842129097,6.223310887599369,6.743863385628517,1.2152296892392265,30.283721562331085,35.3266077331016,0.28937060219339594,1.25330813518419,0.6370047391705705,1013.4743355513757,2.4690361001492054
2015-11-16,2.976034242994726,10.483593539111416,84.9994019841377,6.6706181178233654,7.619105494923139,1.5479451331490444,29.700889932723143,35.2521475707569,0.31212838416803496,1.312659675240379,0.5446745958536611,1015.2371867099318,2.481584737016735
2015-11-17,2.4947883898967156,11.094332355080436,103.01557588247186,5.195645497360513,5.202928190233051,-0.03445603397761809,25.690764028452243,35.17105491304993,0.35571053883334564,1.7082884019270717,0.7089114355824649,1015.0469477953981,2.5666134225797643
2015-11-18,2.316144773834389,11.460951134817867,145.90451463778695,5.092952653467648,3.9371831478690353,-0.417535353444797,26.666357999478894,35.22231238261642,0.2065905108092361,1.567498617490124,0.7162570933663773,1014.926111158726,2.8605621890689283
2015-11-19,2.0790731584472883,10.664966325960595,135.08389891186795,6.538229054304095,7.906509979529213,1.5830097116543975,33.208523869872074,35.14195959738976,0.41354116124298695,1.8691119963815124,0.5434969967191554,1015.9167509220532,2.93324282033257
2015-11-20,1.7245796975329366,10.935854305405751,117.15123652847134,6.613548236791306,7.817840265978844,1.2178098283206844,33.02173020591719,35.00735402831824,0.34126972966934443,2.0060297833894287,0.5098188381637828,1015.6952754220172,2.8455648229084636
2015-11-21,2.041958600256287,11.610224604063891,100.26068599191657,6.359308210485576,6.774673036540606,0.5253242079442384,27.288691317816756,35.137724253272104,0.3302831887826766,2.118149976919817,0.6448381931414439,1018.523526808985,3.091675111128553
2015-11-22,2.140470876041121,11.13762602461435,152.41014223959263,5.953047446315183,5.549847356620837,0.15721026744594602,25.95161785569321,34.89500553809119,0.27147564375167527,2.332569215530135,0.7729888448560364,1015.3091815420706,2.81367141381471
2015-11-23,2.3160137306233612,11.685473645444107,123.8012419893387,5.729554027687122,5.805324267076519,0.10576934326472819,30.848144489823724,35.071047424380794,0.2932750120895182,2.1971939983287827,0.7374595800679734,1016.5666151680733,2.9419242031602226
2015-11-24,2.5621864375123358,11.737919117431849,124.95365738129196,5.486740511256831,5.065516635830994,0.21769043118916365,25.500164816270427,35.14628666780347,0.22089320757209085,1.819335974206889,0.6783021571710294,1015.2153158266633,2.7539071495796454
2015-11-25,2.3536287834261977,11.379989717538171,175.58369813257,5.101194961674419,4.1753339494845365,-0.9486391606622686,25.103530691056317,35.058887174831035,0.23059316195657117,2.0250073532622994,0.9020982832037499,1015.8729990614111,3.1424485341150765
2015-11-26,2.004087972970796,11.814296496881942,110.58623763848438,5.4454309748711065,5.489334131474174,0.2826489481822728,30.254076694098416,35.12593892840921,0.2994635746622913,2.037974926631344,0.9724218091687811,1014.3760780843869,3.4712126275738204
2015-11-27,1.5736220847573894,11.23928975775901,135.3043689961581,6.302818480844921,6.357168209598983,0.8906634700202185,30.275866191085615,35.236988720444835,0.3547504413856872,1.9041632597108513,0.6783232741953542,1014.4619766680822,3.435809342600377
2015-11-28,1.8541457992080494,10.413762128925594,58.32679680078755,6.575266015343738,5.9258666158743445,1.1273950556779007,29.542858626802577,35.050094508776866,0.3005248857856705,1.7848891044542379,0.5974984368362188,1013.0181276766423,2.75888799790244
2015-11-29,1.855377716398276,10.85049520152206,96.8800453765747,5.738960005932477,5.887640707803347,0.6888294545807877,28.9296428859645,35.271884567565934,0.3411342723228773,1.5675374962084239,0.7155893032253102,1012.0436071884411,2.685383053194332
2015-11-30,2.0663809769608728,10.703164294074952,99.35002810825407,4.8710237050440375,4.467964654913883,-0.657064822009999,24.535032291567497,35.403330616332,0.1786129357366678,1.0426822158901297,0.6627271734904601,1012.9585073151749,2.664365907361476
2015-12-01,2.1263159392992033,10.950897582104202,98.81075447344554,5.538568146697553,5.181195938451388,0.36112387493871634,29.438233967144058,35.36119379895149,0.3143573817603325,1.3988445479841671,0.5198829896814328,1017.8785448290836,2.949939629889431
2015-12-02,1.994034306649426,11.160336270689873,13.494324289449722,6.27978137663792,7.339651605864491,1.5317517822822038,31.349804563526554,35.244556588954005,0.39507896572827866,1.357167204661183,0.6138531767704477,1015.2075576674166,3.0178878555928144
2015-12-03,1.7920139525369372,11.353330025848678,146.44306685150843,6.6745102869075765,8.56018361301112,2.3841250273091883,33.565232438764895,35.400718665300715,0.41913194834683337,1.3131321177467496,0.7959561686448311,1015.0610870578171,2.8989818268732885
2015-12-04,2.285412022984802,11.212422214259291,99.50278738379811,7.351514246500439,9.724345387731578,2.6640463282637805,36.9760137253699,35.17457501504358,0.5252870365965148,1.5882809594677427,0.5533135280794652,1011.6170724008372,2.980483445158879
2015-12-05,3.145403088314154,11.515558344811929,124.10839737323755,7.331372586121141,9.142158101411683,3.053774432614016,35.79556216289409,35.26432628401812,0.48967829962589227,1.6385848537401508,0.8298986745002598,1013.0231142696206,3.0950159222014717
2015-12-06,3.7624227319740027,11.141245235451485,108.45563459689716,5.975470558839412,6.956218793727281,0.4543360810049274,33.27892858260472,35.046348306501194,0.30627133372658494,1.8297868085077953,0.6435911378672872,1017.0931493543478,2.645662727349312
2015-12-07,4.303952902856654,11.3110083937877,70.7397686405549,7.382733503891337,8.315313113870793,2.0238423541579142,35.682813364825634,35.176048208007394,0.4617175517985186,1.6878497898237297,0.832921608427177,1016.1923988979443,2.7093847491116207
2015-12-08,3.1880504171842947,10.835561812146672,74.75122275584295,6.256030990286118,7.453590171355894,1.7983478430280813,33.42201252888367,35.22610594557714,0.3879180985270774,1.5387577094123959,0.7193806867893223,1016.303368942258,2.237799868759922
2015-12-09,2.9082005635501806,11.278657318247044,60.564843576852816,5.69960731191208,6.584201280469365,-0.10714333881031124,32.56174496787047,34.96585810843757,0.30030124143160636,2.088378721958432,0.5837694084792149,1015.5253086280816,2.9588108779370783
2015-12-10,2.8424740318389796,10.790818036660255,91.46265045909989,6.208815815403066,6.828356774855798,0.39021445232495156,33.00378459396819,34.93048376013537,0.3561906570826981,2.054070532042921,0.6787546614041675,1015.8333648131716,3.0604403800225244
2015-12-11,2.5556457385190483,11.579040918973773,106.92293418336229,6.047762896233392,5.806251607515989,0.06241838085057905,31.286418777926908,34.95898147673975,0.3445061144251641,2.1020333490962564,0.8712013829401566,1016.7306817334829,2.841562530425768
2015-12-12,1.7653289677264674,11.693176986682912,109.9224593261781,6.28665618354783,7.151305167649218,0.8539222111884948,32.25751781581671,34.9267307806092,0.3354994372774553,2.248667997657058,0.7454109200790101,1013.1783711106214,2.803812342729098
2015-12-13,1.9854265558338715,11.403011541793012,44.07104697508931,6.046616538985113,5.817538483110315,0.7349154123993924,29.72335742944163,35.02089055289492,0.3606687740571065,2.1394603070450042,0.866781912860646,1016.339415003986,3.1613815716905598
2015-12-14,2.213511348882507,11.20368932673955,109.15057404626675,5.880621390004896,5.807545417784129,-0.43926259991096206,32.44227158788378,34.97299292471281,0.2574840139763607,2.0741878544514503,0.6883096073626809,1011.3273774715803,2.746749820768963
2015-12-15,2.504107356368623,11.131192365827342,93.7782214636864,6.125211094151577,4.522780626286721,0.014272716638044913,29.25890061173144,34.91362694305408,0.2271833602658778,2.408627657632338,0.6145558349896533,1011.5101735000231,2.8567317174889095
2015-12-16,2.4495962902339383,10.549480132500438,39.35077185640579,6.37058475554701,7.761080230417141,1.304188887629168,32.3790443765893,35.011834462131056,0.2843049990424414,1.904103694670061,0.7252484090142112,1014.8940963971488,2.4062062099227384
2015-12-17,2.3348887967294005,10.019740560839496,58.206070193453606,6.292545848475172,5.129382512009814,0.20501731942959844,29.087493791204555,35.02345766165252,0.21055336902677513,1.683051846727031,0.6887271765697291,1012.5017776899981,2.6941710466405158
2015-12-18,2.413430542385991,10.640598684188856,58.72757721302443,5.187194188137203,5.097596015196352,-0.301624555105168,28.71122965877477,35.184485060114184,0.24329981563737382,1.4275361161666242,0.6428376948340923,1012.0416037399381,2.5604546836433015
2015-12-19,2.1453578497293444,10.518533255726181,96.58286595002292,5.31461940098347,5.497402196403717,-0.03917567732667593,29.43464907168105,35.200077705850696,0.3056054956777775,1.2250694581239068,0.6061441279455013,1010.3127065695668,2.964630674788847
2015-12-20,2.4403176535166016,10.6715485158783,72.18493233391997,5.33836667311629,5.679308323068392,0.0018892079566854153,28.921076253216928,35.07168174572547,0.2844770922895265,1.6503861499982968,0.5208144800878158,1011.8929130826713,2.822516169954931
2015-12-21,2.421498960228507,10.389881649340282,8.0,6.540313879626981,6.735247417401639,1.1724506768350358,34.55862059740829,34.983631623279436,0.3274688362014643,1.6995051292287169,0.4805650908367764,1007.0115032740564,2.409201922303484
2015-12-22,2.1995158557021948,10.56782578397845,64.72311633689705,6.4724945046109355,7.146864547291433,1.0265651500131003,36.416249421156145,35.11058497225571,0.31399050818962093,1.6076301527415744,0.7105589856989037,1007.8211140564318,2.80575854947917
2015-12-23,1.988376395805221,11.306655112369038,51.77296877107977,5.527665454308303,6.0197572569375435,0.18422866113027223,31.696167306646803,35.21508724387867,0.3374572541778426,1.354776226010502,0.58704135441049,1007.5765068924104,2.7953825247576862
2015-12-24,2.315542847658054,10.663910354619928,55.78461448545254,6.258033951097464,6.055346690081147,0.7172975483693664,32.45760914203903,35.07168392760155,0.377308345638363,1.7694986668689716,0.6970687450050719,1007.868619911833,2.6472174359927876
2015-12-25,2.240753287142364,10.675908449007627,34.548324649629016,5.555465165266052,6.564297611897923,0.3477557129822912,30.92658326943548,35.15272183608439,0.26778592181074184,1.7091218418191163,0.7954538354340743,1012.898488366001,2.5079258408978276
2015-12-26,2.1820459726948225,10.95222360082228,71.2405329478955,6.027706183874841,7.053213181935326,1.406771534831159,32.853876147246176,35.09525063703162,0.4008431571321,1.7072078604668361,0.6590680005948759,1013.4215724618625,2.665225633005752
2015-12-27,2.332423927681573,10.63666070725498,15.257678568667863,6.9231572135276425,6.758081238399693,1.2244318791331066,33.34465413424384,34.8890850731696,0.39060443369987985,1.7421626508801742,0.7340608232277814,1014.4753583487785,2.5326149625944505
2015-12-28,2.6634856170217787,10.455029636870819,64.53205398964944,7.423671868022898,7.551528071402078,1.3870462246359643,34.57678394253929,34.777699004362965,0.42318743271577886,2.276788036557732,0.5949930090050044,1014.0496798154726,2.676207602859604
2015-12-29,2.6065296312582227,10.585190927873645,44.35623619637061,6.015456358363265,6.992988839776674,0.8385194305355753,32.387139361689464,34.89078708022528,0.31019117628596726,2.0245049367362253,0.665664365177906,1013.5468206175589,2.867186874777495
2015-12-30,2.3941473742244592,10.531256535530579,46.95207880702363,7.225411564068796,7.989521507670056,1.795625368920743,31.87719346062018,34.72224598758349,0.4388446995122689,2.406133651515036,0.6000266749172888,1013.0792721168476,2.9164969239023906
2015-12-31,2.6869904601965486,10.92800950960284,81.82317102544269,6.453182302663197,7.0849181295968595,0.5094515358762403,32.1729275426377,34.807177727525755,0.2681530854847573,2.189931578258352,0.6347688205505431,1015.5591420668927,3.0021824927334877
2016-01-01,3.0785261630528575,10.966881165784063,46.42861147367836,6.609586850145281,6.956231924315767,0.6007026048136004,31.976659905984455,34.821072911776376,0.3158279217343309,2.168662500666958,0.5645693670693582,1016.6008069361446,2.9303851659321283
2016-01-02,2.824169933731143,12.211676342364393,105.88485375630947,5.388812198538149,5.408996619547077,-0.179660799896137,29.845030555422408,35.0265945458258,0.20167529967494385,1.9870557642244737,0.7768452546270768,1018.4582917028368,2.605311405177464
2016-01-03,2.749312218263913,11.843792204069874,110.91506200383644,5.206226283580688,5.242712060128451,-0.19139295604313913,30.03232838575319,35.1740596834756,0.26030149244525647,1.4630043033186935,0.6041685346536804,1018.2825356435781,2.3098281019391607
2016-01-04,2.0732260376730167,11.902163759025864,111.3671869826498,5.479463995057703,6.358399037775419,0.13228688690295942,33.39306128373634,35.14300988841247,0.39975818761094506,1.563788340115409,0.7280751146595644,1021.9995189607985,2.3169168671706593
2016-01-05,2.46177009796218,11.328042930940414,104.67623137356118,5.797007363100482,5.530176760044262,-0.14959455696772261,27.71744455002247,34.85139965475743,0.2904089640050048,2.1434780810611698,0.6423392285201862,1022.4962804738725,2.759076589725559
2016-01-06,2.189298831805314,11.429856715867928,75.62801351209464,5.078254897864901,4.005197342484649,-0.7954894715755576,28.047536219662444,35.07234422231196,0.19661066739858854,1.8396351521189147,0.8189925348246238,1021.4645213542334,2.7501432283821514
2016-01-07,1.985957919870198,10.677325904726215,17.85397567882896,5.353505414213113,5.609006357556155,-0.2963602511699596,30.65075998947095,35.02714176933534,0.205916130609702,1.7289192326486946,0.5994995771913832,1019.6302427590473,2.7316719014851762
2016-01-08,1.8732326805181854,11.0389391276462,49.30102009414881,6.413484585633205,7.271848652124273,1.7059434372332143,34.30480679307522,35.154198064968284,0.37195674916201754,1.1327887583546619,0.6496836547419472,1018.2722179836811,2.2053640239939036
2016-01-09,2.391169939106856,10.707970171502629,70.31182770793981,6.2296323250867935,7.619075315499224,1.4611566038887958,34.62204444347607,35.05984149135704,0.41793900028710546,1.605658742325183,0.462816903966601,1016.0876129583816,2.6739965013893814
2016-01-10,2.7634130218708224,11.321034582606053,87.32781874761366,5.8532371831567245,7.434281713503324,0.7862679788297012,34.443525118629,35.115421042993304,0.3240664917805677,1.4768354538534083,0.620621749364965,1016.9858152806967,2.5777802343816703
2016-01-11,2.8070691710739166,11.829844266025251,96.52731797126896,4.440442906535164,3.3037099310010274,-1.215851230765346,26.26498581604754,35.199926288256336,0.168447162573295,1.548381961098871,0.5811507442911239,1019.6183607415741,2.4203659261382677
2016-01-12,1.9890024028929139,12.245461359374106,55.54556369929395,5.854461430261377,5.594568521576902,0.3400626157233712,31.919082535269226,35.026546779500656,0.23486742970010188,1.7902646497579418,0.7013705598760559,1017.7480576788731,2.625823991525703
2016-01-13,1.5355754855905448,12.23807185916075,120.2352251353552,6.115633934763644,7.535802767155695,1.1485598585732044,34.04335190380321,35.16183858930658,0.33329416551769553,1.5080869338388672,0.44250183748479477,1019.0641296831612,2.50517857828646
2016-01-14,1.5005048542281119,12.534257303244582,111.01455439485271,6.096618183890665,6.941232723282769,1.0140511619029238,37.03707272949954,35.136752915945706,0.3979489469842027,1.4408043455592439,0.5829417090150237,1020.9775291048495,2.2382008485391753
2016-01-15,2.031159056396022,11.72838727397997,69.5409068067773,5.899199522715576,7.522361699291548,0.7109516669078534,33.25210368545772,35.14753963519342,0.3805886756533822,1.7727752189117443,0.6284903088877811,1022.580317901868,2.7149142553317573
2016-01-16,2.4892590884704435,11.635913691933407,97.6997502581372,5.047000933654528,6.060592549771246,0.2294663626050797,32.01515062876088,35.078564663343975,0.37049070157989583,1.5495834613994215,0.5514139212027854,1021.1084837402631,2.3908609844573485
2016-01-17,2.0234382915307108,12.207121270537689,168.73822432032256,5.248553244119669,6.758704764471651,-0.2745230592800827,33.317985949352924,35.236441518131016,0.24112055785064263,1.315129252467782,0.6063634437494918,1021.655547885594,2.203869302364311
2016-01-18,2.449837635301578,12.470075594898677,109.495151598654,5.192396755103827,7.320252182512939,1.063360553543619,34.957250033658084,35.361189196396296,0.35058930570720226,1.4659259131177689,0.6945928092328486,1022.2391504767671,2.6670095641607383
2016-01-19,2.106731405170633,12.212803892638021,99.67882679337094,5.441792497406517,6.655039657750565,0.6793902443418258,30.914085298655607,35.16134425365539,0.30554495501857676,1.578902943744906,0.6636904793779004,1022.0276731106776,3.031195071486591
2016-01-20,2.14994073190459,13.089951991032343,148.91002842308757,5.426209374286798,7.227542759156884,0.9183064931585354,33.12168345934675,35.33900499369919,0.33024617760375424,1.3017543256414672,0.7392498556946484,1021.2354628652452,2.778001123159169
2016-01-21,1.93484636606817,12.90217857661365,154.37764757454448,5.180644924032604,7.376679523643781,0.729952053288035,36.61760397304687,35.27777869955129,0.2684922578704442,1.2070080884107433,0.7224164227666356,1019.0621232221362,2.4276466178846885
2016-01-22,1.9890667856317052,12.22695894436921,157.67868366539534,5.867198147420185,7.434785452757778,1.2287579161269213,35.08746069906958,35.22180850694454,0.3082755260088399,1.2124644741556136,0.6293127505702142,1018.7850023563885,2.5667721726968047
2016-01-23,1.8569429080982234,12.234764020499993,54.159490338614084,5.466862869279041,8.026681436946122,0.843925149935058,33.97609473905619,35.141518204403404,0.33456044680742014,1.1610938560924213,0.6166109159317759,1017.2899285116356,2.714251684343166
2016-01-24,1.8575734681656033,12.177482662572425,69.11980549189619,5.744789397739123,7.120700164359043,0.8445269693623983,32.74566929169506,35.16946041128836,0.3089823645262447,1.2931950367766274,0.5321919582921,1016.0718362324708,2.906042697521879
2016-01-25,2.556268728361668,11.988312626481186,87.29917277407564,5.593456412036919,6.582077759780345,0.5533934012593037,29.663216403074667,35.05271437132479,0.32015279630060406,1.6726071333236026,0.7347496283462309,1016.2229235428802,2.9589487336193447
2016-01-26,2.2762743849041653,12.025129675946616,101.56990245302708,5.491064319596866,5.312019312677738,0.2787142754827443,31.398550068020555,34.966642234691925,0.30290856595434557,1.5897449313137288,0.5513812286780165,1016.3984933477534,2.732594660529844
2016-01-27,2.459559831186255,12.140106567675648,72.52895877261503,5.4619061525959465,5.120199018106475,-0.04390181205719079,33.18618725237994,35.087524527751384,0.2764387733177206,1.321355634550558,0.6889050782777861,1015.525410715564,2.6263951202071745
2016-01-28,2.0996240673182487,12.32966264486671,157.84718216639376,4.575015176114006,4.380126563790353,-1.0589930036804636,28.722615046418145,35.07032914985589,0.18850542579243618,1.4828790074892964,0.5132450491914473,1014.148121846459,3.094449725102718
2016-01-29,2.0699946191109966,12.475502849059607,132.3360949074481,5.367690166814884,6.337636864571561,0.2922710336447263,33.039543447361865,35.073669362253845,0.32947824156049005,1.5598397384449734,0.5308407345267212,1014.3202061092496,2.879147124033554
2016-01-30,1.5597851079879683,12.302869881789324,232.28390143053693,6.407137151399793,7.013147345536249,1.3061559025635434,33.251437735904716,35.00843636656619,0.3789252626926063,1.654847286875421,0.5499616949461744,1017.4539441137011,2.925358400567028
2016-01-31,1.782672053099879,12.69724691497675,104.6681752988707,5.662435056115621,7.036469565192316,0.909748650833255,37.32198486222814,34.938336632388605,0.36697387183922947,1.8316641555808948,0.6449022616217444,1018.1455361106871,2.522286453785358
2016-02-01,2.0201466255103036,12.78575752976953,121.5225557472029,5.517844283394957,7.87266794009945,0.9060071908456854,35.103416987345916,35.12764169827178,0.40388459031713764,1.6775140079464186,0.4690045132829773,1018.0839554648903,3.048058482331295
2016-02-02,2.825838089709932,12.432478188599175,93.33119014530202,6.4855500264557495,8.651415448898614,1.836634874697919,34.1580360791097,34.92204615066192,0.392147379757792,1.7961115798471172,0.3920856988648024,1018.6453679708824,3.1426540418167073
2016-02-03,2.922133175186499,12.392699738467124,126.45628536969956,5.248585358124974,6.555010892798426,-0.0952597969224982,36.468484980424336,34.814539462110794,0.37184090336294484,1.7324812303713761,0.5591799885343525,1016.769140139661,2.898217729234198
2016-02-04,2.54307088551926,12.415868071955613,137.1155139094556,4.922707995331375,5.7613995381985035,-0.57701417227166,30.78148875468732,34.807402671811104,0.24169061302714775,1.8400963449222503,0.49803558053073615,1017.3195428828145,2.9924600264719787
2016-02-05,2.199339965926915,12.544722377846977,115.10423557445942,5.006382292477587,4.136612786538613,-0.8217832250465099,29.238613135676655,34.87929859936158,0.24060979699276042,1.5303820448653016,0.36613944628797257,1018.8140826853165,2.8577984510246957
2016-02-06,1.9051133632925985,12.928471922836275,150.4786429238529,4.861359263325913,4.809640094478649,-0.44051980872795427,32.068137718240095,34.962452127330856,0.2915605097264028,1.821282862261477,0.6374485847583423,1018.1566419927641,3.1522896161898246
2016-02-07,1.8451996273063405,13.66546965235256,216.31942175184156,5.156029514216223,7.21470287021287,0.35535534590683926,34.78830315573081,34.93865374214344,0.36828819901567755,1.7142509489155788,0.6304492943686306,1019.3482263741007,3.2134940267838896
2016-02-08,2.1072701834804786,13.647501741017347,213.59308564614486,5.552806526307096,7.729983348567524,0.8868549298028217,33.42442858781544,34.99244230993193,0.36501625998403936,1.5391074461109007,0.675676192423565,1019.6562385488251,2.799754337203844
2016-02-09,2.127632496815205,13.710898756491412,150.80465173157395,5.855822791735745,8.653884442912954,2.138270900904083,34.75028054973811,35.11046143521337,0.4253996103973916,1.3869907235871735,0.5098043890427766,1016.8441083099166,3.462262333848215
2016-02-10,2.2461540644923517,13.315498865599725,181.23457741557507,6.779494227532723,9.918848161914774,2.7563255249797813,40.0453554229742,35.0879944562784,0.5030419036880031,1.5551656186188634,0.41600896156763917,1018.9118295880107,2.774616191142875
2016-02-11,2.5893329999799586,14.186430092821553,178.90957992025244,5.327213661833605,8.566543813780369,1.2656834957384118,32.788338564890516,35.18722343655722,0.4070346349345312,1.2975031797323078,0.6535168041088113,1016.26092630942,2.5778579857507675
2016-02-12,2.883601143217356,13.765714152066275,237.21051488211276,5.25180024359133,8.109331450725367,1.2474616672947998,34.56714094648009,35.12536021428697,0.4075434092956335,1.54984581625179,0.7333664713726288,1015.2468691374884,3.061319404832055
2016-02-13,2.892398774802802,13.681324032779635,205.9055050149289,5.219992428650151,7.073564961106401,0.9107964726431711,32.55194390742044,35.1135181001347,0.3414836045293459,1.1145884629901532,0.655540996805186,1017.9034250198953,2.8061776854405385
2016-02-14,2.4146389434985407,13.733267278794406,138.86862146314405,5.025229867148805,5.940322209293176,0.22557021852221076,30.778767126484226,35.162740496131974,0.2946211925690065,1.1619731428126094,0.5809300677504428,1020.4684315306918,2.735432813309223
2016-02-15,1.9262331861191844,13.924367911779212,224.46399902140533,5.791328078317379,7.534538271204143,1.4668399740866642,31.81285352112112,35.10589092725329,0.3716792443162052,1.3501852038032662,0.6394829593648614,1018.8249507793737,3.1658938320747576
2016-02-16,2.2373656672395916,13.670447062383538,164.10181456206655,4.783003531518609,6.544328447766816,-0.19023341639381935,26.12429261396118,34.96059572141034,0.26603278347993026,1.6646371507500155,0.5110675725980621,1017.2241433777525,2.9570556166075144
2016-02-17,3.002719144120511,14.773737880434558,237.89591338254834,4.511428830229119,5.524385330525404,-0.5657165790893669,29.376699611548723,35.07377731813882,0.2663302516410573,1.452667087914766,0.5960316250274362,1014.1811723967953,2.784480900367046
2016-02-18,2.2346974101714356,14.831416484564162,273.10043490141607,4.499239529604356,4.808734488922079,-0.04214302242357215,28.295543305796652,35.17011623141574,0.22510448120201637,1.3370752146204894,0.5646956069612148,1015.2763580458236,2.963045860006021
2016-02-19,1.7705336444536333,13.874615935768556,152.09198557603926,4.303285633726286,4.526309462575683,-0.9516166075505262,29.436661379039414,35.124857688711835,0.25255994783499197,1.3576100600711627,0.6516798048825244,1012.2772452001667,2.609352910609315
2016-02-20,1.7292745203826556,14.099540147983118,156.16177616536788,5.1443785891380385,6.464142999909657,0.5952558126436179,30.007241458415557,35.201844729401216,0.27100155631185946,1.0382842108946102,0.5863395469650974,1016.2849023987459,2.498242708955847
2016-02-21,1.6637053635087915,13.816652420373586,190.52160656485717,6.175754617037359,8.919208068436252,2.294255662482777,37.523398117368224,34.950066776793626,0.4555856127795907,1.4088981307813422,0.48402139928078575,1017.1992426966874,3.2384043022321904
2016-02-22,1.8533820919781656,14.227052880948337,176.25505715767582,5.351841762692585,7.355785209289698,0.7266794381681927,29.625852887192092,34.92950666062639,0.3227810112566006,1.3148905492145644,0.451063047550316,1017.5899135254047,2.8969530245513977
2016-02-23,2.4804002596664776,14.090901586486025,186.86622822289618,5.720368506317509,7.9911739803949295,1.3572891408953713,30.03958334446031,34.99426812446093,0.40065977857415,1.3374297506220383,0.338659873800131,1014.8316257902976,2.5189145062751095
2016-02-24,2.6833516718805486,14.699299039268077,281.78187725592625,4.970706519292433,7.4337710236868215,0.8605282984485312,30.6614987238517,35.19188547443816,0.38793366942977237,1.1351290483464327,0.4074317585170187,1013.2708646875312,2.2528237830562388
2016-02-25,2.3023512677397107,14.3153137745023,226.0552768295589,4.417238234011397,7.285222606716132,-0.038167117891849955,30.59821638262143,35.07881004076605,0.3295568497489188,1.1775213943685385,0.44939854745694063,1011.8574026780934,2.187310167155058
2016-02-26,2.422654316963249,14.55663277157052,236.25096966059735,4.439542299939101,5.556165331199117,-0.10409331682011165,27.762803265235654,35.0541065333194,0.3111499757554339,1.345364797139385,0.3182844245091424,1012.158486479588,2.546094807801059
2016-02-27,2.298505882488843,14.12647936884569,235.23424738643723,4.581768166056651,3.2128549760904783,-0.8645997352649166,23.15355178727433,34.86715837126407,0.2511926942943936,1.520832987537292,0.43258712601569366,1009.8307214590196,2.894288985472351
2016-02-28,1.6818246925768905,14.13945608889289,208.10494137381565,4.5223466939520796,5.852153056685689,0.10882823662883334,34.517241698042966,34.964842517651135,0.36212538355840446,1.2397632746505485,0.588509947975401,1011.4045517386439,2.33967183718091
2016-02-29,1.8110509720385775,13.845373001108653,129.83509731945594,4.597843569109501,4.848927266542515,-0.6782530212256281,26.264455466316285,34.69121305142312,0.20516714152093113,1.6318193946647495,0.25308342563134845,1013.5027007594265,2.792986103798795
2016-03-01,1.7607453467261724,14.478579685829624,211.3358632228508,4.582977052210381,5.325199942227081,-0.6819767652099076,29.21646387707731,34.83252313186996,0.3210592492173605,1.5426349736824527,0.3714844792011658,1012.1965575453614,3.0456244751433217
2016-03-02,1.8421725352741938,13.871401612570299,184.38299319316968,4.746851878761245,4.875579873151209,-1.038904113111203,26.72643097974103,34.75223239347435,0.26974960006694637,1.7358899549939975,0.3544940916852423,1008.4847577245517,2.9874248515600876
2016-03-03,1.6223269573215164,13.972160936961208,136.79885233126677,5.132919258910125,4.729757306768894,0.16893456881378027,28.73629951847675,34.771893300291694,0.3084259830410759,1.490002394980097,0.3816960486361306,1009.8052134646549,2.5933570091131966
2016-03-04,1.605887597143336,14.24464103713131,229.50764606270906,5.775861029759658,7.486200558032165,1.0729662528947985,28.074999113165923,34.90528892056934,0.33898749314183024,1.400063930764508,0.44036887951057385,1009.8925581296702,2.6255350260495955
2016-03-05,1.9301154051896534,14.867438361893932,276.0668926709508,5.7537753213959375,7.419561994929955,0.718294422153051,33.9273190946121,34.975618140492536,0.3441467410318561,1.4534266433265675,0.46183466761193814,1010.7418554085124,3.021079918483112
2016-03-06,2.5281990263676897,15.041154474436757,266.98684022418473,5.692066400557008,8.847356418705862,1.4633362795492277,36.73800516326834,35.127540885231475,0.5201968907186776,1.1908357355087509,0.492281460232062,1011.6170360079068,2.4827800772713897
2016-03-07,3.033516661236015,15.444012165116957,239.27416042810674,4.818625073300489,6.70312915069348,0.5477772829769458,27.76404602962813,34.960946757545784,0.34253904894642756,1.2172159442076091,0.5101026028072625,1012.2280416264053,2.4865618890721612
2016-03-08,2.692390149027602,15.740150522420484,234.81182005527523,3.658530043671141,5.1778783755738695,-0.8438911212466528,27.02633084931477,35.129878645089505,0.23767172225120045,1.0847471393751937,0.5578552843536386,1012.2275014591052,2.3386715003661513
2016-03-09,1.9302432230113373,15.581939515702006,272.2530413236287,4.6811496082808794,6.253597486023562,0.43972357620552405,29.477283115017226,35.15789352744158,0.4246442248853838,0.8800158535045095,0.4657459696591004,1011.4799385937004,2.416748315410278
2016-03-10,1.44065628471785,15.659938474521274,341.40189998569974,4.5119066510584025,6.817901764472034,0.5196462175009603,29.54621509152556,35.277911052641585,0.2735693842731268,0.8223880854474596,0.6095842650617651,1011.0964274178164,2.054462179108307
2016-03-11,1.5698822545754911,16.383719575653267,306.7624617143815,4.9389557190560325,8.326696752596416,1.198028531004683,35.11171503992177,35.230889606552516,0.44899592840000224,0.9562186639787928,0.5427141889314603,1012.6888631577087,2.3176296849897073
2016-03-12,1.6713680083154934,15.987297716240088,273.2159471738218,4.357996110541766,7.1334231794203475,0.4762658235883475,32.433504455336816,35.16357246776966,0.38049318802336407,1.0803499435983477,0.5117255349015581,1013.4089344864927,1.8748099392744308
2016-03-13,2.1864476895302967,16.15756683326152,361.8846760152352,3.285176908545776,6.426529620679806,-0.5985560697889566,28.50081919672675,35.183612592217344,0.29284525862387967,1.2035521108423923,0.6254004438029633,1017.8667706172316,2.2931439446207724
2016-03-14,2.269118107776503,15.46441358657338,262.36944051971017,5.146193856473442,6.859407621293364,0.635990921013873,29.462612937123865,34.89352056139924,0.35762304277429796,1.437890369308838,0.5635707315912627,1019.4780949533362,2.169857350132467
2016-03-15,1.9947353255438993,15.341753163741172,250.34099860314012,5.22436152025015,7.8441836411545225,0.6298020656304488,32.48372826790709,34.83672815673964,0.4368929050297908,1.3309781175402544,0.4067029262865436,1017.1176985249602,2.23402016126144
2016-03-16,1.6057940211405648,15.862292984993488,369.53172500759473,4.135759258272886,5.911837886876271,-0.11261156355903523,30.50532284491083,35.01504596645925,0.3597677401462687,1.2073948894199615,0.37500988515851985,1015.8011684318087,2.4243249911553226
2016-03-17,1.6066199434719586,16.307622458252276,335.00773720968976,3.4375580910990373,4.972751493656287,-1.2920438249309498,22.96792825388563,34.9909748595559,0.22228979073220587,1.337956882403289,0.4600280933691976,1017.9109926278807,2.6606846362601777
2016-03-18,1.8667877089105325,16.502811441510435,284.94113396649175,3.0034214450905306,5.705208623704686,-1.310939935363026,25.7925683425528,35.10508483128162,0.27138593122214905,0.9951348567625616,0.40591412030743157,1017.1179566428449,2.538502093602674
2016-03-19,1.6921341666922258,16.720647690369578,339.1303364384349,4.419960381569901,6.6875489480924495,0.4170836772576826,28.986597548362795,34.926046057285845,0.3148216600357887,1.238845073574058,0.395872494000291,1017.6340085440496,2.6235129452009915
2016-03-20,1.6765741783044188,16.443832422260723,337.31650755190384,4.733868485017374,5.7471619505735765,0.12269809139431304,25.4396191866713,34.848991835677516,0.2966634170751656,1.401174793356355,0.3735185903299244,1019.1731659404383,2.875378224580903
2016-03-21,1.3393592624501796,16.740551414041438,280.16740903102544,4.076834159159411,6.46399712877917,-0.22721096396401105,32.5095651025397,34.92746278406431,0.35846638853192925,1.2067925606221033,0.4908321863429271,1018.6327812146322,2.4756906493057595
2016-03-22,1.6708452523466817,16.68997599304135,314.15217869376096,3.7948348442504125,4.9507326810218215,-0.7902266222923316,28.910822444656752,35.073477502262364,0.2673837465253446,1.0268441465598848,0.5202722067973579,1018.2024105026283,2.2599467606737904
2016-03-23,2.013320243030039,15.970156704859386,289.9808270393234,5.061736457557998,8.977721948455418,1.0803948324970825,30.94313602913733,35.07238921184516,0.38019212067875563,0.8488684800453264,0.502239247061182,1017.2428647630234,2.5469720912761193
2016-03-24,2.219514060517349,15.993851117409042,323.96653834875036,4.348582330365201,6.097970173302248,0.5135914891111638,25.50611604342554,35.125311142790196,0.3454130572717434,0.7909720973195746,0.3181632538206075,1014.8684570774767,2.24907444112889
2016-03-25,2.3031350827193044,16.48997624130483,323.60414036152446,4.564353164748677,7.62298985535035,0.8600136009792867,29.464064617746157,35.187719195904045,0.3954461944746,0.695128166680831,0.3933037763985844,1018.5290302560136,2.6840390834114936
2016-03-26,1.8513093919265313,16.445317075858867,338.2657510754951,3.895333567202864,6.157271704934309,-0.24837232314012345,29.27656663792172,35.265808058641994,0.30395954941446623,0.7549741179561158,0.4202352661824584,1019.1499821765537,2.283557109034934
2016-03-27,1.5188660189874754,15.904273917228526,279.73482714360256,4.076635019698973,5.948517547683899,0.43974958139523757,26.76061094287983,35.27587775904157,0.31658669690415364,0.2968005806408812,0.361679914351795,1019.3332164738434,1.8376367991722955
2016-03-28,1.507667547949322,16.97426107259928,313.62159110327156,2.906265839421704,5.051856442223894,-0.9375078303277057,26.778425038105432,35.256816548703036,0.31402671895701517,0.6654514436142934,0.4006942037237685,1018.5823704422489,1.785032770634653
2016-03-29,1.6039284304245596,16.477724930152615,336.79698284793625,2.2708482058717085,4.359055798137165,-1.7443097087976596,22.16822534753573,35.12631281814874,0.212655218044917,0.6489043235856926,0.27993636095442287,1017.8061244459698,1.9829494438868627
2016-03-30,1.4920910304742918,16.953107564983963,317.1131344522788,3.4635997846719597,7.36305296301452,0.2128148109570001,26.91074794983716,35.12184564490153,0.38297856653597667,0.7152057882348252,0.4111828487046845,1018.0317858675594,2.2724551665552313
2016-03-31,1.5370710511900005,16.289391312421102,251.83952035286288,4.104642743135586,6.108811236908773,-0.3244418477488383,24.313453288542462,35.17924497831989,0.2993700597575999,0.6517313641026317,0.43735804516889754,1016.961176992129,1.7790357805767123
2016-04-01,1.3880347323409068,17.589319078373098,367.5966793818492,2.630608266157441,4.706030894977146,-1.6858685710594425,23.664837313712994,35.162339573624024,0.22567557596991009,0.9454621980615868,0.4197932828119803,1016.670822687786,2.3258402767352773
2016-04-02,1.4442312783304514,17.139157489895698,294.1784958254511,3.8834478692478935,5.805063290296217,0.18451740913876952,22.60684173146107,34.99145438453071,0.3682965455973655,0.9725280097694845,0.2701754648958168,1016.7830165034063,2.4436694305813274
2016-04-03,1.393349969554528,17.242507828485166,388.30415562768985,4.436063107726134,6.652950484787307,0.3665097099349924,25.10241619707173,34.90872239507334,0.32689962626018576,1.4302041411723923,0.48331628573757246,1019.4225727918786,2.573497270399048
2016-04-04,1.534426858075865,18.168960587607202,447.606561051773,3.7390060703592196,5.361629836049328,-0.49698647255895,25.770519564926957,34.901310914313456,0.32888863612639874,1.4208225494836364,0.4596197523686144,1017.1805152503103,2.621212264222257
2016-04-05,1.6460075207341351,17.61831708706451,414.98579417555794,2.9904579362212975,5.3172590028617295,-0.8790972349607691,25.687476578402276,35.150437659005114,0.3221966086218044,1.1764698127934075,0.4881746750622967,1018.6114807348359,2.7458249774171577
2016-04-06,1.6093725150025355,18.13451726620404,418.78809917111295,2.4038667150226263,3.711409915253582,-1.7374841918740498,20.765407485965387,35.09018981238426,0.11634538443947114,0.8466597228431271,0.47541839755625165,1019.1138692910027,2.479385314416651
2016-04-07,1.2852314858494631,18.468538415748938,401.1373375408172,3.3290192051851046,5.72530271357469,-0.501663878971627,22.5200664025333,35.210376822459516,0.27642375791492985,0.7824890157656162,0.4652446529061679,1017.4427271205822,2.20477591514355
2016-04-08,1.0859155822339122,18.243677196223757,388.8153939049608,3.8866436164080866,5.6782653889719885,-0.6732276585913768,21.444215738445887,35.17887856813177,0.2986514627717577,0.9961853569699137,0.496329757811792,1019.022398375557,2.1390192764352665
2016-04-09,0.854353586339909,18.23381832339094,394.2083781977509,3.5475097765031705,6.580725396885669,0.036466888839758994,24.133204781686146,35.038543523902405,0.30624714309597845,1.0331632049855841,0.4916584547634536,1018.1326324669386,2.494151581624379
2016-04-10,1.1211408732131884,17.64423416669602,366.18658245708724,2.8692844729954747,5.961216115554809,-0.8415225710167253,28.993561809884685,35.07892158314592,0.2621855310414356,0.7266559502942085,0.2718954908571969,1018.5386433298885,1.806640549391605
2016-04-11,1.5368352710602988,17.638522058185437,363.0336629404069,3.348861684389462,5.071084402902303,-0.7434234509527244,25.60757057360729,35.114403926698444,0.2869353260342732,0.8576133422285775,0.27018096913733736,1021.5929092891862,1.8614290824292856
2016-04-12,1.5613321343334388,17.73330262681839,347.456849299798,3.114176708139307,4.688571974282334,-0.8652999922291695,23.01503573883902,35.09816694339525,0.25130676828799897,0.8322454081838685,0.406070590073828,1019.292493641959,2.2515718790250983
2016-04-13,1.3278574918808803,18.004358833037234,403.76484796784086,3.322198284684821,4.762597125774079,-0.9408761100672477,24.07119940061892,35.11720132480294,0.2699825308620674,0.8600685734754983,0.3135533243705465,1017.5728448622632,2.4018919833153816
2016-04-14,1.3308279534981418,18.008248508707744,418.2122516794419,2.0544455276977374,3.922337227759777,-1.972479801276821,21.53841296314727,35.20604359694266,0.2645851914982671,0.48995049863532913,0.3928148141405936,1015.2122935189009,2.03244292739582
2016-04-15,1.3468828366230226,18.832956340723605,424.0152510119326,1.061483907536859,2.3101702189816056,-3.0787642096880146,18.94377398687395,35.29720660697448,0.20467248501221763,0.6521092579087183,0.23743631519501204,1017.453575523101,2.1634887934307505
2016-04-16,1.053999114918914,17.86022648262119,379.5785552937897,3.194266212625132,5.554174933205429,-0.8037044173441622,21.806461835847788,35.177777932720495,0.33917148807878117,0.7213447522461356,0.3505519715994645,1016.8425117167718,1.7697819664102208
2016-04-17,0.7573673702059908,18.226598279836967,362.10322981800533,2.028582073902741,4.709244484897628,-1.3900941085648757,21.930350857308902,35.2047719850228,0.24964127493633953,0.667543435358412,0.40960007721637814,1018.4794592348094,1.9548056637530629
2016-04-18,0.7216407592491086,19.004966401983996,430.20916683966993,3.090906989780195,5.984247822493333,-0.6065310413174003,23.3224195807965,35.29099613761699,0.2807998459875079,0.5533741973489994,0.5187544066568177,1021.0287259830799,1.602825830540639
2016-04-19,0.7829842914544802,18.49257026620721,432.16785357909197,4.07618168721274,8.279570799699464,0.9227915518967197,26.004369763096072,35.18311631448144,0.4065964480060763,0.547137445542911,0.21825522173087164,1020.4355116703232,1.8463381253127293
2016-04-20,0.9663755079689256,18.176944396917573,431.6665738752444,3.438243292841121,5.962135488599494,-0.05009365480439726,24.882592798042257,35.32439902086947,0.3638925121584764,0.211140710902537,0.35017447014442044,1018.1685924070562,1.123852016893032
2016-04-21,1.434745274212165,19.192058301327222,465.3904037455643,2.841979479246502,7.370090415828042,0.28353455392497995,24.24395719511696,35.53573869806383,0.3464114193531772,0.059446501517580505,0.3751719668171982,1018.5029439361884,1.4795623792461325
2016-04-22,1.8088931992362531,18.84213525123513,408.56408605545346,2.5453190589390347,6.090929784095486,-0.7742574561263214,21.875667564095846,35.40708890134112,0.3458768036354213,0.24721096241849122,0.3453235595720904,1017.2495388676367,2.2037114500050157
2016-04-23,1.5915888707456294,19.17186804303279,468.3921106478078,2.532848918109526,5.2578263826312215,-0.6488979736418412,21.700869103710367,35.2754390027826,0.3139518020096382,0.47980724250288864,0.2928397569379245,1017.1513124223378,2.393370975885276
2016-04-24,1.1046155054921074,19.044596269418935,427.0396166750778,2.5072551519469326,4.713336480370948,-1.4273507656266595,18.209563494348746,35.13234777919204,0.23957533918870794,0.9412271429194647,0.32975289601893026,1017.4681456234041,2.2366361555286787
2016-04-25,0.9565029997925771,19.181798307677074,534.1442868434773,2.5348997802478683,5.063945384290973,-0.9449231019173256,21.40459758403439,35.08449202375274,0.3134755059371956,0.9447014910889984,0.35894798744895234,1017.8785729757254,2.5531704785175537
2016-04-26,0.9911350687452601,18.716086156732878,354.5820508294781,3.1898174076331007,6.081592556144622,-0.6089426092463321,23.066378158244195,35.077034538224304,0.3530217654500384,0.8428855113795092,0.2366910795701938,1013.9817863405575,2.3077303431880605
2016-04-27,1.085417747615788,18.867427202554932,470.56370709738206,3.6272089028717134,6.354023902209619,-0.01647790808739366,25.250465401277317,35.06321970638059,0.3067870977207272,0.8005042824376082,0.34157483393054894,1016.607235486831,2.173839349438769
2016-04-28,1.2261502277849026,18.51039874641502,467.7849588563564,4.1045426032952665,8.52755121156344,1.2314794667373041,28.29179430131116,34.98595495490611,0.49401285642164405,1.061527550713435,0.34433917956474624,1016.6074829891573,2.354833463147793
2016-04-29,1.431250443238056,18.84661151663684,503.77258678205476,3.5896438660577337,7.812160701349938,0.8776619775613469,28.605599099065905,35.13429500976071,0.4200146099955304,0.5514504737697312,0.32571436961911826,1015.5915192144096,1.6995135385598814
2016-04-30,1.6658763673242112,20.324966595140477,474.5121577503061,1.7955949975627201,4.687638612229303,-1.3867270043869404,19.41177542076486,35.382459310815555,0.2609151428534217,0.5084193498143705,0.5082807923112801,1016.4913655918076,2.2014254021432618
2016-05-01,1.4539155116450226,20.421552660319072,529.0330710930637,1.8778946214004573,5.200952721265074,-1.4870021008200207,22.772589905313296,35.14740993683143,0.30313935272566217,0.8997278610084721,0.5397377254840141,1015.8662570066748,2.0815339695913058
2016-05-02,0.5929384658873483,19.936281054225116,517.7762554515047,1.9548692605010858,4.85545836910059,-1.3251637225765682,19.047907678524197,35.09331463222898,0.29902117941898704,0.8573801929576765,0.41335095435074115,1017.0622590025716,2.210950781500845
2016-05-03,1.0253799236401422,20.122204694349545,509.6714803275958,3.0266696258175023,5.588455709408263,-0.7660558800193599,19.46684979129161,35.06853552543189,0.30943654359027056,1.1009946590852437,0.5701810160741559,1015.9169632809094,2.046253855259353
2016-05-04,0.960923916373372,19.688599827238942,511.99014085219915,4.268892492795085,7.127044463290033,0.4552596675809539,24.47649066660696,34.949435082659846,0.3961912230196263,1.212192240462729,0.4117426826018469,1016.2896458352005,2.2868951849398482
2016-05-05,1.1163049127841795,18.91123175895877,513.6088749985518,4.401330590318299,9.425145480262312,1.3830062826641583,25.18822417941629,35.03158892208327,0.5215189080574165,0.8975178513044653,0.5062216050309423,1016.1542879623137,2.0471979134689824
2016-05-06,1.5267495498893338,19.153215795620383,500.1961645448598,3.032664237717209,7.404061278397899,-0.1489633079276963,23.703897279763943,34.95300756533628,0.37728081736106067,1.0498092624315734,0.38052879170288284,1014.1698681059278,2.3948903777269317
2016-05-07,1.7130589688743332,19.02600963280696,455.2658726485334,4.0100149843172845,7.83829328993515,0.1297338944581885,24.13044184876496,34.86289997728831,0.3670936489363683,1.004243171241856,0.33285556878993205,1012.0680286600557,1.942474739576491
2016-05-08,2.143463294127174,18.79955184181589,488.62082517998715,4.201805028226696,7.617468458774156,0.42765697777550804,22.758133974341575,34.828688809011545,0.42658006250171626,1.1933338269383038,0.2897198633705832,1010.569673858808,1.9730213478679204
2016-05-09,2.0298277452730824,19.41353986418753,479.28057455954075,3.7603174136915163,6.410041325060258,-0.3677804211145704,22.174693293753897,34.84077029538689,0.3590129773849571,1.157442683816255,0.3886334091751885,1008.5022963819937,1.9990310223372572
2016-05-10,1.5735827129784916,19.628565040506036,500.1802243655725,3.740212245669799,6.056551836882644,0.11582501090215347,23.026758064731,35.10673155340013,0.2824869870541872,0.9670511008688731,0.297208566625358,1010.6391345885314,2.0718656215135622
2016-05-11,1.3587116803328099,18.526313257088518,490.62374329859733,2.955888351770793,4.761673607684042,-1.3178331235765046,18.981411825849023,34.800747905728876,0.2521355752885566,1.4121918035209082,0.23595874168788128,1011.2518704329152,2.1074009259469704
2016-05-12,1.150190381132993,18.971218470661395,483.63744045061475,2.455147196412713,5.192129499641831,-1.5542973430061329,18.051355268099865,34.8228268334173,0.24600595118747504,1.4246628077936438,0.32742349372882873,1010.5027466440771,2.1474536006133724
2016-05-13,1.3173146769305832,19.637358855227795,437.77401238615363,2.8318696640228933,5.239596406314751,-0.9614181976344953,19.57535838373088,34.894044876634176,0.24822599047224717,1.2533446496688343,0.18827133353591674,1010.2801707721211,2.153567385490072
2016-05-14,1.1800103933517132,19.234589485287145,540.1664773319642,2.1095450518845156,5.6549401155984365,-1.9388539992896394,17.74329675660317,34.979547672823024,0.2600038002124036,0.9614813920906525,0.30407839387585317,1012.8348311346746,2.3397625435417857
2016-05-15,1.168257147387648,19.256627678769007,493.6507698974061,2.6039601329463578,4.969229705915919,-1.0338324820613638,17.360963736029017,35.00748875684991,0.2412412941676247,0.9526368946326993,0.19208608177444142,1012.5727327602817,2.353505121777404
2016-05-16,1.1921065227583172,19.346540023629338,497.69324402726136,2.8090435636438262,5.403040756965268,-0.7630847295582335,17.347892631561663,34.8904484061401,0.20560496690364344,0.8190552612431645,0.3182866680155829,1012.4650902904391,2.068167604206125
2016-05-17,1.1384812972009553,20.190941597960393,552.4547423631982,2.494662589471821,4.766141081806808,-0.921088942894478,19.876210543158468,35.06714510221121,0.3146782463948836,0.8528316719938906,0.3725780160450655,1011.489559535606,2.374808754286526
2016-05-18,1.1568996090053578,20.212253563036512,477.49697177813357,2.1304395473994444,6.9848346132391095,-0.7298522179464171,19.009645029275458,35.153635422452304,0.29242911567656354,0.6316290068676591,0.3435602166728723,1007.8225636055939,2.1168942764602847
2016-05-19,1.1550658211726677,19.593197156198134,574.4102912708015,2.1240819064473935,5.2177068161008116,-0.9129909060588424,20.182314499441066,35.36721012826685,0.330983725151754,0.27648804589093706,0.16814485940859383,1010.4003714297322,2.1007770168573465
2016-05-20,1.1721254991136691,20.068463936696222,471.3299599943299,1.835359826482309,4.829848602768303,-1.5112588523130874,17.29814643981242,35.225987397513734,0.23472894091793148,0.30960322339153507,0.2942164156562566,1007.5982832155644,2.5209279918384406
2016-05-21,1.202772579456796,19.832070138274773,504.7149209558299,2.3810471101246216,4.406035794737397,-1.0301887981043014,17.895293365168666,35.21523857157467,0.19758384985492733,0.772942454013684,0.15044942985316045,1006.8652928163676,2.4148783971784766
2016-05-22,1.1126283696234955,19.95778083239005,534.5316454115773,3.321296639245753,6.24517320247876,-0.2186216572950202,20.310189235413628,35.07940542028521,0.2819854648878539,0.6438044114637718,0.33560575757074346,1008.6462256408225,2.5051749351983466
2016-05-23,1.087319781932064,19.892544038067104,463.6046147946109,1.6815384929800523,4.079504322366238,-1.8225616947176686,14.7915696804923,35.10773800118572,0.2967815959601928,0.6109969461435925,0.3812318243677504,1009.747993012004,2.5695366997895035
2016-05-24,1.2551727638394865,20.22076412487852,532.6273403776748,2.3906195825721315,4.608918239127211,-1.0397053760357828,17.693598216769626,35.18069384588608,0.27667154585045384,0.5513972139284666,0.38395052301803045,1009.32812816874,2.419558282912363
2016-05-25,1.239977445392761,20.2132877131408,488.1296720590625,2.0034404687725846,3.4233527202717022,-2.1679125340454783,16.653773746541155,35.040539593847875,0.21677359853400394,0.9791890833517316,0.4006952429413796,1009.0544266206798,2.529210088134068
2016-05-26,1.1329496101855174,20.338858801336094,518.9695582810308,2.387747373549289,4.269938365443962,-1.3153569238946832,15.853628779491684,35.13893586514422,0.19582779632234062,0.8728511910853058,0.4091408075091047,1009.2069553266291,2.6938209125509114
2016-05-27,1.004273579534101,20.309980173781344,499.21359073061865,1.6109590259635842,3.4568742034860436,-2.440361979699201,13.428189022853458,35.01496366557492,0.20026363529628635,1.0460547758522483,0.3360516083936845,1011.6933987787496,2.7375528062261583
2016-05-28,1.1194592595187793,19.577023257775323,539.5265903762239,3.3571396566912104,5.183919428311468,-0.7890837486207908,20.34425164426779,34.877504260935865,0.3052337983445038,1.2271760664339388,0.25123981561862263,1010.6097867794978,2.7918598108108847
2016-05-29,0.978541175974354,18.834170079370708,484.2048384313314,4.59014115092707,8.188536402520565,0.8633905174318066,21.823924198113133,34.89582077357328,0.4157555842545481,0.9472387364638692,0.2832361419910191,1013.1429266188782,2.527808373844071
2016-05-30,1.0822543823366422,19.479241213660284,549.0647916489914,3.2858148216296885,8.741406920217258,0.6525715045765865,23.05791710259609,35.01965557949568,0.452651686045302,1.082632410369844,0.33488004953589934,1011.0930207949303,2.407299730314562
2016-05-31,1.3931317552997275,19.540412198311905,513.157947962883,2.6921672452014813,4.993811752087175,-1.127036928867915,15.748271901443363,35.078955110433846,0.34749578645098606,0.8548561864759845,0.4506470028499197,1010.9370547973672,2.5158499729488235
2016-06-01,1.4166117063050938,19.045209549409922,428.3698486930508,3.459337975668773,7.386463860535311,0.34510813200688334,19.215418076051982,35.057000766191166,0.37442171915857697,0.7877810004115487,0.10712606562138632,1010.8283636475729,2.505279911402255
2016-06-02,1.184564510013664,19.124500711469977,437.42936247783905,3.5163745526335846,6.98635908801102,0.6614090065326614,21.0478987321655,35.16577098463837,0.38830836862061674,0.5867448079199958,0.04780581546806775,1012.0120188868441,2.127594682706226
2016-06-03,1.3276459870698738,19.573388037177686,490.99455961063785,2.682630104810277,7.0067264648505025,-0.4996967652235082,18.303400348198892,35.115756599066586,0.4038703257116014,0.6472743106045808,0.17504768275217486,1015.90516109014,2.3414814831866186
2016-06-04,1.6406699609276927,19.68373425608847,492.9358208462829,1.809535295266593,5.41507470703965,-1.5173310496134338,13.542706750799795,35.105868972392365,0.21912522138027293,0.864728693010107,0.23188365630996255,1013.6080783796176,2.590665750268494
2016-06-05,1.3925275752723696,19.713579894861425,444.03465352738397,3.1333400712447332,6.242592649032106,-0.6517664589582821,18.247884907339134,35.154097862041574,0.3002640975833521,0.8356515380243976,0.2132362786704109,1011.8587611570223,2.627916651560806
2016-06-06,1.2047425233196556,19.55251473959962,532.8602841934609,2.3872833104703233,6.523149795846801,-0.43886091333310356,16.93124529403098,35.17306334536082,0.30021759952516597,0.526049568105311,0.5030996564752264,1014.8913857840319,2.401831661370643
2016-06-07,1.2000584440344564,19.966196246874173,545.5242024264251,3.122246126465026,6.359625260080148,-0.04252149973047242,20.751721054150963,35.14931379885018,0.3232354858855716,0.7739612288704681,0.3051920526352477,1014.5873914528394,2.6995610530338734
2016-06-08,1.3239529887063932,20.314169253474926,579.0171845478532,2.6374983749797134,6.688142806691218,-0.12251332793479078,19.126325597972574,35.30902556685221,0.36828575727933077,0.5586417345150912,0.5265806336124793,1014.6902330343762,2.5633529060476383
2016-06-09,1.4827954555121272,20.45593183359237,528.8754015246793,3.0186359522782755,7.458726344819309,-0.05351524906336963,20.458610799216558,35.20630489336941,0.39727699874840366,0.7454795031906678,0.42404736466936116,1012.7596311722142,2.4475554372709705
2016-06-10,1.6779064458016177,20.216989497008775,566.6099383614479,1.7310336465351968,4.5977628481531045,-1.9963302952475541,14.047915713117503,35.23858786724431,0.22425212122799298,0.6604411611606249,0.38010167485873453,1012.9138069138337,2.0818201671212258
2016-06-11,1.4195410837208047,20.073855662154855,572.4830197477771,2.1116009313979776,5.207342696703779,-1.267517463544429,16.12521898246951,35.29094530054702,0.2853989155690222,0.8173437004638486,0.34512404825480997,1013.0639969448381,2.17237356584322
2016-06-12,1.3388138547730632,20.062103674533844,548.8720691523363,1.9422925751592475,3.814350184346371,-1.7140649817129494,10.402383597859387,35.244213078278975,0.2234588350430686,0.6078985896032196,0.30045622737211564,1012.3240361942096,2.2613924121393527
2016-06-13,1.2327123832725932,19.988533580720954,508.9686856020893,1.9017420772112328,5.551572570450902,-1.2658093554585714,14.919734875230489,35.22737145108022,0.2996661041989458,0.7326541341875645,0.20190412617100173,1015.1960813349177,2.581022466853858
2016-06-14,1.11075893827841,19.557215552517498,555.6737111561329,2.4850963603811267,5.400666262251357,-1.5095221661531566,17.035611204275344,35.166936393880114,0.291199150661854,0.8893413498716187,0.2761544194758658,1016.8149342678671,1.9677746450773081
2016-06-15,1.069223968157572,19.602783348031704,508.4994337133613,2.13181734477618,4.986579163508797,-1.3582492552654792,17.09483396602121,35.18564317781151,0.26648613368129737,0.8406618483010484,0.2565768991804924,1016.6231366353622,2.1404760490038335
2016-06-16,1.0046197166094546,20.419833170270486,594.5358984319477,1.2347314449104567,3.679179547866733,-2.3605014431207896,14.015421188395148,35.35144791397663,0.2694512680652436,0.3897655135264013,0.37545053359045283,1018.3469802794823,1.8443590590034298
2016-06-17,1.3562351893195992,20.703456373342103,665.1518663339868,2.0965373052836394,4.612956278923261,-1.0431402382384873,14.791815241757718,35.28991361073493,0.26541686158796374,0.5999134402504913,0.5800492518043926,1014.830103666183,1.851593462078261
2016-06-18,3.00736079079294,20.129372622151244,607.4645537215754,2.9101020067386374,6.08963363610069,-0.38636615149227826,15.882436294692976,35.266308048426126,0.34994592228505417,0.6683855489009966,0.34407895496669044,1015.6952234891187,1.8263328790095088
2016-06-19,1.0508105932124714,20.083871565367605,510.1758327581731,2.932305810273297,5.880631307781038,-0.056072100093175176,17.97153294524033,35.22879038375767,0.36106768013664203,0.5683448176453338,0.3456298857376598,1015.7221670587179,2.016187812289447
2016-06-20,1.183197613894953,19.974738085138092,595.2003073586378,2.5886294510695014,7.315440727194505,0.297308629057758,23.4637864134188,35.456027609595125,0.39603298694939676,0.4084631837940331,0.2645397490859215,1016.5575549896917,1.7890771677207205
2016-06-21,1.4452633981378846,19.645281783920183,575.5674451641806,2.887086857638485,6.253302873599889,-0.128403225677151,18.945225781242847,35.343744397121,0.31965455332168435,0.5061003182289676,0.35682257559061137,1017.1584242186681,1.3607508539075632
2016-06-22,1.4936562179027117,19.075229299623196,488.91442930615216,2.556527742142094,5.581922852048624,-0.6436507384739542,16.497683204503694,35.35891891943659,0.2877789019928042,0.2573803277113097,0.1929950897160742,1016.0856168599075,1.712339417625475
2016-06-23,1.5889968288439613,19.358394756188737,517.4253606356394,1.61158810903163,4.4231101619641775,-1.717103159341456,12.74626789159851,35.479750088410995,0.20200457177225356,0.08553856807979186,0.2805941375824304,1017.0805254673685,1.404678598952127
2016-06-24,1.4866524594935644,19.7767224976976,576.5455165545136,0.9130809767363215,3.035059645069006,-2.366199330491859,11.119784899596473,35.47666896019346,0.09398735113378735,0.42077637193351924,0.35749156561437767,1017.7581915343453,1.8079309298233253
2016-06-25,1.177028485100921,19.257492856635974,494.4009912985197,1.8384557603348584,4.08026592083426,-1.1839577688002751,13.53644691003449,35.33200132610239,0.24202060043540508,0.4087306587008238,0.18280990513976297,1017.367130745225,1.8477829502569811
2016-06-26,0.7696518560304089,19.623782874123258,536.8862232521282,2.4363663137994136,5.958210306698322,-0.2247548067456962,16.332681801154752,35.387216933570535,0.31404357140706735,0.40938223269461715,0.32584158137159486,1016.9230750194545,1.938584460669095
2016-06-27,0.8190707762651839,19.594973386194717,597.1486330780683,3.190931737001674,6.584580631297111,-0.16841842812957236,18.60741784615033,35.31537748769612,0.376349998623542,0.5189713326012273,0.34462389388913334,1017.516019051483,1.5554137639985604
2016-06-28,0.9993722536356822,19.789490518700493,521.022400552816,1.5858170108667233,4.235071455462238,-2.0200366416185447,11.527341565052403,35.3713032440732,0.24702505908397146,0.23896533742925283,0.33189051493294647,1017.3129282500012,1.4463012166012643
2016-06-29,1.2530673170078235,19.782700827871434,465.7160098995831,1.329775305407674,3.7616995388036187,-2.4044329449344692,14.489322835147842,35.28140232459364,0.20015032157961485,0.5752167117247944,0.26984864184731944,1020.7032214385114,2.118929859304814
2016-06-30,1.1968672886042828,19.05045805259806,491.76416502841016,2.5557356692566233,5.378702594406479,-1.0026750188922149,16.988842939164677,35.167565346077275,0.29263590854970184,0.7130355055478503,0.2522145440179402,1022.0869655209721,1.7550545565739193
2016-07-01,0.7517634218300552,18.926863673872436,491.34382526911736,2.725107099446771,4.851591995359875,-0.4994649813015535,14.208756131608231,35.087704930850684,0.24908987823259365,0.7960689926425177,0.3782129622495931,1018.3029330238313,1.9615501137126048
2016-07-02,0.8848497247482554,18.73734847120837,568.4606090548936,3.033250356340473,5.183838433263283,-0.6039657097252344,14.344982247683554,35.00427828136999,0.26391087750881237,0.976002349004355,0.20494978253032328,1018.7687466233485,1.6474996686545214
2016-07-03,0.9681897291398686,18.722536782549216,576.5849714530351,2.519477992143843,4.737975173994004,-1.2001147676878616,15.951727743336946,35.131579065907054,0.32722474446170224,0.5989931850790723,0.17631218362423784,1016.4117120399436,1.5759715908339036
2016-07-04,1.0995980861819534,19.133130672471477,521.6544459474366,2.3794122549173187,4.785962516719519,-1.3973064452652637,13.159017581560397,34.88959486807838,0.29701103802392936,1.148172811334545,0.02472593654848096,1017.7157013786823,2.0064676867218147
2016-07-05,1.2605023341895212,18.211956983198487,491.8826693482484,3.133093511161971,5.023731993324214,-0.6953532673159846,13.395121120224752,34.889211671439604,0.30137136872572173,1.1382245045517971,0.24630762154883504,1018.7903256678092,2.4856556861437373
2016-07-06,1.1773814689212798,18.249863124804587,488.88454863116993,1.5861078873510532,2.102155275512072,-2.4964839839031567,12.058150699786363,34.89175445716524,0.10272530070424041,1.2270167429738346,0.07375231692535197,1019.0630973488448,2.3768292552756134
2016-07-07,1.4091043998927686,18.226378689312273,445.3406146408796,2.9841402399595367,4.9321573204303375,-1.1782527313751043,15.622498042424278,34.96259296614559,0.2826335358359083,1.24608328407474,0.20021897422786472,1018.9952738417069,2.3893877683277607
2016-07-08,1.1192992712815584,18.257064635087843,510.21875590083044,3.4353862291440582,5.445523101851468,-0.8854238466013817,13.191292583324781,34.9234666322469,0.3587771230399661,1.0968268733497062,0.24030124907939743,1016.9065446586953,2.247243067166777
2016-07-09,1.0068350336145777,18.670126324312182,531.0120500704395,2.651870888311172,5.1779934175541475,-0.895168045401381,15.772771258862816,35.08093217123725,0.24802800651513174,1.0397052953544774,0.2879561442811856,1020.0179957350695,2.1504759155289594
2016-07-10,0.9641875955746697,18.686813510617657,449.02612984314464,1.973967744137876,5.819688540463964,-1.2301392943960083,15.215109648124168,35.202724356762545,0.3002724423551676,0.7787810740051345,0.18448897323007818,1017.3246202359238,2.2959045471930843
2016-07-11,1.2724171685124055,18.18758930627154,475.4794441901246,3.5399950824974784,5.566664817455657,-0.6012616931474876,13.785293286142945,35.066185182876666,0.27805590801237795,0.9762408857459401,0.3706967893427954,1020.2654249453926,1.7454599555731696
2016-07-12,1.2026922153304562,18.745702209226902,527.8962602281708,2.68758264853466,4.33503290957063,-1.6796058329312475,14.310013383362598,34.98205438796176,0.20251314585785218,1.2377369818991917,0.3420068911199399,1017.5797541850836,2.2397236316968696
2016-07-13,1.0485813055891289,18.8491617265793,531.6937292306832,3.874493932725808,5.66663421353532,0.18343313452140947,17.268575271655553,34.95798352979615,0.37189515651033717,1.384948897823003,0.5277558495856387,1017.6849701159563,2.4817596564175486
2016-07-14,1.08933365841713,19.02107266341106,520.7990175293667,3.0146127588334375,5.583254730697086,-0.2729943888057031,14.156741399541623,34.97484079294354,0.2930340193188828,1.396055704122394,0.5422065253907594,1018.0938681899576,2.6046322804558337
2016-07-15,1.3117618979401084,18.649550950906818,503.7698562121633,3.2864785460011423,5.593449925989553,-0.8105869176016444,16.0729149822814,34.89605847398401,0.2823284455211036,1.3696606264441014,0.29381393605524203,1016.668142597234,2.6663069329990083
2016-07-16,1.7547607639561484,18.594294474324112,533.0303830570322,3.4883922008187334,5.316907975164138,-0.36437801632513556,15.682362912285535,34.903518599339954,0.33225726895633634,1.338701532962985,0.23009545613504512,1015.5640323717922,2.6060550380984386
2016-07-17,1.8103218926508744,18.357880247716007,488.6744531937589,4.038033898648069,6.159680416090512,0.1953469395413548,17.583382466994784,34.937069325791455,0.3510065201494476,1.3353865855120508,0.38140736945772796,1017.0578742330205,2.970185924663234
2016-07-18,1.5481541270987567,18.406475456201072,479.3711731312786,5.116332894610032,7.590470527230782,1.1921500360840862,19.76453469379635,34.890884510046675,0.4516785516887413,1.7158454479550755,0.2183181247099244,1014.183627320022,2.9798757353118877
2016-07-19,1.7114702231830423,18.440852547219936,513.0095089577126,4.512489562588008,8.502539107651003,1.0356865244257678,18.699154183366616,34.86391496426297,0.5092087239181688,1.3855430759218408,0.2125218240238037,1015.4407657968613,2.8785354957588063
2016-07-20,1.7710167261191685,18.536617642040113,480.5878885729349,4.368644242419907,7.88742985809989,0.9035641570736055,21.284631382806435,34.84921510802348,0.41563681735712604,1.594551739865965,0.44471689845606543,1014.4227021678223,2.825265284674715
2016-07-21,2.131700717703843,18.682042099670763,525.2674394047688,4.4791748881047,8.42927605916981,0.6545023011016914,21.691306768976418,35.01659817096224,0.42369670452960717,1.28357944646515,0.2695717204076563,1014.343068237608,2.217294525815735
2016-07-22,2.259093853208415,18.314527740207552,500.6423597269188,5.072274226200872,8.22116344837548,1.5196675017469703,21.001186655450713,35.02369369243008,0.40928684139686794,1.259791360841208,0.2710115809440504,1014.8939681989198,2.672192589596876
2016-07-23,1.9469406800507139,18.299322012193347,519.5149934830563,4.817634116063776,9.366296205185462,1.9368626023516657,20.350931145258706,35.10373232739411,0.47303366898914195,1.0047657215777441,0.35589608663968053,1016.0923899866323,1.9797167399000744
2016-07-24,2.5529472049115203,17.637161055116195,444.62714272607496,4.622640449234139,8.391518153033589,0.8781642477162432,21.33401027656779,35.021305672027935,0.46249706942802676,1.1561255029128765,0.16708272917659672,1012.2852124554352,2.413793623066052
2016-07-25,3.0869311540623583,17.957579331976596,497.60711608207185,4.808302838105057,9.34295504680021,1.9330562743549264,20.92571232968463,35.11498935951438,0.4607312887613602,1.110618993665111,0.29391223954059803,1013.1463781852076,2.3419101560381335
2016-07-26,3.6582253735276034,17.901493793958583,439.61736122904955,3.34484502821158,5.393428904715014,-0.16820440739182602,17.18867967312073,35.206009897278854,0.3511889675654137,0.6922743109021855,0.24272071975939669,1014.1800249363974,2.113017828739677
2016-07-27,2.718592947780593,17.790844064696106,424.8830246883139,2.8850330005095275,4.551939407007552,-1.3622375142196173,17.278581241770976,35.25522476089535,0.24420066856914976,0.7697971132821004,0.18951042712891467,1015.4549442274325,2.112689991161101
2016-07-28,1.948658053633705,17.68091319527585,485.7292109557361,1.8320446372453079,4.149193596206764,-1.9090496989567187,10.29291777412498,35.25974771982274,0.24108924940327844,0.9812759914171583,0.2910911988694626,1015.1819616831452,2.2595763724838203
2016-07-29,1.516514437175288,17.603924885448173,470.1659806969552,1.7228125475725542,3.716916215674837,-1.9752165147423213,10.570171085119357,35.225702454357474,0.23571867033974692,0.6470212820145257,0.3298905507786745,1015.3873948504556,1.7462793503331249
2016-07-30,1.295068829099679,18.074716482325442,502.5026002070805,2.7580713163291466,6.510193130562069,-0.5639895569908042,14.78974974557737,35.29475895961235,0.36470748300287287,0.6662024018237679,0.272244812015229,1013.0127172176574,1.8142306091803369
2016-07-31,1.1093971985221547,17.780080986117454,520.4448208589446,3.016853651040145,6.029666773028161,-0.1435993623352139,17.632688540671285,35.295724977578494,0.3687737770233834,0.7834393932837674,0.4895318012137073,1013.5433519645445,1.971825987804574
2016-08-01,1.0110420341501547,17.284178871559604,461.9405299399833,2.707342962809977,4.488051833919736,-1.4967408408532197,11.72487244215533,35.16629024764025,0.2373479210422723,0.8886287546213801,0.36736817074494826,1016.4320568113361,2.6671582115224037
2016-08-02,1.2288086712523374,17.078497420528812,422.7125395655336,3.6890938440958294,4.858124441232798,-0.21328575871371763,17.526085727546803,35.13898611913984,0.28774464935774935,1.2266099575271165,0.23997628643161978,1013.3315702528402,2.165689557329482
2016-08-03,1.3508663246034602,16.836940240282505,424.8719555565641,2.277427653420609,2.8947227009888006,-2.2651045390903004,7.944132679358756,35.04250938041117,0.12191665922037496,0.950401623130147,0.45913220921338194,1016.144845799771,2.524662732667235
2016-08-04,1.3627908540823477,17.637351668518807,498.24080110374,2.0468619227851588,3.2192059361192356,-2.2677065349235477,10.8753430387838,35.12816031079346,0.20201122831458573,1.0433708882424158,0.35109516472593744,1015.6263394245589,2.340590942193167
2016-08-05,1.3769351802388305,18.13610525908408,517.3031632870603,3.5942341215539186,5.908187421463616,-0.37071141992643614,17.60681285057896,35.12779157066167,0.30645400916618976,1.1102776789185655,0.6361731719417394,1015.0642762163666,2.365504505462154
2016-08-06,1.2203319443751222,17.457308917559935,472.7392676536987,4.228902422598297,6.244038792563139,-0.20545834256948756,15.107192138949307,35.11705371881059,0.3326839801706181,1.236814243926554,0.33106805103601683,1020.2588707837743,2.0927994909425367
2016-08-07,1.1540736189383114,17.87390698722184,492.0439526527558,3.0587300003625466,4.764732791366638,-0.8344161964869681,13.710506219439546,35.120420739399194,0.2575791294193554,1.3380124046587707,0.43674171181520616,1014.0948103289923,1.9506484580224228
2016-08-08,1.1888876272666984,17.233214801697766,481.3004774417442,3.872250664772017,4.764453424018075,-0.3788896932817942,13.056351540051569,35.01506036435767,0.22897347834427476,1.3481933085603741,0.3396685225411157,1014.3630494302118,2.287118671686824
2016-08-09,1.1072612236907722,17.39921572407826,508.25858256530296,2.934361136168251,5.054126246600803,-1.1800278968984987,15.852301547229779,35.080935219400466,0.3118746780332581,1.566698441633274,0.25553373586698414,1012.066585641422,2.2043572235465847
2016-08-10,1.4912166873974722,18.045443540264372,534.164607067219,3.0345588651978512,4.199400331614309,-0.9320058173783965,14.34214950599146,35.255810940766814,0.14925027401753588,1.181549536632813,0.645271930976866,1010.8963107669283,1.9862017071832194
2016-08-11,1.5728007250355271,17.48507543996144,456.1989122112683,3.284309582093078,5.925260995626157,-0.33672795344736967,17.39725282140518,35.130555632551655,0.2638127341592157,1.1976265367304746,0.4884692364481851,1010.1072819126481,2.292634676855198
2016-08-12,1.2347252913897453,17.524551674350977,477.10939844720366,1.9139654930548355,4.126475179045804,-1.8174124996181658,14.285919130269647,35.228550644446905,0.15356906685045582,1.0954833997860471,0.5149557752983743,1011.5066229263547,2.159497308026295
2016-08-13,1.209784536090173,17.310104530195716,468.6711438887225,3.6696853785542674,5.6375174204566685,-0.74708874878783,15.255607387092175,35.12084676021648,0.28162492120764643,1.1189875881863163,0.5361078172301312,1008.9325922400435,2.3597752797594516
2016-08-14,1.3478490917260548,17.691351048753404,463.73893803326195,3.9100612593711435,5.121654665083542,-0.43937187654779475,16.28891138941179,35.143313442756885,0.2700850928097629,1.242881687261756,0.543067564062701,1007.7943386293593,2.5550337210649796
2016-08-15,1.2997235421931606,17.607551520260195,478.57044086997666,2.6071382856578196,4.1716538103083,-1.7290596226166781,12.69458817601838,35.22395065044043,0.19967066335049932,1.4252249465364506,0.6286218712031604,1009.9303023603103,2.3321204608153128
2016-08-16,1.2982877032686413,17.599736640602355,446.7421681220601,3.9023413332878434,6.561133632518625,0.49054570777425727,17.219431848705284,35.30646982619905,0.3683675330255879,1.0754690689519364,0.5023129351831309,1008.2612969270201,2.3765229803305608
2016-08-17,1.4530052778087845,17.382912398658068,458.2686172737961,3.749189363507248,6.944903243688957,0.28259842055190537,17.262699636817572,35.359349618132306,0.35475251593536505,0.9833867132339164,0.5956839208132064,1009.8854640653435,2.506254244927364
2016-08-18,1.3156765609990542,16.272595351409002,443.73803192595335,3.974388628897336,5.780059445754904,0.5131638047904348,16.806550784080123,35.320317214429515,0.27756228400678246,1.1077200899242554,0.28421248799690274,1010.5843147625942,2.1486960236614348
2016-08-19,1.558219686734563,16.1570166223525,446.97793212250247,3.5721435598338527,5.073499925477785,-0.618321088805042,17.87230465213362,35.1846697172119,0.35170476959038166,0.9631047209237809,0.28663709877499716,1011.1655899667508,2.3944252731487685
2016-08-20,1.470911397512425,15.742629853353707,416.79228956482496,3.1357990755259517,4.965791353500038,-0.9670771209699551,14.918408260460792,35.1129630412929,0.2047058579236576,1.084383639831186,0.26896292716502007,1012.6866323309242,2.7132779007214434
2016-08-21,1.3808790514237517,15.629514837930644,391.7772599924094,3.878828063463037,4.892311506776298,-0.2908688257883696,14.571783451680071,35.045596309740006,0.24894343178480421,1.0795723696300437,0.2776546326702869,1015.0579720734754,2.4914045634891333
2016-08-22,1.5670694782824908,15.768344043387122,400.95125093585483,4.19787794301369,6.030963030648666,0.05827550214186551,18.020604371154977,35.0419785697057,0.3234301569698455,1.3679088216373132,0.23465785992145624,1014.9585112442858,2.5866729328082987
2016-08-23,1.3255503433278362,15.140894795331505,420.2142121462467,4.545522476163766,5.575794000554724,0.07513690391321158,17.264719935603292,35.02920947663037,0.2916881364233694,1.3408399159039164,0.20209769924989365,1014.4160679276721,3.113743432597726
2016-08-24,1.3401660563818723,15.903000574815964,420.3899284946761,3.969743871959964,4.010986112239571,-0.3537611212111893,12.104455183473558,35.06045418144755,0.22930605778302737,1.3164262864951726,0.40043917024664427,1010.9513122887927,2.8962221379967956
2016-08-25,1.4032718200681027,15.613445434248307,424.38630911792126,3.2309502187136685,3.788438333056856,-1.4901878019507242,10.875980096024776,34.964839665888164,0.22128698535595984,1.3493489617081127,0.3180724638230716,1012.546434162895,2.821273742709393
2016-08-26,1.7122837841547496,15.603396135813892,352.2309910498129,3.09166583524538,3.931880129554533,-1.6215873849657891,13.95220584113372,34.99488387279725,0.23564342796673407,1.4209468569753152,0.3899348658628273,1015.8308617271224,2.9936510245241514
2016-08-27,1.504489486576685,14.894367099916376,377.35161191846794,4.505985737803343,5.049287920368104,-0.4122531546748805,17.335463213945257,35.08985105213181,0.28197091276609626,1.3816890068152248,0.3805831886681368,1014.340634045196,2.689101995074858
2016-08-28,1.3712746346798077,15.510453777197865,341.2298049193767,3.703645476035688,4.6723566484402275,-1.0157852597293895,13.792877404402041,35.107187792248574,0.30195072833170944,1.413402104955273,0.3578504852785441,1012.8300729827192,2.425048947573939
2016-08-29,1.2268250478887976,15.936455774862859,404.46415982372463,4.1343025954618575,6.223002510999889,0.05017389085449593,16.14821283491431,35.19624917386925,0.3182572114276811,1.215453276253197,0.6117042292181787,1011.6775828987702,2.695846428536964
2016-08-30,1.2642089566045513,15.634017168560355,359.31447700419073,4.627858232412967,5.774311244413876,0.28602143413829806,17.68066109475756,35.263182306772684,0.25513333534377286,1.1275189680157127,0.4869625119603844,1012.3087419305657,2.780513933366725
2016-08-31,1.3835081267865526,15.50386571521596,388.5287430502231,4.11188093113383,4.240366700692128,-0.9949117233176697,13.22972463315201,35.0548558295104,0.2753435490414571,1.5615310242784994,0.5386291386582871,1013.0475747994321,2.8453747032406858
2016-09-01,1.2892543593724812,15.377586995179412,359.3826031165394,3.9759497052079995,4.434817580715257,-1.2065978188118693,15.993530673785976,34.85884938709573,0.262176334404635,1.8818336002377847,0.44837390639293273,1011.9238770859578,2.7635196503900397
2016-09-02,1.38713899163498,15.275150673082754,353.58154386357046,4.292978897554371,4.187072782109252,-0.566669038622295,16.609799889134397,34.90661961009363,0.2104097036312778,1.6049174463615306,0.45355514355287646,1011.7432440861737,2.535681244956908
2016-09-03,1.2269087515883481,14.952816416734487,402.6548642319446,4.747671602822639,6.264907458550392,0.709204447235529,18.198021602156587,35.12060107971623,0.3775039103711433,1.4187395175620696,0.4869963065012056,1010.6542670536155,2.824335216963125
2016-09-04,1.3539639869255886,15.552589065014985,400.9936814706096,3.782846196371102,6.174695945115848,-0.4018029057481743,17.245517906028493,35.26372140361531,0.3121146985171155,1.2085589030141317,0.3963058051628101,1009.7036989731557,2.6719641426361944
2016-09-05,1.6697186798109132,15.792951387022221,349.68970295867763,5.076005846209837,7.426356336225126,1.174520925409012,22.36824364452677,35.1725990670524,0.3307099267848846,1.440523452748772,0.43231699101971705,1010.1055232488449,2.555138990587118
2016-09-06,1.6452992638654182,15.455554445268984,410.2403119940523,4.688376947980884,7.031800133401427,0.5303617213959781,23.479834183072263,35.23304831792498,0.3215450345379113,1.3359183395515253,0.33558852379109116,1009.9142339275239,2.3518819608385475
2016-09-07,1.6160192967716145,15.391736954448952,422.94508308597995,5.703754678998463,8.197737427229942,1.3222540288831273,24.877366060659277,35.174112083757095,0.37581840442678144,1.6123953137711249,0.5167589350801868,1008.954404935145,2.6029609155776465
2016-09-08,1.6651874848676536,14.942155670799362,362.87384573600843,5.698098452128568,9.516708755499348,2.0970001608622146,20.493845907630035,35.04676004219243,0.43695331756038264,1.5312024929854455,0.5825264032588428,1010.1265698467819,2.5165317866559964
2016-09-09,2.153027910276578,14.786078367508589,373.63075953216793,6.19536969082213,9.292613618163397,2.2174808416750365,25.15091102143345,35.08829328581577,0.4325162196476838,1.801882569115951,0.42582744113213455,1010.285376454744,2.626625745500535
2016-09-10,2.6596417234179217,15.24388808968843,407.625379311986,5.105869333071797,7.784777264936347,1.1233480103912477,22.49653383078075,35.11264674533319,0.36483278838704436,1.4794561502590529,0.5045838267044314,1008.7432349470182,2.648870005888159
2016-09-11,3.0224267429625677,14.859722092179858,328.52916480159683,5.377309620521165,6.718784276650388,1.1598207780089194,23.464181078530714,35.14043266293983,0.374447255531501,1.5744157742452312,0.5519852645297301,1009.195600149979,2.8111853853284217
2016-09-12,2.24972609883735,14.3689071200317,322.17036360311397,5.130316741139387,6.550636092836187,0.6910583008130563,21.792438847073573,35.11799201953847,0.35716535729577387,1.4137759934367446,0.5143986405684711,1011.5725888156471,2.451108317341747
2016-09-13,1.8709024570807533,15.026026264642704,326.68999758788755,4.965525755387081,6.694405035116168,0.42376412558276105,18.354361091740635,35.03328341128004,0.2625884296007158,1.6766095719682963,0.5173007114567565,1009.9773953139148,3.0244346248838494
2016-09-14,2.006268532951924,14.627877105836413,336.58655372879167,4.638286685090469,5.990401523573648,0.21919970685791484,17.645007776308812,35.244800240446786,0.3838235149762645,1.5644318116190266,0.45847805996904445,1005.1472574374219,2.318419604843017
2016-09-15,2.3724208965659255,14.304390212876758,299.72322795198437,4.711675145140079,5.410518856444708,-0.41864084424924014,20.590318163131283,35.01789467545186,0.2487991549692373,1.6266365947257015,0.5053730100470054,1009.7981126145029,2.854764081925645
2016-09-16,2.096130637470823,14.572855559901821,335.61860760780417,4.455613839711718,4.462574128376754,-0.8209826213123852,15.32123623103986,35.1285181970654,0.2711298123142467,1.6004488195953908,0.5602989114505258,1011.111665020291,2.72843628636401
2016-09-17,1.719806307643166,13.981933014234073,272.1885820258599,5.335566783463534,5.6621260070749955,0.42997925700578005,19.36770266761488,35.04836788061232,0.34179700903055155,1.565001356283135,0.5143442317018123,1010.1407714361818,2.7015594658644138
2016-09-18,1.2508321051808227,13.984931331477586,309.2074458870239,4.431707888594959,6.495435678537634,-0.05159344429896329,21.549329579589838,35.149245354295516,0.3156893770602289,1.4833687099418278,0.6049398547682878,1009.6027625608036,2.7640078502745804
2016-09-19,1.3766661182346975,14.123537314277511,306.17341133231395,4.463066373698478,5.5798870912969525,-0.2290306731170908,21.143628420126873,35.29336549411771,0.2504261943566468,1.1071365369172934,0.5671422122337211,1009.387993758487,2.199733120034787
2016-09-20,1.367090506787893,14.147379599943191,324.0695555256439,4.182853307279131,5.034988911258133,-0.469348148126167,17.847721129094825,35.29451926099063,0.2567004096893721,1.2774607111663232,0.5456565058673951,1010.6476171307711,2.2214048751487203
2016-09-21,1.7541996030401408,13.983625218153463,266.07307263086574,3.656618578285825,3.4652015442539286,-0.8400779676747638,16.9919738875246,35.256063539356674,0.20834717106513653,1.292988551187999,0.5449300829679383,1008.4888269398558,2.166647208864037
2016-09-22,1.1472121240845254,14.195585215463673,324.5848420449212,4.23420946230506,3.7997705478892354,-1.0404007783550113,16.413524102238114,35.21656521897964,0.16758062799082535,1.3208841233678694,0.44907023794949497,1011.0658211181283,2.4776644317005294
2016-09-23,1.4433771037706236,13.894636512214932,310.9263528440578,4.247191499145536,4.88636685108981,-0.3104297830012652,18.033081608018012,35.174796695945076,0.21729976978465776,1.6022983087895801,0.585319932054399,1009.602198354983,2.6588084690230445
2016-09-24,1.3464046423890426,13.322934056662627,214.24904684902214,4.20690632086486,4.795249024451408,-0.6016356957448802,18.93899377966818,35.11556988539235,0.25919127384505053,1.8903398396390874,0.5879047007725886,1008.3802178335931,2.8363286378351105
2016-09-25,1.1955240606807465,13.458975834394964,324.09124332650714,5.182203945793876,5.385893724813895,0.19518675687894343,17.41445289824285,35.141315012558664,0.27521208796508545,1.7244675235397182,0.5391703744667096,1009.0543740248496,3.153121367690567
2016-09-26,1.360970831757239,12.634891404465394,282.1718428712495,5.084159553250869,5.125103833429348,0.4076941496774681,21.17707467865925,34.997883239503814,0.26158344498697084,1.9044781095315426,0.23219377931969828,1008.5609800851593,2.8081623761615533
2016-09-27,1.2961292175428207,13.23367683109286,281.479146319675,5.229067184355388,5.624019707663872,0.45665600739057943,19.821133156656444,35.00693452599517,0.288244922729218,1.8768846037632323,0.3961149146474433,1007.6526512813039,3.453552875844183
2016-09-28,1.4746883191479738,13.598152991984694,243.1617619960284,5.187410639618093,5.895339392119998,0.3009091942777362,20.90870294795397,35.09254072142822,0.32536996175857646,1.822427120470038,0.4203758139995183,1007.5196796322135,2.652220215542519
2016-09-29,1.5692041809864405,13.197670107298162,303.0975330825142,4.522290741612264,5.612616136908166,-0.5390603927161202,19.4873216294063,35.14129711725673,0.3286151904653884,1.6758456529737822,0.5992825796844324,1007.3522629918011,2.7950905683070433
2016-09-30,1.551062905262107,13.283440998837154,277.1140792137115,5.221119943699979,6.660144500855438,0.4107367692325554,22.71709411484351,35.03883293509746,0.3172242356775281,1.8485086350025695,0.7142031322102884,1006.8226910634684,3.1299100275189216
2016-10-01,1.3226726018502486,13.551716320670424,287.31395599333604,6.47303803940302,7.5692921539399,2.3567879527008175,27.036471228408594,35.02744175767684,0.40228193162076625,1.7806198667880775,0.4221698588733541,1008.7579640476645,3.0988137419221182
2016-10-02,1.2497531837829423,13.244121617130304,289.6778647996064,6.439447140311838,7.626583847747493,1.8698597384613693,25.596321142866607,35.0978167152516,0.42823044016539125,1.5302190939586016,0.4872859113401653,1008.0265407203634,2.34917398446224
2016-10-03,2.146909115508986,13.329994532932261,266.96932562868244,5.709151797916665,7.0621328625002375,1.1164059425358435,26.374328416074142,35.10223970122322,0.3762116550263059,1.7182459073910914,0.6081677714145639,1007.3543182314355,2.5893042645859703
2016-10-04,2.746954009134523,13.268406363689644,280.9384620488994,5.39207481690668,7.503354046174008,0.907370487271951,22.097713821564522,35.09791092706109,0.36350075939563686,1.6472348668409817,0.4616588388807171,1009.3145674563757,2.6886857969998292
2016-10-05,2.5839542150745687,12.969530685160175,221.2450312647801,5.628938769509133,7.063811096619017,0.4706267603828231,22.633517141922923,35.069002435211175,0.3188576364160012,1.8075589934608352,0.4665058263389257,1011.2008885722119,2.3585148514655176
2016-10-06,1.8866677280760706,12.049776627349514,234.5074190979148,5.190374858965169,4.059244237080793,-0.8029251412773748,19.495242880140623,34.84295174136195,0.1728945252444289,1.9927483842020868,0.37596726744074654,1011.111559396329,2.5320434559601086
2016-10-07,1.7227800763944732,12.187269440012495,189.78017171850968,4.27884493196461,4.661268376298608,-1.1419148195487856,19.22303036325708,35.00187476419393,0.21499175492478032,1.608360477296646,0.5684394506661185,1011.5307571428534,2.2535527727168287
2016-10-08,1.4477041488487283,11.729717524115307,192.4960526294853,5.776661177749967,6.8521124840786545,0.8658402989929994,24.635310532205455,35.0700629932891,0.3320121849090966,1.6029609121509116,0.37834868831632296,1009.7637825226342,2.3474598741450095
2016-10-09,1.580902878534482,11.424058876892735,181.38488052263287,6.264056502972281,6.864879219903819,0.568729126417224,24.541659636964752,34.97599554046008,0.28345809197430605,1.8943630486062153,0.45633031139315766,1011.0574128205991,2.7913878830290253
2016-10-10,1.7556083188172242,12.8085089690698,231.5196345285798,5.414791403610819,5.609374369796889,0.4477596104745621,18.15603225973487,34.99755284431462,0.3627625451785047,1.7873429180035352,0.5367709482001672,1009.9925713089406,2.4861918533604643
2016-10-11,2.6700965469392286,12.449392786171371,214.61995874239108,4.819680865475938,4.7505861047224265,-0.6504270020353471,20.42497670555312,34.96548858922453,0.23755711132958773,1.990684914916675,0.4757882578902824,1011.2140954624574,2.876018045114642
2016-10-12,2.69390356626688,12.662243731947672,231.89642510083866,4.774982594996815,5.18812316377272,0.30483026192542745,21.161268558072674,34.9523167634659,0.27769318852044933,1.986629850393619,0.490133840222204,1010.24807871049,2.6085532821547956
2016-10-13,1.7836046084339134,12.908572424466055,243.1884903170683,5.2841431827913325,4.543711679930286,-0.08056393889597493,21.612662027830616,35.05570731665961,0.2547582976036746,1.9956804178274297,0.6719888013944454,1013.8403454437814,3.122589986603404
2016-10-14,1.4853259191682582,12.860900304323458,230.8201549298604,6.167717753337974,7.536787944598972,1.2088621048514558,26.169981952825243,35.06118680022779,0.3397304372986484,1.9260775782698516,0.8497952666155505,1013.4340563791167,2.979920152723534
2016-10-15,1.7312866982164923,12.45358067057295,193.11540656208373,4.524954131291927,3.753856264366751,-0.48681452716470675,21.722372782406154,35.18950332723203,0.2067002380735628,1.702535144550329,0.7203005259884495,1014.7705328151375,2.8397760365516937
2016-10-16,1.743153695231724,12.66615496614943,194.7744751537707,4.9996839539733315,5.57522015380749,0.1622602750349611,23.369880654547778,35.15178115572676,0.2598423983514978,1.4968954033587396,0.6100935474124757,1014.9996825274739,2.882896228189533
2016-10-17,1.7812415105244863,12.351860194810303,200.53065113126075,4.929442075186269,5.625659439444985,0.24362172511252017,23.635077729688444,35.14905411754542,0.30001373198022735,1.5400489840464253,0.5295598761564644,1012.8885854467947,3.2760621492514677
2016-10-18,1.8221732753123532,12.500868154597915,265.3175171747046,5.7741238776698935,6.257840202427824,1.0120537979288926,24.379629415055245,35.23728067120229,0.2961540707455175,1.6275648316786506,0.5094669782512578,1015.2372256529046,3.2591928581220566
2016-10-19,2.4425936862353748,12.27094174883109,252.19743010718332,6.2031628796885165,6.147986981514875,1.125637953581941,24.713656021033863,35.11878904639711,0.32911910097218106,1.7595728347680473,0.505005070153169,1013.562050145774,3.0333663673640583
2016-10-20,2.3985050322390746,11.039158500707964,189.63071063292747,7.814255319209668,8.386661546297185,2.829230373453043,29.261205830779524,35.00142300406705,0.39704547505958226,1.8750551504324013,0.5851663795873816,1013.4691360876897,3.11339889644227
2016-10-21,2.3562499250086484,11.883067839036913,242.35594764941806,5.558036078450339,5.707034301355646,-0.010453244774608156,23.70622762930378,35.01764970315861,0.30237696543590836,1.874468463262061,0.5055643512567953,1014.0792614604356,2.9003438499594543
2016-10-22,2.3912236266951727,11.880000710983413,190.70855219714258,5.9000689090816545,5.410898346173534,0.383859046500111,24.414828243992627,34.99938116723506,0.24275204715507365,1.870869125274844,0.5471350555089368,1012.6403065083484,3.0320214167809563
2016-10-23,2.5686474117317326,12.356620653990767,211.71692725337783,4.370501495052226,2.1679294843835546,-1.728299182299917,19.34793663504593,34.94056194005922,0.12774574171773492,2.082633819467777,0.8778741939198917,1013.833617725609,3.1907272867584457
2016-10-24,1.7065367755981773,12.134394985133927,203.42112584891672,4.464276206902905,3.1046566199235177,-1.7061864348413112,18.707889891030163,35.124905886884015,0.14573898772426774,1.6916086779316069,0.7039508147169109,1010.9562493620507,3.1780110216492514
2016-10-25,1.3913339929480895,12.634088024104845,215.5402273977322,4.675674206063215,5.7691611158953515,-0.2617460345595941,25.738528859365978,35.17243493402474,0.2800482041316851,1.80031402454554,0.7476685775047727,1007.9268479177193,3.2537418881921427
2016-10-26,1.2022608308248055,12.03606146296611,143.81795152904982,6.266665017561701,7.250762543616261,1.3711063673017005,30.785977678881164,35.110916436553026,0.39009032564696206,1.6774672601976672,0.6740831073659357,1007.6039579288511,2.8183794065911205
2016-10-27,1.4888988818721978,12.15007511844251,207.08148363476016,5.805529955177754,6.796987846416025,0.661518393039825,23.765038095435237,35.15081437423796,0.3777508082203097,1.8836465170667207,0.7250694121219043,1009.1054380966691,3.0748261818443052
2016-10-28,2.1884308430254595,12.40641033033389,185.43654989472898,5.121850961107549,5.526536850063781,-0.34175289360194,20.893847688821545,35.10230758424761,0.29385917738542333,1.8002672078592565,0.6564409075942681,1013.3004587340228,2.819077933283571
2016-10-29,2.0706707868546177,11.99833686402592,165.75865191812397,5.869085686426778,6.448981772877512,0.25229332097771107,25.09227447344224,35.045667584857306,0.3447818804369377,2.124285488583434,0.4984288192718578,1012.6922902274422,3.0341357681696577
2016-10-30,1.8972430097454278,12.095616378986234,191.2400476430161,5.29882654455557,5.574466611290171,0.28526046607165406,27.25025203368861,35.153116518443284,0.3420105814128426,1.756167470985797,0.7297761362706502,1012.7816891845474,2.889688053228005
2016-10-31,1.9343690332089158,11.495030652934167,223.36340686249451,5.712829485518294,6.1367461030411,0.39696007353420987,26.245758754216183,34.98454831673222,0.28673863285068935,2.027688516448031,0.528277741357799,1013.6935286528606,3.2104185240084346
2016-11-01,1.8212793955645636,11.243765081657406,134.8543164710472,5.576561099182181,5.758880301176426,0.4281918727914314,26.683228494431848,35.06541663735472,0.29346186719215683,1.51481222910568,0.648617274733624,1013.7869661761908,2.6878414032237448
2016-11-02,1.5746889577967786,10.521033701809104,106.31556276034792,6.911949599392886,5.024021525509665,0.8702554573225592,27.172322187227323,34.900972053787655,0.2524371431595562,1.8770852279698234,0.37413378305794875,1012.2568814705886,2.896482468713043
2016-11-03,1.8704755652470475,10.40917827507211,93.88928041567601,4.833223384495868,3.449122365996641,-1.2367788668946753,20.511914801596625,35.0453747166361,0.2061349984990333,2.0351668343103944,0.32376558721368187,1014.0832627411589,3.1784311081566097
2016-11-04,1.8097972973741154,10.417861812520567,96.50308062649145,5.077063800009788,3.6852393214824524,-1.1733114551922998,20.446901054728492,35.09207029862548,0.16533492830270616,1.5537676949171215,0.477133505196693,1016.5050939867496,2.738609112750638
2016-11-05,1.64074590795284,10.343331191725111,81.36620680084405,5.537924265197058,4.299517741441674,-0.47246171206242915,22.23157887224035,35.17340081195387,0.21471977084819258,1.4710328519645672,0.4536705337349227,1016.997292216714,2.8572443547885715
2016-11-06,1.7536456698932972,10.518466435016817,29.454049866434303,4.959242480991499,4.084388182042273,-0.631182659329339,21.074459754962255,35.27152903063146,0.17386002208453044,1.3074810871913716,0.5093382494685136,1016.3906646682732,2.753220984840598
2016-11-07,1.292102810485094,10.94778779390282,128.98151656965035,4.908397748397625,3.718140907410392,-0.4684435949488813,22.26221891534468,35.22253989217855,0.23020827389709264,1.4546433577893128,0.48207484892481123,1017.7958791665599,2.4699416750904746
2016-11-08,1.175293237434114,10.430374285389082,71.74349137520001,5.7144889723649,4.772376420904098,0.08851637823380781,24.939596622433417,35.17800816342841,0.293226595993838,1.492588220528504,0.5671025005144966,1017.7461662584885,2.7003872775891336
2016-11-09,1.1588042767011206,11.002333743281284,114.25878059442726,6.252859990824147,5.364286799678539,0.9428710263029119,24.807249776987454,35.10526412701047,0.34524740564905043,1.5432309142431966,0.6441432810998307,1016.5321484143178,2.5997279535889293
2016-11-10,1.3983517526361235,10.98876323121301,120.58200336508963,6.349126114762513,6.90954666083132,1.2354300285227158,27.181797606296264,35.12519917874774,0.3202063636351503,1.8457540526532856,0.6784276073875614,1015.8435740863947,3.3841179524408207
2016-11-11,1.875446836447971,10.823719280633782,142.0698692610525,6.328339403734879,7.312625077753952,1.1020184189795694,30.054035156540763,35.104732006714826,0.2677260757174507,1.6619382278632628,0.6813852168085343,1015.34651614053,3.0709240927003445
2016-11-12,2.2618471532284534,11.305833446510395,153.54322181445994,6.269012229019207,6.625360932393551,0.850082250819575,31.25433159748538,35.17824798617883,0.32668224242566574,1.7542485291257985,0.5060367321865111,1015.054578684338,2.895340581471016
2016-11-13,2.5307706669045027,11.268441118925647,132.00863716584806,6.083122685531408,6.346504864005015,0.8323991583478142,28.625098613460914,35.16966431262636,0.3615125798732282,1.5900063959885467,0.5789625054572226,1015.4431190776032,2.851781428445785
2016-11-14,2.623673278755985,10.876667261842401,107.1950896542113,5.905213228383517,8.109827613385455,1.5662951090918094,31.274577618518325,35.37642254837312,0.37354751790206064,1.1590902397337506,0.6549293832942593,1012.4726868998883,2.72299696824328
2016-11-15,2.62675970549454,11.267086933783984,98.0282304791371,5.484482013700693,6.361138326345091,0.5566477840663995,27.735837281566383,35.342063216838056,0.3113468076973892,1.200787041762682,0.5966592287895924,1012.9484277745221,2.690357677872057
2016-11-16,2.019883543097344,11.173936257534509,59.468980339359035,4.769967627790849,5.765766040031046,0.011629713701363564,24.381386647760365,35.45906879363548,0.2689875899702153,0.9801423165253013,0.49636897535988134,1013.148586998765,2.4075915550794287
2016-11-17,2.002066735705275,10.608076526024453,95.52814472590356,5.328479108999727,5.276054874667535,0.5450631276199152,27.263113323249485,35.35302791124069,0.33322908401907647,1.2419344453208594,0.4772332661947466,1011.1978026989855,2.352956947759078
2016-11-18,1.62255468190234,10.751441634664529,108.95413142201474,5.926386556597264,6.531355641355058,1.6401976867446422,30.64896532944055,35.23831688173864,0.28757590122558,1.2918634962546391,0.6815453392961063,1012.7947891570934,2.1990807612261185
2016-11-19,1.767870380910847,10.940540044362253,84.88620007940814,4.878900041442616,5.702190430336819,-0.2028953124137738,28.713129536482047,35.363274066790815,0.24281048029222807,1.2624169608840567,0.6401098132798634,1013.2875968655321,2.0267061402665703
2016-11-20,2.1885212674958225,11.758880096529833,131.93431054820917,5.993829831130199,7.3204804993176795,1.0752164149609305,29.354730535482926,35.406208124840106,0.3540768348399777,1.3096081659999037,0.818354611067265,1013.9223925497457,2.3245934882298362
2016-11-21,1.9114065631460397,11.926071023893224,143.49045831311878,6.394093712937567,7.657701183016886,1.7870221468343113,34.63954538382517,35.33661097892079,0.4272199447404401,1.4118416463215056,0.8801424130901492,1013.5181865958896,2.5467940329923566
2016-11-22,1.8618981733424236,12.556423358705551,162.350540624455,5.8842275376214275,8.272875025441998,1.7942641223655262,35.276107727304264,35.403032741127355,0.46355722341860905,1.3350589337568561,0.8682850118088794,1008.9324138713326,2.19644009257284
2016-11-23,2.5562944587635363,12.364806829319171,144.30007298486203,5.758723368555771,7.5269544422373,1.4434244687724334,28.224792303194405,35.353763201892214,0.408758409897131,1.6529010111170264,1.0,1012.3566279987692,2.2501684023996704
2016-11-24,2.7926874485027153,11.673223042433946,113.02018093340169,5.4432259718241545,5.372595478285405,0.655750689609175,30.239029582846587,35.38491203636866,0.3392830219232956,1.329389042932734,0.7487679514916507,1012.9918528402708,2.306306312018326
2016-11-25,2.2151799334206634,11.890848646630147,190.26204806967417,5.599550542989183,8.062993833341677,1.3881548593619184,33.7902364764064,35.49593475439361,0.410678166507246,0.8430216504627193,0.9098926183044455,1015.4104015025275,2.187055643887532
2016-11-26,2.2062658617368878,11.261378004534038,116.20286001141757,6.213388725184759,7.12496873773884,1.3564248819414693,32.91222092831421,35.4074602095628,0.4362145070800213,1.2602380371714634,0.8226925241189572,1013.8884280340603,2.052196647951686
2016-11-27,2.363242259858832,11.686363698951817,140.51110494885734,6.1455907547800654,8.783228964461683,2.206877200339206,35.78845027807396,35.408691567119426,0.41798816979189957,1.2253934980677463,0.8343088933851543,1015.030909646551,2.230566815766146
2016-11-28,3.0418790626131256,10.950746520849071,92.4584504921595,5.017156833187496,5.920364158322973,0.1968068580745125,28.19090360806984,35.27814840040278,0.3270422886256523,1.5730279249462278,0.723906376934191,1015.4349200742646,2.694204084773502
2016-11-29,3.36163173785535,9.82195666558927,8.0,6.234151378847176,6.137009676229386,0.6290370109354978,30.118741976063447,35.12770030482801,0.2527612905976102,1.5391283281707604,0.5561917370191258,1010.5631219585695,2.3144265497233087
2016-11-30,2.5781305107559627,10.069869520200502,31.34199829461532,6.878491805127127,6.990844608208326,1.7086721821626045,30.60523339600373,35.0977182836878,0.39067108062324507,1.7143313667927396,0.625896907703195,1012.2605384808472,2.536156673817101
2016-12-01,1.8948785415039053,9.734535933448372,35.043394720808536,5.687300567011061,5.655119039746342,0.11915996526850292,30.230976853511397,35.08238332576048,0.21634275395007285,1.6292890006928387,0.5088109795065748,1010.9513969942736,2.6092364456869785
2016-12-02,2.196494313031592,9.463510271126946,22.097845879034377,5.7664201323175135,4.798531151247008,0.33126866201634386,26.56549816255923,35.01599708256394,0.2797442500486878,1.6937328066594861,0.5482786390531001,1009.2154931748943,2.7541768763647387
2016-12-03,2.5413282661800274,9.591229505098486,17.790980931432383,5.80257916380331,3.885782408892179,-0.8389045625853849,23.860939242956057,34.913868925778154,0.18729554501523513,1.776485950095248,0.6076707361224651,1011.0328417653891,2.91929251846834
2016-12-04,1.8203364252593395,9.772782861850322,13.522119650662141,5.742039144477001,5.685150569379764,0.3682868898455706,28.406371787121145,34.95037023412888,0.26012969221062104,2.0096554771196313,0.4480369280918103,1013.0946635154595,2.8978518542511487
2016-12-05,2.075219008885043,9.901412947817988,8.0,6.852421391481757,5.458022541338591,0.6517162061575656,27.757138524713497,34.95985088619138,0.20150004509880248,1.6753930730513045,0.5116357494104891,1012.1324106620762,2.8196713043627577
2016-12-06,2.0942260198197036,10.380079227510612,52.24296823921995,5.993328079363889,5.674299962474597,0.3914621422970811,27.802796550543462,35.027496932728674,0.32503740398712666,1.7989228723306516,0.6155339302017461,1011.6347202848036,2.5404796811323718
2016-12-07,1.7931786616493628,10.281521865893255,53.35764953073844,6.509311139086554,6.053810237890734,0.795923013604678,33.49482774851218,34.97722311034494,0.30100838786040085,2.0483363473370346,0.5834044542435369,1013.168541793968,2.765544038837306
2016-12-08,2.0182873645207264,10.561856019895314,110.29958918729454,6.3652562853685755,7.30734452930463,0.8130660683787552,31.86961377894714,34.81008378574747,0.3101944711823181,2.181255008737937,0.5268184245489953,1013.7905222023371,2.8140914501929517
2016-12-09,2.6954188414096634,10.834942247890114,141.73410072689904,6.566833886650342,6.187349802895834,0.7563455124372154,32.33932314900657,34.93492758852287,0.3020935583863874,2.234481624571625,0.605963669017142,1012.3195423910249,2.5921755335622967
2016-12-10,2.8549835754601216,11.159614536910945,175.20918329768668,6.2440038218296054,5.344751633649626,0.38356988210628257,28.292178073461663,34.87377164410204,0.22145666039317013,2.462536012614685,0.8194746798565925,1009.8389682368281,2.720804347620298
2016-12-11,2.8364448448404835,11.146491714970374,77.55137733911371,6.639925850750481,6.9648883754143185,1.2987083750701938,34.74472876561508,34.81408932339486,0.36663999629231103,2.3488062587153067,0.7172842862909605,1010.7217003635218,3.0173019206062346
2016-12-12,2.3265067336371628,11.16456282707935,61.19408128251554,7.49207050494768,8.003500065010911,1.8040617762506863,33.82141106618863,34.71390018212606,0.34163910203147463,2.6087008620832135,0.7736370715033651,1010.6389851671993,2.9376425577018117
2016-12-13,2.462753371460494,11.228056937414863,85.05590681652733,6.915163589065175,7.363819728339383,1.2857047353735858,31.43923465790173,34.715555505720886,0.3659370807786653,2.747168747363611,0.7413535982242188,1007.6397913114583,3.165170961922927
2016-12-14,3.3738400757493316,11.287011187546826,127.92848190755676,6.470979826000135,6.778160948362124,0.7189967237841287,30.377262611683076,34.72822232410252,0.3083332104516359,2.54414600342266,0.6917200443485424,1009.4593309663234,3.017680184307958
2016-12-15,3.6132867491866323,11.640869382090028,122.35660696420392,6.859382057228218,6.617819661113887,1.1013977249372615,34.70863404969145,34.65447758118616,0.33566258518031317,2.7096839960648063,0.8333388350026529,1009.2254670774893,3.1350163047918116
2016-12-16,2.754481598557175,11.433104951846115,101.09226687818304,7.128162057183457,8.174119247736696,1.5993132430281278,32.43922209957031,34.64572870565074,0.30089965525649626,2.837816415376139,0.9329806916733794,1010.6353632695775,3.1004432674410025
2016-12-17,3.0325919669634054,10.928422290628824,88.64035849663365,5.930348723879189,4.565901061866712,-0.2568141062005298,26.596044971149883,34.67788972089181,0.301370422007101,2.560363657191921,0.6828323710113121,1010.3734795444554,3.1510367467159375
2016-12-18,2.897000391296724,11.62583674150106,120.22606839841967,5.836863223951599,6.215899013916713,0.3161993000357902,31.258429209196237,34.818980273915976,0.37282330176334294,2.427557940802328,0.7721073999303252,1009.6914288193709,2.8756660992420326
2016-12-19,2.6917220184685458,11.489010724694639,91.01277385196505,6.549995371559406,6.027112624569297,0.8086401290507078,32.249946588328065,34.87359510588874,0.3258337079136648,2.318634203929812,0.759431788435641,1012.3319557397022,2.917571694346342
2016-12-20,2.2585853173547994,11.704242926438978,122.72701972019215,4.881039473714407,5.066718738691665,-0.7968894438858954,29.43189788165099,34.973324721362516,0.26836954388612866,2.03020307149583,0.6978719618219492,1010.2265294641435,2.9990176702698275
2016-12-21,1.8809297081017669,10.944232746763069,69.56935780932656,6.7539417331807226,6.014538269857541,1.1818345971238395,29.91436179530674,34.899542672065046,0.32763055600127,2.1344348626226672,0.7527680372750927,1013.3426305310917,3.032174524785621
2016-12-22,1.7912129485795094,10.653903501320835,91.67859971622022,6.16415547498814,5.776590172883761,0.37940863327519375,33.07813192895673,34.95799588779731,0.29553429675025206,2.00656869668137,0.6573867933643528,1011.8344923362494,2.84537329216496
2016-12-23,1.732068645355222,10.81794050310459,82.7761195359939,5.671141861983795,5.416568396671564,-0.20677606041925212,29.053549952166243,35.029698983620875,0.23520779146552856,1.7503841840828565,0.6391313776385616,1014.1213087454627,2.458516247062314
2016-12-24,1.748470533610132,11.438947866135385,106.63507275236452,6.5115258780288805,6.887143493293919,1.4627632849694763,31.769005260304635,35.09156091307787,0.3760414574210395,1.872396685161547,0.5592527659523471,1013.5948432103231,2.996743772858574
2016-12-25,2.24205446939389,11.359218596876447,40.38130935791306,6.602166576107381,6.914313436919936,1.370256627031405,33.60164266951433,35.06808291573664,0.39923939174203826,1.8034663469133667,0.6410687004019427,1014.3751884659395,2.9373429540336584
2016-12-26,2.8462019836833403,10.94726335626407,87.2099365134383,5.935014205241783,7.368052965894702,0.6197489456398311,33.99375063554866,35.121481387716045,0.3112016960107229,1.5705172641130245,0.631657007134454,1015.1121386890702,2.2085346778224793
2016-12-27,3.2119584256608533,10.765605653047677,98.66162360303096,5.669954861919503,7.422503320348871,1.0396984425201548,34.4384912680788,35.28772364850821,0.35065695693727716,1.4789081959182038,0.6006339641838944,1015.7195710964322,2.2322228258357146
2016-12-28,2.770623020806978,11.437076810186147,99.53348597651087,5.2686957079070575,6.872238730572049,0.25912562685972285,31.770356468450267,35.21119324488003,0.35155341247637584,1.3405148162325757,0.7003289968905653,1013.3766758328683,2.435581926161309
2016-12-29,1.8427641454147523,11.219512304881244,119.26585730296962,4.890753464510988,5.164143962127614,-0.4539701484673099,31.06269721106885,35.37676236879718,0.25883701686828553,1.3551654063381473,0.6782867694743122,1014.0576043171652,2.445756115026041
2016-12-30,1.75836703550722,11.341458015846626,56.14465870584888,5.390537247661942,5.139769910442055,0.009248460860754378,33.437367859185414,35.273753926555656,0.2187123332803659,1.3494266756441304,0.6526805902753202,1013.0340721960924,2.290434643413417
2016-12-31,1.8163901366432122,12.464073867349141,159.08335460666285,4.6546370347209045,6.737259946447875,-0.030504933260845468,32.89590278532855,35.23771993995288,0.3238682709912076,1.3724363873316208,0.7261639823887169,1014.3717463159642,2.6490529649096306
2017-01-01,1.9878354694534957,11.773696300089622,146.8386279980805,5.936831474659063,6.997783509703823,1.2562298318423994,32.65043999172921,35.28001578856153,0.2761322570559727,1.5796568987499964,0.8348442420173918,1014.6415235048902,2.567733012270619
2017-01-02,1.8625498570195442,12.08810687647915,108.5924428749394,5.283705300507333,6.610059118063991,0.20654484577773413,31.131886271359186,35.3324144960688,0.31925756335224376,1.4178370677332446,0.951576592834602,1012.9181340863587,2.315419969664622
2017-01-03,2.3381768264194474,11.99283655212668,99.93965171252208,5.909821903528603,6.418715793713328,0.8333347807969719,32.20256731023139,35.28604068035474,0.34884663576031993,1.607499541205751,0.6946648043129018,1011.9361812030193,2.9004790458377805
2017-01-04,2.3523361232967424,12.203716641426334,94.44565871194825,6.491628113930376,7.679999051440205,1.223055703389636,34.012731001689794,35.16943487257413,0.43103143168184227,1.4491061625950752,0.7914002416437915,1015.7707778761595,2.5312090402664635
2017-01-05,2.1314328074691655,11.542454311634751,95.74000480175647,5.8026633527798195,7.518767441291556,0.7974313861085365,34.098829041904224,35.10451280014243,0.39406908943316615,1.7084059945667711,0.5933819431943099,1018.6749173833766,2.6994914387133924
2017-01-06,2.307855135397176,11.339373029536372,79.11403635638591,7.303014090009322,8.714222677567573,2.117041937815037,36.37886876212191,34.993653185627046,0.45576312098965804,1.5353588788389525,0.6839765643374454,1017.3544582788827,2.9742286889599834
2017-01-07,2.4796680715102317,10.94223635616641,103.7199208126622,5.8747810457768885,6.573503801740716,0.9431598132542444,29.95865754049466,34.88000055516648,0.26049309775734303,1.8408022515829479,0.6687363688180703,1014.3796174802704,2.5275105838984913
2017-01-08,3.477593163632374,10.774092096236496,22.33792212080246,5.977568684102408,5.80175499941627,-0.29198519070084533,30.78936339475195,34.87704043844414,0.20699860787055643,1.9148095477378868,0.5189935279339685,1016.0459732853491,2.2970470767177913
2017-01-09,2.674312720150137,11.003588122575596,58.26273965301649,6.585820334810579,6.502187873739973,1.0320552553089934,30.633568319700196,34.91846805891437,0.26899392383891546,1.991323256738763,0.6296324579361547,1016.0617477895694,3.2462929671544005
2017-01-10,2.4595259057245014,10.911504346539502,43.45772805042715,6.593201549416839,7.702647586119744,1.6614402169348268,36.27668944162135,34.84315953771024,0.38084856929818844,2.0016760989240776,0.47179899072235965,1014.5888560987634,2.546850200503502
2017-01-11,2.4796167664372906,11.112804443737417,70.37079114847593,7.1274055908293095,9.38274797482283,2.743058681020858,37.301746682958566,35.05639669057559,0.4266118258752892,1.5848598715903786,0.649006599550866,1016.9855376140314,2.7414325722425708
2017-01-12,2.624904419312933,10.701412979143639,79.16616254377004,6.143969088782756,5.7092107114656745,0.813423306487136,32.04601730238059,34.95959471350772,0.2799395125604389,1.764869203650536,0.4462239901005979,1016.3345322450929,2.510700162761518
2017-01-13,2.688260482373952,10.595191138000523,42.805542458157056,5.942770973053177,5.00093680885903,0.05434748485882439,28.161492875951815,35.00965532474339,0.254274304359907,1.6066321340693328,0.30366583462992003,1016.7127279193307,2.791161834539713
2017-01-14,2.8613997341256097,11.704995566199017,58.248571371882406,5.129738160141411,5.108518502362712,-0.0856616521258559,29.795242268734388,35.060738957228345,0.22338687124173315,1.5408897780698168,0.6447352257264929,1015.7226575869868,2.2976353215945156
2017-01-15,2.264875451592686,11.924874660083825,115.93487943327555,4.183285967511811,3.6797433636895573,-1.019187649335464,30.423590288991846,35.27474733720325,0.18594950536522936,1.2369103073128456,0.5452980816949025,1015.0760551788604,2.4482761167997684
2017-01-16,2.0140761482956835,12.524084471939886,123.13165970635418,5.014469455511113,4.993539315869846,-0.22583502504378336,29.733428616166965,35.153359500838896,0.17970541427276204,1.4401007465184081,0.714493747694166,1017.0360201497098,2.3853073525311426
2017-01-17,1.445010485930731,12.41544383126986,119.19992705888019,5.2074791206714215,6.086574629465642,0.5439326324215487,31.830897138594203,35.17550600430709,0.3036801747310452,1.3181072809603185,0.7286569967444744,1013.2768946309981,2.4685086033722667
2017-01-18,1.4892515732662062,12.719251043069885,91.23164263618028,4.857129031551309,6.858658058663923,0.2143032291939958,33.314474551995,35.20772435082666,0.3981479606654819,1.3776374389787032,0.7116967419177317,1015.8359587421645,2.2989205283607546
2017-01-19,1.6157036997214822,12.997458972129532,169.5427785344027,5.479297249214351,5.847748155528363,0.6217955702059652,29.91546438178785,35.08558784528034,0.28619581174540115,1.79179500178831,0.7080399174710295,1013.9367724923658,2.7282821746082
2017-01-20,2.2085816172064066,12.267331077455882,91.5807663840871,4.563713800753312,4.556645926469035,-0.7987783319680882,28.555936943062648,35.18540691859196,0.20546593328384974,1.5730426918596903,0.6932372542070953,1012.1032999822336,2.3840115358043596
2017-01-21,2.0373564281530574,12.594623561065077,162.47296170830893,5.279451273527125,5.6418324161069044,0.006072815856675847,32.85146217603122,35.11878833953667,0.30977887541970733,1.6775910160669503,0.7134225981979558,1011.1620306712092,2.549966134057464
2017-01-22,1.9366618412145913,12.85200232244046,115.83350559482582,5.621859845523688,6.82495006227947,0.5954520752963202,34.916385025957716,35.08220590587605,0.3919920796717648,1.533633872877849,0.673895396932354,1010.6549132167538,2.405405994039125
2017-01-23,1.7744279112729342,13.273269811382406,181.23473638069368,5.521095554254388,6.800145749288647,0.44866116632430575,31.33529166081622,35.06949452703927,0.36746068394066395,1.6038388523777154,0.8698582013276683,1010.4213468223732,2.403251478245341
2017-01-24,1.489058127930312,13.405516053177651,202.11848791173776,6.1471249980891765,8.249478147570676,1.326499702357548,37.263805238444874,35.12162433942019,0.405953549806858,1.4501599714334383,0.6647282836255606,1012.7054429008293,1.9452386066265122
2017-01-25,1.7930994719154132,13.530205041514893,195.87940861752165,4.925558636133401,6.3629796301690185,0.2595245915158785,29.360406516079397,35.26393239494626,0.29259322898123763,1.5638263179292338,0.8031260475458645,1012.5216223617373,2.442769709189826
2017-01-26,1.8565749350885985,13.55540185053981,192.46140797791355,4.532111228804836,4.257149040663567,-0.883784960391926,26.568577769343925,35.22969687813339,0.25352219787584995,1.4687581641169605,0.7372424621865652,1012.2400888216774,2.108403905513285
2017-01-27,2.055379986663248,13.22337247409413,154.6579961808612,4.569110009175158,4.8195807547464575,-0.06627029567783266,31.178276970380345,35.35845246762891,0.31813980338114933,1.3611034004368099,0.7222835263859873,1011.60706295511,2.298758836238375
2017-01-28,1.722917451573244,12.54956839129315,150.57890090650648,4.593393502257214,5.427559672912884,0.02944569083181587,32.62722718821486,35.24527574095477,0.2869230330563218,0.9308017775347537,0.5700202759855165,1010.0463523908177,2.009414433122616
2017-01-29,1.3552211510596377,13.091783969570848,159.69666755538555,4.610955490041814,5.673445962681736,-1.0086029555265004,29.545931264523023,35.23003667394962,0.27742405111959273,1.387598254685027,0.6300682595634716,1009.5639112157205,2.330903297063913
2017-01-30,1.8326530511713148,13.432288753882876,199.99759701941574,5.948891780917016,8.99249016107877,1.845091751299172,41.38565640055502,35.22695797578158,0.45587582967478446,1.3548033932797,0.7749325911021323,1010.8046906222187,2.1116537701915705
2017-01-31,1.3814893807625799,13.60936964003569,176.66889980280285,4.520564585741697,6.029793218972596,-0.03222628839614644,28.81291779312369,35.17454438025671,0.22491462707617987,1.41179534577784,0.7254377904023114,1007.670091494552,1.9737486199337397
2017-02-01,1.497721159470081,12.757381638131285,139.6354833614565,4.753759858251849,4.572644654732011,-0.3090912487694416,27.682091539607452,35.20874946593687,0.19352190540475195,1.3298931111920296,0.5734974183316622,1008.3806677986009,2.1204163509454745
2017-02-02,1.4898338354415381,12.985531891630393,122.51381400754572,4.656443806235728,4.8911445566152665,-0.08003416187191265,28.526820553749975,35.20668284820184,0.22084661226908642,1.1814499833758896,0.33493290377978197,1011.1953706046436,1.7441160286219115
2017-02-03,1.1617484209449591,12.90969863109821,112.59937111522088,4.03614752693446,4.674365682718843,-0.648579722451257,28.560681815235643,35.14878933716872,0.24302281987924634,1.1208802458585059,0.5885802970426797,1010.7282729808899,1.9444119453106745
2017-02-04,1.419777778348701,12.733494846515153,193.39626278352833,4.738463895922913,4.966114809366845,0.14362151883151603,31.206125850347497,35.214820105505595,0.26026943604829716,1.0799161904100267,0.4729264875486433,1012.7635461232785,1.9605154635059088
2017-02-05,1.4254944098883189,13.324053414021565,182.70355791970087,6.6156663114690994,8.672318756102586,1.986970694977999,35.97528057273939,34.96125922786787,0.3601980611287867,1.3897699715860414,0.4989310450160829,1011.8997062559862,2.1721061183121875
2017-02-06,1.6143641170117096,12.840620259050498,165.3583097527073,5.572262271210622,5.691652909300281,0.08565001901874686,31.11451395978944,34.85716160210747,0.26355409354236187,1.6413258947519984,0.4411454998717145,1014.5692971474791,2.340078004721563
2017-02-07,2.119345882015881,12.719862141068194,158.98955205751378,5.638029859519145,6.097410296953575,0.1094353956988624,32.99320857069228,34.85817045026702,0.3043632523429323,1.6327207965770223,0.4272791841440642,1014.6350103735168,2.526120521978997
2017-02-08,1.922968397508354,12.534088034288043,116.17889542030412,5.194497182964642,5.666442343220228,-0.08414649931697414,32.616009651413854,35.05837409593175,0.3166066464744057,1.3361545308418183,0.3787455340296841,1015.8686909352288,2.339843332448496
2017-02-09,1.9563999762617934,12.92198143578107,168.60966686363747,5.556657222713027,6.353291304509226,0.681941164320842,31.79965306538337,34.992706647381205,0.31450756324441825,1.6921450451655715,0.6435616025304554,1015.8672144785004,2.858841735643974
2017-02-10,1.8320947988615528,13.161628229797888,133.4658874183039,5.098478380323751,6.033455808227383,0.21472162389751778,30.560608755035418,34.85936007108308,0.295510536787979,1.7074949645387263,0.4613177859411748,1017.6124052132067,2.861983365983251
2017-02-11,2.0045211932245395,13.571237821111326,155.74044306683325,5.219017556894697,5.811182859209101,0.016281958574618643,33.221093691978965,34.93995355630921,0.28752160597869597,1.7093498741183695,0.6539458102609615,1016.3232477505717,2.585853521381182
2017-02-12,1.8226643050794071,13.181338325776782,175.2159890710593,5.8039604183195115,6.796971814170012,1.2130392286181926,33.356053302042746,34.94559622456601,0.32434512386009107,1.6262323948864548,0.575273565226576,1015.7179396175186,2.9312056123525263
2017-02-13,1.6362919423568165,12.838816430833141,113.92230188753086,4.892804607073366,5.088487444571177,-0.07802780529510629,28.392914451954347,35.01915757523558,0.2322606794510603,1.3691409309437117,0.33573073501252426,1019.907868991284,2.544625646792797
2017-02-14,1.7970701507304403,12.4190983435305,87.72609237529542,5.90166197829479,7.598711632984212,0.7749973836310526,33.945075935306825,34.84228061696168,0.32769896852561387,1.4285844163455903,0.3205564975801693,1017.2984902218413,2.9384387566452013
2017-02-15,1.859016081044052,12.561501459303287,97.89777309098366,5.879998971113636,7.831736763892013,0.6048941179333485,33.455526534098766,34.85832127971621,0.3995527213264864,1.4156042095236758,0.38162513361951655,1016.7217624218201,2.7287031604435747
2017-02-16,2.302467716301077,13.130089165008435,133.92875543491232,5.573905673295789,7.011940918193074,0.30699490706261245,29.05966163684142,34.802458425477546,0.35951596979006134,1.8128525482502567,0.5054721127792638,1019.476475007618,2.4740636715984383
2017-02-17,2.83152123256317,13.698272069663725,189.93055993494048,4.5394947808038735,5.174288912575128,-1.2406717931538578,30.59499928243746,34.81634590464122,0.2526754785949388,1.5298382230635919,0.45015743302832667,1018.7566900214988,2.5231766952042216
2017-02-18,2.8000362380698323,13.631854151385523,120.99350851021225,4.49088027795041,5.640516143221078,-0.5904977700900124,27.3487590656535,34.91090989203157,0.2682898168980799,1.484362075264577,0.44743177931360467,1019.3833613963807,2.185950301097342
2017-02-19,1.8156633206228596,12.926005116044314,134.78312449784613,4.7089931367016815,5.168891261514722,-0.49917032088635555,29.606095182395062,35.06142522133417,0.2578294858733016,1.2608574273885562,0.248830741578263,1019.0102526928198,2.475337807849184
2017-02-20,1.5121204793043326,13.167033244903195,201.8087303792159,5.171225374024806,7.602230199750946,0.6710844306499993,31.182790929679157,35.166513889957784,0.36084634793123055,0.8374406761983866,0.4507436926817396,1019.5062918959864,2.1641079826863616
2017-02-21,1.4231799430306449,14.20403608648769,182.1924666464086,4.24323407497189,5.583765522782949,-0.06333376889733384,30.768271836933625,35.21193174843037,0.3730795716942786,1.061095881972715,0.46092636117167257,1018.9686434094019,2.3557097718512128
2017-02-22,1.6115264080810954,14.246045230776415,152.36457366036808,3.16363856850979,5.020171472367377,-0.9217015216614406,27.346676446389566,35.159295451823546,0.28134008554637924,1.2129031869455693,0.5675056321744203,1020.5436997068075,2.2086962639857473
2017-02-23,1.4172741026646072,14.656315699441208,260.39988407111656,4.103796349870781,5.891947513225931,-0.38779699773534326,31.16598867620234,35.25498527857582,0.3000903997405506,0.9780306723065972,0.39034946909964685,1019.9160701703062,2.068045731449514
2017-02-24,1.4155652168750936,14.456491710015493,181.60545896717468,4.302557220879984,6.22323694557593,0.15685789109692364,29.23494417235417,35.31139436703084,0.35076089553251694,0.906539520664349,0.6464490130027805,1017.5797598465474,1.9238724364976398
2017-02-25,1.5487764475019894,14.06367158143037,198.48093714276243,4.57003221313301,6.464757188103769,0.3426977787128755,28.513041141794464,35.26922638630141,0.3225086369122651,0.7537930411272248,0.5375029764966612,1021.0011068551937,2.0200017562407386
2017-02-26,1.6375641626141875,13.97250804852583,220.69162594870994,4.924787236438045,6.36545121649008,0.21051681128884184,31.343303994382214,35.08748507797865,0.307442761581276,1.01828969623926,0.3611463945389689,1020.7333889297248,2.2506647738162506
2017-02-27,1.7902333840539635,14.261442046460713,165.14589681487917,4.713436675774005,5.760626271601588,-0.5693927112151289,29.088348189103666,35.008898641572515,0.258428883135889,1.2839315150310378,0.5733146905256864,1021.328878029462,2.4652389623887854
2017-02-28,1.8478174609608347,13.985693645260021,221.1929438878226,4.202795777907909,5.595473081400738,-0.19500674214922653,27.58710946781629,35.06616512132852,0.20230592028950514,0.9919953227283292,0.3317535214941786,1020.6342134681729,2.009264370545119
2017-03-01,1.4596229268596104,13.667840602623738,121.38213737003528,4.0092935987476706,5.290048248652961,-0.8455340422527843,25.737214490044266,35.16758710762882,0.23014232951179536,0.8223473712720593,0.3383182562436193,1019.4367325032006,1.910330919739293
2017-03-02,1.43360323938653,14.17486236793213,183.17917439544274,4.344384695015546,5.362901042989453,-0.5191125198367728,28.527427198761313,34.96562417955205,0.23640441348885216,1.0427065874531527,0.17654499110320243,1019.7017738751233,2.294673080082294
2017-03-03,1.1676197447879764,14.172092501301549,172.09199312224658,5.137779143330736,6.684180323001575,0.6490806219432823,30.36863034323881,35.132310303285635,0.29731496792037476,0.842904107767255,0.5050341531088612,1019.1679040260562,2.276847685593231
2017-03-04,1.2600551055150384,14.694124125426232,291.977005424116,4.277029677594972,5.850019034658199,-0.13817495873390626,29.821889867871743,35.13039062116171,0.254576425255675,1.1280257469129618,0.4329445277847752,1017.9441312291607,2.436400211070896
2017-03-05,1.5236009807464572,14.626477054287,145.26817214042654,3.1466191788313904,3.444952996487673,-1.7804013495486701,23.002775857230432,35.10920409072693,0.2170905557807627,1.0630041211281678,0.39915674702854165,1017.1182157751708,2.4893708067488887
2017-03-06,1.3159889287120907,15.141958590538154,214.11029446069043,3.2081110610282004,3.9531467598089565,-1.4242462524907815,25.304311248337488,35.19649666363373,0.24189338643490055,0.7597517230866735,0.43963698506504006,1016.7690949361621,2.0827261182357515
2017-03-07,1.1674233676006205,14.635037053355834,185.59931062600864,3.906054849151688,5.800035514926412,-0.7215789337360318,29.5508554981837,35.019167494687366,0.3402335503868508,1.1258540207310506,0.42212310466971004,1015.6706836949302,2.601238326559351
2017-03-08,1.2009140805097351,15.551734051463459,258.24298434471086,4.5362188598544595,6.630218822364183,0.1080873471645985,30.333776929639974,34.98773714299433,0.3180352359772819,1.223161560333396,0.332564577422314,1016.7100860691883,2.637970443423874
2017-03-09,1.3132875541419653,15.404964281809105,302.57964585522575,4.503627801653431,7.033012574544574,0.17867329097273657,32.38500115240192,34.952354821800014,0.3422638771179178,1.2118581592764965,0.40849007154980077,1013.6048490110333,2.6288382580881575
2017-03-10,1.337667616274443,15.643498155737515,308.22920515373494,4.649307639664579,6.774208970447313,0.3664829346227736,33.01704123610984,34.93234609913276,0.38115131739775293,1.5503782847052605,0.5263866781829393,1014.9340804968642,2.219144290189219
2017-03-11,1.1253319474450463,15.612820325650755,307.6641305176541,5.271390174846645,8.319278470708971,1.8444919544792313,32.4158965174781,35.235909541418756,0.4177448544015888,0.6443377324110984,0.48891070399536185,1014.9541824772023,2.0163553375130876
2017-03-12,1.6214749950296834,15.518830643809038,243.78510206708287,5.651047097000864,8.3195025806272,1.659972721540638,32.01437128631695,35.07954616823858,0.3624174782814639,1.1850627284311805,0.5134024624441825,1012.4720509100466,1.9375358343183076
2017-03-13,2.0412318145542194,15.61683134040854,293.3031409710752,4.88215211989906,7.907730952203064,0.8317850344272504,30.509208789910826,35.1926636628973,0.3609724280613552,0.9125233734318305,0.3401477175266291,1014.9155959863971,2.4980596154411185
2017-03-14,2.5663045781707603,16.18384417175472,330.79811117453227,4.456994009538883,7.181572556584888,0.4963296538320869,31.972637090718194,35.306014738555916,0.4127146276349935,0.7116556936553616,0.518079574574172,1015.8689723414175,2.1797385278905477
2017-03-15,2.599963924001576,15.341993331039848,240.32902256212066,4.628576700893552,6.68521210306289,0.5637761257940396,33.98202970586797,35.138680803352464,0.3558079693429794,0.6855745167636409,0.47495320830784815,1012.209832390826,2.4819300497785584
2017-03-16,1.9662712038741328,15.653397674858905,254.90718554931118,4.158146124182898,5.729225302633411,-0.09886756764079085,26.283179812275947,35.123876558888036,0.2826267910982011,0.7523823287284157,0.31547250172420627,1015.5145470072472,2.472681035067906
2017-03-17,1.6540270855271106,14.913713279609219,265.95946066617626,3.779253592268414,3.32434397999621,-1.4540009636322355,22.206407426156968,34.9830140301533,0.14498344709354113,1.0054770857009652,0.1915772263774022,1017.6984009676108,2.297594412547967
2017-03-18,1.428927960681543,15.455061145269456,259.71972351469645,3.4771547257641586,4.938876976879731,-0.6751822354647742,22.25649646553014,35.19657292198254,0.276730824954291,0.5728059662517071,0.26669518553643856,1016.024350630639,1.7820396498538225
2017-03-19,1.341752020626225,15.80622033514658,296.74028078593176,4.148974761521465,5.439186340222304,-0.2526486284079125,27.51699987543795,35.183541706031214,0.2975907318645367,0.8922346147741034,0.37205916534696293,1016.6860678804858,2.2331913695264864
2017-03-20,1.3364057570662622,16.543795231029502,337.8497917840925,4.155082804912135,6.045265059067953,0.02000230356951406,28.668782741215132,35.102162141733544,0.317446969403321,0.8662787968170266,0.5540383900859731,1015.0310631143068,1.9783733152241767
2017-03-21,1.4370558718292041,16.335949543339346,326.11612438761375,3.8860551257357296,4.789592229195804,-0.7155819201462432,26.619013700878497,35.17210762006375,0.20479611950901155,0.8451590107476445,0.4846679368667154,1015.8482264449882,2.598656657856449
2017-03-22,2.034548393671786,17.063710019564258,369.6304240308709,4.763818574708064,7.878723188248528,1.415875848534201,30.450649124571218,35.269217031051575,0.4447225344816388,0.7726045676524993,0.6421826677457958,1014.6088084444547,2.294034006930362
2017-03-23,1.9081812854039286,17.46598593411073,316.3779002153937,4.416167615610621,7.895881587984378,0.9924229417157945,30.413339436581648,35.40275942728429,0.3998678654992103,0.5043507684018573,0.5955600045766901,1013.6760192311591,2.384163824500477
2017-03-24,1.7917103415298417,17.265866572389058,348.13860821037395,2.9460627490568037,4.684899693391918,-1.0075913625624366,21.367584030648324,35.411202574305655,0.18792961980359232,0.44292645055866664,0.5072303000953167,1013.4135304893229,2.6690519130193673
2017-03-25,1.9756600367617652,17.378072414725644,394.28167781674676,2.9181763906979548,4.762914575375841,-0.8528263105191638,25.266857575908073,35.52520107941471,0.3246474149418556,0.27030363686235176,0.3808226978608532,1012.5081243832894,2.190645268529609
2017-03-26,1.6641708542887115,17.83003464651553,383.3459348125793,3.1427744210340314,6.3975082988475265,-0.5637201774572733,29.74530200828834,35.33213641233003,0.30871024254606916,0.5405846683593275,0.41572675359127287,1014.1752701641716,2.174551465427674
2017-03-27,1.5744372601876395,17.06545825981467,305.48587465983,3.649233991804657,5.943996810627993,-0.4417670526965627,29.208961557695304,35.14304720366796,0.32228561047136944,0.600409675170302,0.3891829829484555,1015.9791741800499,2.050443699810096
2017-03-28,1.3445365843235477,16.587879734284492,397.44872260217693,4.140641532533183,6.846477009490157,0.23153288415672824,23.502724852785903,35.09483104425353,0.33255847414796763,0.7062603580144653,0.36402451034006356,1014.75530167174,2.030378591544273
2017-03-29,1.6818487060643028,16.55118719460467,371.8064713396762,3.365363788602959,6.328816574574884,-0.09154527572224407,27.242066465795194,35.332591385636285,0.3134367239490594,0.7053087100485147,0.3786167122152139,1015.2892823268389,2.2965154731787436
2017-03-30,1.8971644203655944,16.391471619343463,280.2919568062793,3.3312200794657585,4.682557634637637,-1.0600627444728024,25.33007351958536,35.28571525559842,0.19815503663377082,0.6107426004228254,0.4559090951590452,1012.7804903935415,1.7486523224547341
2017-03-31,1.3662391938191627,17.30882074229386,320.7168023660772,2.583369435124687,5.157729100325864,-1.493317832357568,25.24920203688987,35.13792605528739,0.2876079819380822,0.6073426295718459,0.2973391349178627,1014.8062244390735,2.241484912094045
2017-04-01,1.172219703598467,17.23816829289775,391.36073152152983,2.8721492992872193,5.433106770603908,-1.339291833183733,27.556413272804217,35.19645429070859,0.24781385023804978,1.0479327886832563,0.3559483530513314,1014.7630778503925,2.304003227536382
2017-04-02,1.1316458039721318,17.241866229929848,379.99092287660363,3.525593871459078,6.52805187574068,-0.8975339010495733,26.798100361884412,35.064470077843936,0.27398322560666827,0.8733173025828486,0.41662485080648937,1015.6436142792828,2.1359801516530097
2017-04-03,1.1203697509303248,17.848942558562072,398.3562183765394,2.7697615862760987,4.650098692478127,-1.8002572228928617,23.649269311144195,34.951205413600626,0.2897152389238151,1.1757595800132499,0.5281439146170507,1015.6070589893721,2.2246341946242594
2017-04-04,1.0949499574265424,17.41216215323044,347.59061203616585,4.456401858464368,7.59811676101755,1.0996572239378826,29.33993475031378,34.98681065120434,0.3538250812287683,1.0682020020278074,0.42737264825403853,1015.9067133165241,2.1065493644318005
2017-04-05,1.4242035794370245,16.338725014690016,333.84764091920493,2.927353728172177,3.8886500165624214,-1.465549007199459,23.566095629371517,34.91498024411923,0.21512258660908753,1.1482307403042047,0.27494915956408755,1015.3137623442749,2.4867530893394814
2017-04-06,1.3370947942379072,17.522564521637435,327.6141903750727,3.303189937222112,4.5459594581607865,-0.6297968741609499,24.25772410687003,35.02811701843782,0.19790090861790194,1.0039174368565902,0.30814055238881516,1016.010878376914,2.4996442483752803
2017-04-07,1.4277860120915904,18.107344843546475,359.25726757414907,2.252404161283146,4.802165485248652,-1.9929276678293335,24.41592202283251,35.27406188041719,0.2344399328334722,0.5066954397227064,0.3409006898874641,1018.4740797071577,2.2869495573435907
2017-04-08,1.3039064447068818,17.811935817506566,413.6039782788527,2.7704714477557384,5.796347686992904,-0.3657297285754202,25.558918765622064,35.298814116345554,0.31636410947222726,0.5270262837497872,0.4433227331602458,1017.9489287624336,2.219001985106945
2017-04-09,1.1112222176101414,17.68334767150486,366.13202205984413,3.159680983490322,5.675043832399177,-1.098878377098696,25.75865969570157,35.27751071283148,0.17545825410167476,0.5009221646276913,0.06531434577386286,1016.5607781601783,2.3867710828752577
2017-04-10,1.154586409416673,16.58688637987432,363.0444584941544,3.8977150797485556,6.301308250827347,0.03153656824938342,25.16602935043068,35.143326982703606,0.26469406444326327,0.45401201261201785,0.12723406942710347,1013.6082612033243,2.3749487260543583
2017-04-11,1.0409868928575354,17.663451812275383,340.60323100730403,3.1543257708670516,4.7460165502190135,-0.6497919231227448,20.850746404761736,35.25071622534663,0.2657608214952225,0.6465979888890097,0.38508683867778376,1013.1726586108746,2.0048873051277813
2017-04-12,1.3067970701207419,18.77527378664908,432.77378659645973,2.2296726582181408,5.019202980080044,-1.673221050989476,21.283241171939466,35.464906227681745,0.3346687885363182,0.39666142390530434,0.4028931472786572,1015.0591384020153,1.9572848104538834
2017-04-13,1.1051263781159375,18.78699001550462,521.4011197114393,2.350820355501618,5.256733104305954,-1.348312573385218,21.36416401956697,35.25665742004284,0.3185100118958685,0.6407139873893538,0.48586952906027386,1019.9443458109964,1.878227368561987
2017-04-14,1.1682013978413632,18.694948813699614,439.88063938051624,3.275334345983173,7.670210097607835,-0.2416473617759889,27.90709907011008,35.216233495778454,0.3175569996706736,0.981719011701636,0.5213280650361805,1018.825403170311,2.3430395511445226
2017-04-15,1.2275663219848743,18.921554106073593,418.20422233940974,4.4280370752049345,7.7864581797895625,1.3655141136300053,25.266398125772877,35.20290341535221,0.4719802650406302,0.8189424874424043,0.4432193411760927,1016.8711940245032,2.8397758206053667
2017-04-16,1.1517211904725626,19.001185550329463,446.2450143392239,3.782977093580395,7.505994133716359,0.42695675950227513,25.370444883153635,35.298120985655466,0.4025345126200716,0.7834571621153336,0.5905635389063313,1018.5349839910017,2.7037401166350916
2017-04-17,1.5050999939733798,19.007815545211713,476.4056285444246,3.204271018440351,7.806285074952395,0.031106850177146345,26.777616676071204,35.38904787084762,0.2941082614933119,0.4574722464543517,0.5169452439375485,1018.9334810047945,2.399916973437234
2017-04-18,1.897994294010324,18.703454847509608,484.3473746533606,3.406271134223503,7.202599475286439,0.29334273273509137,24.352883046147976,35.2115717876009,0.32026154507830495,0.7645523470479831,0.36493759221974664,1016.424155245489,2.5262215967281647
2017-04-19,1.857534916136521,18.976834946721535,455.0740747823087,3.2095777303655,5.810789677807992,-0.30966581831182843,20.927459284916008,35.26749011203494,0.29574239541206465,0.716343747238807,0.38696312731697435,1017.5100850350374,2.427894319538724
2017-04-20,1.686405876552218,18.40745953805074,423.1594766860509,2.52876559669058,6.294268032999773,-0.66619764395403,24.837197852944144,35.214587422442996,0.32602272403111826,0.7436161425031289,0.33845122401592137,1015.3151919773129,2.2767144298743354
2017-04-21,1.674483840416949,18.700602079386684,479.1393402311618,2.9363176997353793,6.217079533309117,-0.640450048110559,24.59300163855419,35.24997008626952,0.3744483488694689,0.5002951289879526,0.2564268751716925,1016.5019713814285,2.2172457347763936
2017-04-22,1.8027970771547386,18.603935637650054,425.83712281544763,2.8771714448828485,3.6900094868088114,-1.1604521134396342,21.395633793792605,35.15640824788722,0.2476859127662418,0.771338807974279,0.37594761006407174,1017.4600512556082,2.278075912991671
2017-04-23,1.2699135472232292,19.209397737124203,490.4189009984382,3.0088379761527175,5.8428924543058915,-0.3395511565961538,24.418288965122883,35.208595227449386,0.34892285136876383,0.8902702104245946,0.350566122004465,1016.1306875049065,2.2887565256471363
2017-04-24,1.1903533062038143,18.850142886049497,421.69425287531794,3.159954062154433,5.46769773952961,-0.5216677656748279,24.467724047890606,34.95317034214261,0.29779427888983556,0.920243784049714,0.34313228425210185,1015.5834162655817,2.2189444672023946
2017-04-25,1.1357317627456764,19.419102930541168,529.6400428661912,3.5829918558591545,5.814152773874851,0.40259042796990485,23.19355496600603,35.019815474556665,0.3140775137462465,1.1836912806595157,0.35916846904640026,1018.1852895891611,2.1721257379176495
2017-04-26,1.342998370319971,19.544868665421486,492.43642579440956,2.543242863741894,5.235356373136404,-1.7190221884944976,22.518332289875175,35.15196024911112,0.2660104793577649,1.0710331125941701,0.47342963771250324,1018.3078070193005,1.9559563575964252
2017-04-27,1.3819606287058692,19.127452350097933,507.9371011576448,3.531808951553697,6.292758937105738,-0.18135367656420356,27.68013740896346,35.077540635010386,0.321228169493763,1.0011101527703614,0.23188873639533852,1018.5053060432242,2.1135218589497082
2017-04-28,1.180253412345969,19.556668274332463,520.9341365266864,2.2273210466824445,5.132344408773523,-1.4530493618310851,19.504628750935332,35.0076651501585,0.27926267454179265,1.1601178605021902,0.5068949138033456,1017.9567525776147,2.256870451289401
2017-04-29,1.1274890115198188,19.417201813027642,459.55315743592405,3.3356329754445997,5.397513528697685,-0.44509426895468035,19.817709582564124,35.03922005748914,0.3189140301596215,1.2913676089289026,0.3987629398923521,1018.9274321811356,2.161594099206167
2017-04-30,1.2415061335938653,19.58793526399313,552.4956904984117,3.209394266679301,5.3089123249552115,-0.7378243909280644,22.955040343781395,34.947964597166035,0.29446251382886557,1.0745864724833416,0.5174873327241962,1016.3193566916995,1.7885439179077995
2017-05-01,1.4356177468624713,19.25021972932294,418.6635368427024,2.688772905431312,5.1638122725470685,-0.882249687076629,18.33836777686455,35.07866720693759,0.26950096283220426,1.1625578779715886,0.3400187329369007,1018.3545899509361,2.5514786015529363
2017-05-02,1.2351380913276653,19.813858471525222,528.2922091496473,1.672228366160915,4.385320529670451,-2.3888193714221138,21.200406788268527,35.0742988309447,0.22330913554322152,0.929780617081443,0.36953085477059966,1018.3167418555784,2.277013530812023
2017-05-03,0.8963369386746318,20.120232009111415,535.643202640276,1.6730096974084205,3.9718974726316336,-2.3749113846090086,19.937214482943205,35.0719805285014,0.22530822306731313,1.0603285632449437,0.4624024374690665,1015.9403990052942,2.4983138331786243
2017-05-04,0.8199175678986541,19.6724750598843,497.10317111056526,2.3851211242739723,4.902245525620792,-1.6199849236521524,16.979535666915304,34.97006963463947,0.1975620202143052,1.2080173147959365,0.42486958788627643,1014.9218067080559,2.4970399946328636
2017-05-05,0.7922157798338093,20.024944999845285,592.5783785742394,3.8313028303544003,6.6780816679513,0.018353240688643552,23.134155614617722,34.902943486664896,0.36814750675191316,1.1890399441966923,0.5350718849161147,1014.1788000552431,2.4490378296072794
2017-05-06,1.027683901887385,20.366181661251453,599.5863610453994,3.009750925126147,6.64856317233356,-0.4532856083698608,24.666154870632624,34.90567963125876,0.2551139922068394,1.3914074782744692,0.5377629154623101,1015.944360358222,2.6815179110067624
2017-05-07,1.199718801039357,20.0601138482509,500.9143778989353,3.635753125266293,6.911800891154399,0.209537347472865,21.10791791680003,34.781398397651294,0.39974986977591453,1.6737122672214637,0.43231858230580344,1015.7143116907458,2.8955488386640016
2017-05-08,1.2897122840995943,20.100785802393506,521.3296538816155,3.4812258347487126,6.291088804038195,-0.6757084411169649,24.966264143045386,34.84642439645546,0.32615895286883895,1.265381641135747,0.4094210541762747,1014.4670285962017,2.4713216133117677
2017-05-09,1.347346481762832,20.407195902380963,516.3087859057445,2.3045779339732713,4.990101915575724,-1.5760591548126817,18.338473647491885,34.82406799858652,0.24438519289409794,1.2961531947356335,0.5539806320174314,1016.1628795980719,2.6739783548038742
2017-05-10,1.4279003127001801,19.788514592475547,503.5005504998862,2.5201847365056245,6.205025592951602,-1.2297142844413376,20.162933804730745,34.951371434876314,0.3223872957994115,1.311979883554446,0.4645895667026446,1016.4688739680896,2.294923586268319
2017-05-11,1.4554293423112468,20.711359258475103,541.6798242957879,2.921817127501281,5.916062280075791,-1.0378859410248165,22.175210150412248,34.9023455876623,0.289900434392986,1.402695432132295,0.6179382415015282,1013.2299856341821,2.3268550772887355
2017-05-12,1.2773763408560366,20.211437213536897,473.68770837637703,1.7421126121942152,3.644775582055393,-2.4063770650574594,15.04455886666597,34.89073375734293,0.24969998480159367,1.2444062561108238,0.3353583351666493,1014.4352268939837,2.4066979741413714
2017-05-13,1.0435949503851853,19.89979353220964,564.1095853659842,1.4872420826497332,3.1143701961062495,-2.50451572505039,14.190429597497406,34.97783878028727,0.16419019193751563,0.9289364810330482,0.46969833044858567,1008.7329580932947,2.0819007076098237
2017-05-14,0.9607267142609246,19.888422597563874,538.041581615247,2.359943658742614,5.369954853918312,-1.2732585826001936,19.59279845679639,35.1213406194498,0.3118005089713298,0.9341041191722688,0.40777874621460064,1008.3838849044404,2.0807190335877266
2017-05-15,0.8192627230392423,20.923319987219422,556.3776102247642,2.267477302014148,6.5108617037664915,-0.4834794202639487,21.651979091807963,35.20567852084335,0.31752828390721266,0.6615758006508444,0.5053275216541787,1010.7209400665269,1.988732362871056
2017-05-16,0.9327276237237436,20.287852636576147,535.0183505434549,3.739388959252561,7.946198019804447,1.0172353057592889,22.56116988942734,35.09196444934043,0.4018104738559478,0.9744667583004392,0.25440353220671164,1009.8680762736329,2.1019226523639416
2017-05-17,1.1133435378242538,19.85407406035305,476.5509380592779,3.612423288231253,6.887121835545946,0.5071534256729809,21.21256550263862,35.19347383834206,0.41765519562853526,0.7092525786993827,0.33774722703765536,1010.9032169965514,2.0397066774888883
2017-05-18,1.4738102768925923,20.157130837846932,541.2811123249938,1.8271958551707377,4.893435498192411,-1.1126822614444876,18.501351074560592,35.29698332023121,0.29885483833906923,0.42778176257829365,0.3124897226366215,1010.5258728321215,1.9635946468876064
2017-05-19,1.5331416243479679,20.191774167054735,495.72985325748124,3.0217445594024426,6.658717486595117,-0.05092435473623108,20.031932072341952,35.222971743248216,0.39496240179842385,0.5772461409967177,0.36638239126810884,1009.2241654738215,1.9872071467529395
2017-05-20,1.424453336831573,19.870374107732264,569.6166689170605,3.3492964633460263,5.534898486871355,0.14641409898420954,18.18174291352468,34.99742216663562,0.29982570100728784,1.2571426258828073,0.27265704252765943,1009.5131792740231,2.46933809051915
2017-05-21,1.5261563592520873,20.4284481474649,559.9463884108034,2.669760531480556,6.575541290319809,-0.7787333683408046,18.283182677532434,35.09139264460047,0.3478474149352613,0.9284006393698493,0.40245564375667064,1010.1701293675784,2.8958733486039847
2017-05-22,1.641141536708288,19.738720730906756,515.7053844245319,2.459482692445963,5.687129331286891,-0.6190511311245039,15.549826671925498,35.197308058233936,0.3317575714800524,0.6983565751053963,0.363343407747865,1009.8804842462755,2.3614995980005378
2017-05-23,1.598561353694328,19.20666490087485,509.7952314632437,2.3599718254466446,4.43618101624457,-1.0563480421054385,16.825714746374388,35.19198618021189,0.37900065286557777,0.5571651007488616,0.250234348150893,1013.1209372892237,2.215141803773747
2017-05-24,1.4665900750283851,19.17687294991868,510.88477288303505,3.2643743067335387,5.731740621631769,-0.09325399491714725,17.44270639816323,35.09196569889013,0.3829879767078196,0.5153148836515498,0.24195805324340353,1015.243326625975,2.34718610366795
2017-05-25,1.1379176467611305,19.54679078763351,500.75735139094917,3.136415162188766,6.0149378386868335,-0.6065567758952333,20.750384196356233,35.217579804376555,0.26957691688215746,0.6399652982378865,0.09056338200559896,1015.8249008399721,2.8838775297815507
2017-05-26,1.3654992281615526,19.18984698128424,496.73158335168205,2.4180102770724816,4.8966915719349435,-1.3627908835504279,17.01268766051079,35.17338391871759,0.29382895475799875,0.606889598057478,0.33774269496008735,1015.0397032373241,2.864906870508119
2017-05-27,1.687332925090328,19.96706951033798,534.5665380357633,3.02227647031602,5.098381106633227,-0.826747444136008,11.74415810280161,35.13485670913872,0.2073642083240888,0.6795616478497766,0.1641952805581885,1016.3619386164534,2.565221179152752
2017-05-28,1.523494001197293,19.90959991942072,515.5033473988528,2.705095346940574,6.1311686319653305,-0.5561420137735883,15.949020032792486,35.119983054936476,0.3064184166124658,0.7637733193870099,0.31932789470978745,1017.225309057983,2.620793145777923
2017-05-29,1.3370669448633343,19.583807545555533,505.91090347184945,2.6632602482128385,6.502818495223178,-0.6202691777015955,20.15483459654522,35.074753614798475,0.3229655445461338,0.9313277024598732,0.37546777824432054,1015.176736081194,2.585621285657215
2017-05-30,1.4756016402110854,19.71598416150449,552.0547184528883,3.539354749397032,7.120589018721373,0.05711529570839653,21.75952857918724,35.071674184829426,0.2970665712361533,0.8473974064051284,0.3126951021303884,1020.3492288322442,2.614562685167289
2017-05-31,1.7147549332091616,20.507191696425814,575.7653504825315,1.6874945246928041,5.322180789726841,-1.8106014249938882,18.169472826393367,35.20010275993973,0.2649615951202883,0.6953150043694487,0.4755837462108711,1020.1000481165593,2.549838950483617
2017-06-01,1.458922022753608,19.85754091393725,487.05712451437074,3.221203495083453,6.450247656882439,0.11778532980366505,21.164721638512827,35.080988999191085,0.38643327834700736,1.1977036600057915,0.300032826694154,1019.1941276470966,3.280026955434196
2017-06-02,0.7310384169755327,19.653138563303305,527.1505976994443,3.064135293380468,5.614890878531693,-0.3295547003533342,20.053194158487955,35.065208279450125,0.3387687675291718,0.6360655017067269,0.14561428735897652,1017.6110512928834,2.341058115132603
2017-06-03,1.119737478327205,20.264162971415274,531.8498438921026,2.491041001647514,4.886928096709607,-0.517405958269994,18.767260499082365,35.27263977608216,0.3466494662752214,0.6268992474049527,0.39896829351241425,1019.5482895112245,2.4915522107652683
2017-06-04,1.1199673692680412,19.722135078366126,557.8304101696966,1.9091784792177933,3.5696913770326377,-1.5080823978448326,14.758581666702046,35.08264866054426,0.21757300165403187,0.6994621994472358,0.22250347831191175,1017.238195627594,2.4873222999959226
2017-06-05,1.145660539770198,19.296071490331183,528.0923452911265,2.162115320683099,4.1126549669526575,-1.6045660950324705,14.367262232545977,35.08008822703716,0.16292557773729405,0.701014107331548,0.05951459507919468,1019.6426632239917,2.548764952303523
2017-06-06,1.126884607600735,19.891501790121126,505.154881115994,1.666631381082541,4.362445197504391,-1.491798324807102,15.285167196562856,35.12709541950445,0.23291152413275823,0.5136393322266657,0.28162069821497093,1014.9431581333355,2.4907781340544064
2017-06-07,1.1505905771549936,19.49155778374482,536.4856536561782,3.015550845554826,4.277477011041161,-0.6464056200315109,15.775858873938667,35.13204541087789,0.31515166646111975,0.6982631011338425,0.15565115324822115,1016.3000088440505,2.529482912159335
2017-06-08,1.4246444129341898,19.13759208882487,486.8362522682609,3.2890573524312097,5.71522303661184,-0.4519056334743419,14.508692032465607,35.017587565380474,0.3142183885083377,0.8743596568052577,0.1982065063164,1016.7519256702175,2.5630423342443276
2017-06-09,1.1216520975319,18.907901148888666,535.3227502691891,2.3796968164159646,4.3200906265332,-1.16342394010971,13.906479764053149,34.89664412506177,0.26203082428147745,0.8281532176216653,0.11604240535477953,1017.6799942866381,2.3316899610314135
2017-06-10,1.0697649739001547,18.684441536174866,476.650854878848,3.0921100886824817,4.641848276889457,-0.819805255697442,16.036092926397263,34.77621358135016,0.2517201245071481,1.4416196970191757,0.11617471312578392,1018.505489799823,2.3432046176898345
2017-06-11,1.0523557541263087,18.28151424376381,501.1625561330367,3.5314999144184935,5.790694093894567,-0.41832899324980677,15.309576135887301,34.65884916233606,0.2839886442480975,1.1955127019766294,0.08610718426863553,1020.3634490307277,2.3971016496144246
2017-06-12,1.3052065121175702,19.239908951409138,507.335983877752,3.452054384441846,5.544640401036981,-0.26786815098260686,15.499135640196938,34.578644742844276,0.2631768938013984,1.3833283635727618,0.06911091339855066,1019.1993133444439,2.6369137432186935
2017-06-13,1.1518967238214473,19.44137461068295,489.1166837891946,3.2543642427880837,5.068128168660232,-1.1554726136568867,13.784509009341576,34.67616548581316,0.2363010003697359,1.6477648386487818,0.24826294315639297,1018.6254460032299,2.7102838313204556
2017-06-14,1.2363053258098882,18.860927701989862,518.5706963328486,4.073304260296109,7.92134602216449,0.6881182094631862,18.69550938463622,34.70407989853084,0.3056883371858608,1.4448760387628787,0.14344298171451197,1018.3333711836336,1.8888246384724925
2017-06-15,1.471064006614354,19.695993161104095,502.1816385408485,3.8235145047429167,5.936469361612918,-0.43869312170702013,20.226447098962687,34.705194399535195,0.3723186138116617,1.4804976369253648,0.15505538175566885,1018.6242998308227,2.2839588538401805
2017-06-16,1.6003345740065122,19.67379104365792,541.5997977362839,3.144635480198115,5.651438278233702,-0.9009082796866431,15.974631609995118,34.9262382758236,0.35429787284265846,1.3371382233482927,0.17600829394096712,1015.4240389603212,2.336814516683727
2017-06-17,1.6775788622809507,20.02668901874272,538.178201948896,3.5862192081894095,6.165313487616481,-0.12181938403678766,19.730464471653473,34.810802712713205,0.29080409744922064,1.2824371966768506,0.3724606598742554,1015.7548311647479,2.7906703152429198
2017-06-18,1.892668570781952,19.685431863181954,580.7330866741227,3.5703832048157302,5.60893990463332,-0.3458513574826599,15.277288483807567,34.689255569679275,0.2935993835365172,1.5740214211671169,0.21489789629403025,1013.9518097238101,2.822116902145215
2017-06-19,1.8049556393324722,19.04250838122405,434.24287257312824,3.62387111467604,6.402824680404682,-0.252680601830883,16.337892056070125,34.59223155244221,0.30745974405161725,1.6401043390275742,0.2539542971093299,1015.8851337491484,2.904455507169524
2017-06-20,1.642725059414236,19.787768265803138,551.7487950302049,3.859802660571536,6.812737857083161,-0.23734331076360365,18.170427675325296,34.64824105702447,0.3651017660467562,1.923436924352162,0.40087973319540726,1013.4395089521743,2.451359330195301
2017-06-21,1.9519460062199587,19.737209348231154,575.9361794714576,2.933602008662434,4.696161311780457,-1.0459961266679887,13.608236373869268,34.725492590452674,0.21793847686617343,1.7810881563696617,0.39890878050170875,1013.7756215562209,2.949418574111538
2017-06-22,2.524829862781099,19.857285540421593,595.8562447761531,3.4655349659643995,6.40347368600812,-0.32755022549274704,17.548726770119988,34.88494390969677,0.32894894075623643,1.628439552016334,0.2482062462796917,1015.8122960948256,2.6084640293899177
2017-06-23,2.3201009253552236,19.561418766616395,569.3792028596077,3.2651826297516804,7.204406324003334,-0.32608128472197195,18.069286705780815,34.900074946839084,0.37786127523546614,1.2948285435343105,0.4065142366080117,1014.6111918547286,2.033978108662719
2017-06-24,1.9888880137886682,19.52118044128465,469.9618716240514,3.2207294822048915,6.580516594400852,-0.6620440504869043,15.957795982382176,34.76258187510903,0.3386097047025495,1.509537316794431,0.30214976270921773,1013.9369057243777,1.8100107306729163
2017-06-25,1.830122636730191,19.08828462945903,504.74960895642226,3.401419062519972,5.2917838611906785,-0.6646613919927554,15.36397083943444,34.71345564084539,0.3301829176683563,1.4368199466455844,0.3534830800422336,1013.7855464078752,2.0766545491197843
2017-06-26,1.5972777095802133,18.74217993872253,502.31819493136277,2.074255456102272,4.353345794837801,-1.518058667788033,12.591359278208593,34.82556931227105,0.20255603931874278,1.2847165449985327,0.08365421359554119,1014.6503254623061,1.968615670083948
2017-06-27,1.2860075955398147,18.846476188438167,485.63191865368987,2.4784190712150997,3.441611557796225,-1.6336936746882682,13.704447482303046,34.759165315738656,0.1729328291779606,1.4957140901582318,0.11854729622701138,1014.721064087707,2.048544729697726
2017-06-28,1.1548113281216197,18.75309869307998,530.5918638965902,4.1627856471478655,7.673235047541101,0.8399260220999321,19.58086855217763,34.84828059158761,0.46622983561030573,1.3284930329530567,0.19328127548798507,1013.132185526154,1.9767782005362087
2017-06-29,1.38016836726869,18.632146233114035,464.9142482199159,4.100855997973514,7.61186538602268,0.601700962246266,18.379989205012578,34.947293581469616,0.33274732333628815,0.8541899243658836,0.23366423207174364,1013.7718514823824,1.9994538139821794
2017-06-30,1.5933372036666615,18.44684493835443,500.41502970573913,3.29255548738132,5.751352527354124,-0.5683790768684331,16.45386614175471,35.06416206040361,0.33767195858014476,0.7767014131063166,0.28399859475000483,1011.26607730296,2.139032617285275
2017-07-01,1.866820810019699,19.274522503104777,513.1036041881638,4.072668890456282,8.473497306135902,1.0464885331125595,23.282976333435705,35.12200087610925,0.4655511422680393,0.9192798208903119,0.27390195040144566,1011.4743696328106,2.231601422238522
2017-07-02,1.9287595782657696,19.116453869269257,490.74800649131294,3.50358342622773,6.17088332448421,0.5023816497944933,18.576445084001215,35.19072918028844,0.3402697927762113,0.6977330056756267,0.2003698845095025,1013.80894487808,2.20450194730599
2017-07-03,2.3530690271382966,19.539359281832404,591.2765663622883,2.922250489682324,5.841869230438279,-0.3027894097744762,16.152464833025427,35.004026157476936,0.27837233643758963,1.1047083679934941,0.4140645364526055,1011.5293483072948,2.484211505448754
2017-07-04,2.3021397827866403,19.647513006830966,576.8889599838503,3.782970930925497,7.1544887758295586,0.7331335988532972,19.464016099039817,35.051565908297256,0.44976989685699453,1.0432176088785494,0.33428710046472426,1011.8178215290748,2.3991810877728263
2017-07-05,1.6339815400933848,19.975599756930446,562.3105418718184,3.8321219409460885,7.485640785232755,0.7630408211220414,20.136965062852102,35.07958608212116,0.37122333696305176,1.0600478419806145,0.4114665398890449,1011.4496471794606,2.50888156214244
2017-07-06,1.8253952656092767,20.000081627613245,555.9532512893759,2.617342419042533,6.262962778816635,-0.9740092441461705,15.342014054476254,35.18156045796842,0.33200074774683386,0.8983651604616789,0.239620587551416,1012.1825973418478,2.2031312257078355
2017-07-07,1.9171347485349768,19.234080759033183,509.2196937177063,2.6243986661404803,5.359046080634411,-0.7030166696298772,13.439748373695764,35.19207576916788,0.3059179095033986,0.9942343214497268,0.3096536969402449,1013.4350658181609,2.404604879996731
2017-07-08,1.9874888817648817,19.16240033867012,570.9082479786925,3.041844831940355,5.970803517451898,-0.5769757649476271,14.863160929558706,35.17204358029059,0.3132785376972218,0.9429567695845754,0.27316447986709114,1011.388638550905,2.3339299966267837
2017-07-09,1.7309341119755015,18.417462176613395,590.541239331048,3.080155580514034,5.908477975883969,-0.057349122641086214,15.500862257314989,35.2590051532817,0.3259093274796337,0.6508512310261276,0.2915010798996434,1010.7539056328297,2.074037000201499
2017-07-10,1.941461924126065,18.885702670564186,535.3226902433615,3.20679080482959,7.767525888774893,-0.03786292815849823,20.862867489184275,35.20609827732444,0.4091242775444321,0.8043013114324654,0.46876476843481546,1010.040191036642,2.3919502728487942
2017-07-11,1.6675729702912705,19.358175681634716,586.0057181013676,3.5060818090802823,6.624258621828545,0.1831985447774444,18.3370848612445,35.10053707765649,0.3627278845723766,1.0450915013739985,0.24025019920136842,1009.5989855458827,2.1297983658125568
2017-07-12,1.8525777269632797,19.0661858697119,532.2199260599497,2.6171554626341647,4.511415443740997,-1.2064059948677557,12.760082848083911,35.0934038125962,0.23916094059173854,1.1565085634698271,0.19584146609490813,1009.099945823187,2.3770809300367604
2017-07-13,2.716971053058657,18.5748477960323,468.3789333812104,2.8800559025678765,4.241100655161543,-1.244211858292523,16.111612133478822,34.93980902019169,0.2825513974734156,0.936097765972433,0.3375170336079798,1007.8535656686312,2.3618877550944433
2017-07-14,1.2481715054996145,17.890607302542726,476.94462240292376,3.7359994354209496,5.206075020242135,0.16879110993376661,16.068894599908408,35.05188452611923,0.3210072919849605,1.0047235888229753,0.2235432809570873,1008.3380875990367,2.040055176280709
2017-07-15,1.269115948897138,17.51014975775149,491.0687448336671,4.338607826956791,7.744879342107001,1.3119382503765757,17.85640926427954,35.06783378761589,0.4003783879709654,0.8084888835919237,0.2588647931181328,1008.7374663455641,1.785186297458953
2017-07-16,1.5466368274057742,17.594841439323645,498.1736877593544,2.5881853515790403,5.173020985405597,-1.2088596440109214,13.351136756178398,35.26740007050084,0.23857111802171024,0.7105754000680401,0.04889475708148075,1007.4976853384976,2.2030151246465097
2017-07-17,2.0132379241459355,18.085202150816393,487.5676306779132,2.8332074764187074,5.991617088389831,-0.16907994720368075,12.557499914097582,35.31908456190443,0.30836019587756464,0.5586006250044673,0.1362537394854227,1006.9468145827402,2.220776995635527
2017-07-18,1.987435826068642,18.008825415355375,445.8041686510755,3.7000537073507664,5.919224258392655,0.08187346639156295,16.680052752562244,35.21495112561276,0.27883341101437487,0.6937169739205361,0.1123883328989246,1009.2275232401107,2.1582119686090797
2017-07-19,1.5738155193298613,18.337374595591577,534.5034782439616,4.040971041411292,7.563827009441153,0.8677633178280525,17.037914916654362,35.201676402630184,0.3356069089648053,0.8554173814143491,0.2511268566205115,1011.5930531942078,2.1230439739449083
2017-07-20,1.4401762425669455,18.33027804693299,477.912849342066,3.677985473454588,6.58484088980372,-0.014826549166304714,17.474824862659535,35.15500767192223,0.3663740636238324,0.8307256994033976,0.19928494695314858,1009.8589484804526,2.1591294898542515
2017-07-21,1.7959444764170447,18.891110118907015,533.3247568916896,3.183816665980718,6.222847427884872,-0.08389492764684169,16.83266369270079,35.056139448520305,0.34920456301784036,1.347715612474687,0.39993726277267455,1010.8412384172245,2.3381933845005665
2017-07-22,1.6101250527001387,18.760699109502905,499.302750133457,3.5221467921580594,6.934620652299267,-0.4164031427945052,16.530638806300466,35.09844104061602,0.44013863343598325,1.3369187036824692,0.5756152032328425,1009.462665273911,2.7790804758154217
2017-07-23,1.9349453794476383,19.283724658962594,522.2719113900222,2.0282454925385514,4.535843453111204,-1.2119727045374404,14.549632017449985,35.35855299249022,0.25344476005024263,0.7862444499237669,0.44146143722157505,1009.2738647994832,2.1578230911817013
2017-07-24,1.5490304834042594,18.804594143821188,490.08519251347917,1.9208947172559134,3.53043069359988,-1.9074081542795076,11.747145778470585,35.39654714491592,0.20163459836300499,0.5245567563523766,0.4458863594602225,1007.8332856664623,2.102987883792298
2017-07-25,1.2311356531181346,19.353593985362874,602.4762595424183,2.1215234596106196,4.425483912604718,-1.0504659946292993,14.911838857384808,35.29865424067638,0.2555322306382243,0.9576664361721176,0.46978160955288234,1009.7041451331232,2.308424907776483
2017-07-26,1.3684071253355816,19.028908864472985,515.3564523762441,4.1278364951834385,7.748449350451338,1.1005932631709383,20.00537779001433,35.35442096272471,0.42952447806121363,0.7450565481821788,0.46394814385118743,1010.0012216714093,2.466256897562797
2017-07-27,1.3801169654398493,18.882517385048704,455.8141261924949,3.4872649919638308,7.6151285669025075,1.2054122619303005,19.220875575794903,35.34313467238024,0.46754561230539676,0.8169696216635766,0.3792767565655728,1010.8561200689495,2.3627356769957792
2017-07-28,1.28693251892451,18.2061516658347,491.97606359779394,3.3897686921688512,6.827362595183187,0.07893738671436207,19.637794792860017,35.3809044510326,0.31784989884691456,0.6150353683789432,0.23396503460527493,1009.6507038678857,2.3714268718661295
2017-07-29,1.3607812901812575,17.960019013290957,481.68325538855805,3.66670772289239,5.393760360131493,0.04198459218350384,17.037285190404262,35.17955006624178,0.3525084791949754,0.6903980469824701,0.3627556258598295,1013.4809323285929,2.7605570718658345
2017-07-30,1.5868604895912388,18.205524383183903,528.5039852329312,2.11932417129925,4.489908151939382,-1.4758183137367955,15.773360317929276,35.373813268884454,0.2711651874552851,0.5298658182287745,0.41290429947500285,1013.8869629016922,2.0256394330012384
2017-07-31,1.483249100069248,18.788678965870094,548.8431041267754,1.6814176001893084,4.619085130316097,-1.6417236620388933,10.068872600272782,35.374103199521336,0.23529954354112145,0.8081129713377219,0.5126974425708646,1015.1065262525466,2.4677939837327214
2017-08-01,1.3184955089363046,18.89689628330512,560.6953010320716,1.8285624299052643,4.240611878698317,-1.3610291189603037,10.235477610274414,35.46791628015222,0.2021595517130155,0.6672088957025837,0.38173035376037934,1013.2878920243269,2.0129257764812634
2017-08-02,1.1181466647087541,18.077520080878106,466.4677915932069,3.017430972879811,5.688909063034215,-0.5615099507971085,16.95047563606901,35.45220051247009,0.24751810703464444,0.6213138709122215,0.4401401176339048,1012.1948376626041,1.6516389275988266
2017-08-03,0.9937331815412238,17.924138315554305,497.45338431881447,2.8683990372320687,4.5572848913465505,-1.5943035110101185,16.418800632562697,35.327176754644455,0.2632061127644,0.7146047124578715,0.36116729903759365,1012.8483630416622,2.035842871576627
2017-08-04,1.0401345065256635,17.423367798700856,493.57203127243315,2.859898713935716,4.05680722662077,-1.7593239855826264,14.379997000997719,35.143774196518876,0.24173564976077477,0.9831413933793862,0.20055551717292747,1014.226597275487,1.8328636153656364
2017-08-05,1.1433568443915874,17.918360234799103,504.8656691103132,2.067813868901494,4.028789728615766,-1.7884500080393881,12.208497446617102,35.15775752153926,0.2538621634621849,1.125954792870128,0.4627110859881685,1012.6298931848394,2.185103361720552
2017-08-06,1.2120983337666666,18.25939229002104,487.2687681534047,2.7961778263837926,5.365919469931001,-0.8491870761653759,15.411782666691673,35.18141761607087,0.2769279895591902,1.1114500654070394,0.4379038522172318,1012.6586604991991,2.23193737486243
2017-08-07,0.9342735527666913,18.00968203607666,473.4465462652894,4.432052347115148,5.709864832248398,0.3409406191026022,16.813476898134162,35.06125946923441,0.36562471128427093,1.626915608232673,0.5172390545195834,1013.7665536358033,2.302848711818667
2017-08-08,1.1052625505474893,17.515545669776298,468.6611254208793,3.7365920017385283,5.196914161705796,-0.3392426769352743,12.590072115656014,35.01903080846835,0.35241362346948124,1.5845736645357011,0.4611921574772342,1016.2069150215921,2.600555976800785
2017-08-09,1.2585183748543973,17.320236830747415,470.6008800024624,5.144340775307959,7.610599613952453,1.5603446666102472,22.559594160527112,35.14846584256568,0.4179515379467831,1.424590463345356,0.43094645937258585,1015.736405726531,2.165000557155496
2017-08-10,1.647909900559294,17.00550546663099,382.5319458250624,4.879360829801713,7.761717856452577,1.1815137508541544,19.061764415966763,34.98608783823869,0.4089178445952023,1.3820673610294614,0.33706832495694267,1016.5327195467248,2.5769842823928455
2017-08-11,1.7585629293953975,16.387237596943706,438.4234157235994,4.775441076007289,7.484557885053757,0.11606263361859537,17.84676152187138,34.845572615187706,0.3937819197168834,1.6466227873730244,0.2691016135284743,1017.8301720250678,2.960741039096736
2017-08-12,2.64592775393883,17.169213350645105,457.07003073024777,3.447644307509021,4.724532358638509,-1.1306704316853233,15.867405242942274,34.79879579519549,0.20596220489581024,1.9124729903399926,0.3856831500686311,1017.9574026942438,3.30328939110365
2017-08-13,2.1005568942983754,17.16873496994408,416.3471355187511,3.4688867168469844,5.045533289926224,-1.4600459348450778,13.356547756416093,34.828779021689776,0.26178712281923927,1.7944147888959938,0.3742677784083547,1018.6952070374679,3.316001388726717
2017-08-14,1.4359695042548235,17.07319950924215,481.3945525817075,4.355141899082384,6.638195345217435,-0.18603961549277054,12.939281680062662,34.967246210651844,0.37035423353366737,1.5925389304649036,0.28004871358812733,1018.7996572952989,2.9558207581968046
2017-08-15,1.086158327622911,17.005584464434197,480.81838607829286,4.150593167452316,7.09892565283334,0.400206282222765,18.559135632046914,34.98729796121949,0.38342625891027915,1.4928432404270213,0.467046075538433,1018.1736509771487,2.9388103133054515
2017-08-16,0.9410434071429759,17.094883871564527,421.3959625350995,4.047523427174243,7.015466105968374,0.05758946814300164,19.569548822124545,35.09123811434639,0.3658798681762641,1.35350090538057,0.41740190004864797,1016.9833405596738,3.16649997924964
2017-08-17,1.5722570568271763,16.59827552393837,488.6206402475907,3.84541343234668,5.364236502506978,-0.8641564885180542,17.597143816541283,34.934793166549724,0.25986963296814936,1.5948244931706534,0.3977379334147327,1017.0310676466311,2.939254312658879
2017-08-18,2.25719939867649,16.95425694621796,484.8601712473229,2.8342477879661616,3.5792797409402213,-1.3802565565801832,12.397047994515159,35.111814354760355,0.24585091208134416,1.2721543046625847,0.5278635096917353,1015.7173855615182,3.170877439900915
2017-08-19,2.0111513979467084,16.709947420762703,451.13577713798634,3.477411187170619,5.20294820464681,-0.7233696347981815,17.969571892908483,35.15633903806122,0.22818186754527855,1.303524568255474,0.34639514136279526,1014.4201812440897,3.0040394199409586
2017-08-20,1.4744695009205868,16.558411804784033,436.60614972822805,2.8355872331095906,3.7955509008071,-1.4564362363793368,14.020226067283469,35.30647883569558,0.24462154653435797,0.9009334770115707,0.5304330249001016,1013.7474887533887,2.457461000707046
2017-08-21,1.2227426420884342,16.643365272434664,490.83083477639775,2.090885834851178,3.604844080352148,-2.198145317407199,14.837667903784478,35.32717510216808,0.22132187358776786,0.8911924887570244,0.5449531447557804,1013.1563916771253,2.3073026219403827
2017-08-22,1.247605642189545,16.759647795107274,454.77828749133505,3.590508899940943,5.915711705966468,-0.3823449990026761,16.369838675324562,35.374355820285416,0.25980368629199874,1.08779144559901,0.568218828528314,1014.1447625305035,2.388329405183007
2017-08-23,1.0577405183211577,17.036523575278302,460.89246274034764,3.072306540428886,4.7977028404258375,-1.1954708726291958,13.700662078718686,35.400746458787324,0.22525967468852462,0.8760559345938982,0.5632267264238302,1014.6762164214309,2.295526417398494
2017-08-24,1.0736461148202883,16.87654524691649,414.2922142506786,3.8527712760844,6.617732797502562,-0.0832409317617718,19.494999417922923,35.25193921105337,0.351798928713836,1.279265959785142,0.41729731672740844,1015.1024581588563,2.6351191109703582
2017-08-25,1.2244079059443789,16.07635038592614,412.7037787040638,4.157323246009547,6.165429734356587,-0.12510836123658003,18.96247848212852,34.966856111256156,0.402928984456901,1.6556539937982986,0.5539458197961875,1013.2206805416638,3.102774780745174
2017-08-26,1.6475852626749907,16.638147302641585,409.82024152632056,4.464930654515566,7.394059588563407,0.4493881018267574,20.185918427345865,35.175153876322995,0.32514270117436006,1.5581529769348377,0.5187010761627449,1014.6614768046794,2.8507175471358432
2017-08-27,1.7134073885490315,16.138420237663617,483.9110282995463,5.606493615252863,8.502744710153127,2.1299230678931957,23.092621794385682,35.03159295089802,0.4633669475576162,1.3590504025749552,0.6220263882154337,1012.3105877234311,2.3896498281916796
2017-08-28,1.7593097085573304,15.394320840697464,376.5573788758065,5.105808005330711,7.402568292492074,1.2736910936853103,22.536315655922436,35.02397630189175,0.39436187635981884,1.4236656816481497,0.26383295578803423,1010.7540578738093,2.515290098666457
2017-08-29,2.007646232304068,15.693188422579768,408.4496773934809,4.797259101271695,6.724671477523697,0.12096803171610959,20.521356650923835,34.9869389156265,0.36585540927111815,1.5482349838496363,0.41989404126527136,1010.1548277568534,2.5928617094357302
2017-08-30,2.2825544899720596,15.364126905119091,348.483570075142,5.485521334850575,6.909994622613024,1.2229292037051769,18.647612281073773,34.97862386072249,0.31373696787155886,1.6822755085285166,0.34404100289396883,1012.3189794537477,2.8671003766384127
2017-08-31,2.3199055656160805,15.369798632532243,336.6783303735428,5.19001645181983,6.3711103456337765,0.26406196665869325,16.76630636705428,34.895179808271635,0.2982275409682645,1.7543810200447016,0.4211572968904994,1013.2235655384973,2.7033622420969388
2017-09-01,1.4833707830405858,15.269733891454797,338.2103249972736,5.2929101244622885,6.454373618619902,0.49865308996239377,20.455956937455035,34.88600560095582,0.3535334378512039,1.7270548452872527,0.29644049864050037,1014.951351765717,3.0828584536822023
2017-09-02,1.6355159918932114,15.284542387734263,380.34546184948124,5.039282929166021,6.1833683784198215,0.1475742125952788,19.782557937979274,34.76245838476107,0.3109271759738421,2.0845391433524223,0.43903828138531564,1011.8003794794718,2.5564064917199896
2017-09-03,1.673707959246783,15.405122501130503,355.4469577593561,4.308922293501757,4.1857968431133274,-0.9856183608660709,16.658589588536156,34.846513224486564,0.23608230255932044,2.2540257714699496,0.48756451250354893,1011.8168634651511,2.7122462040960325
2017-09-04,1.4035321962704692,15.230799751843888,355.67050174360384,5.658376919541502,6.9363483073026115,0.9581438063570443,19.98084324866508,34.75766076901729,0.3575251676957418,2.210642751297688,0.5776510318539995,1009.9799521396191,2.708485257734743
2017-09-05,0.4531149640962075,15.195416387317081,416.9730123902534,4.313896449038655,4.548729821382455,-0.5696617817385939,18.084687037694078,34.86183526719572,0.257388959584768,2.0798460401777814,0.47604607335383214,1009.7066197615046,2.7081216572804796
2017-09-06,1.9381493841008204,14.873226080903349,329.714283028423,4.356019510945753,4.79967967280941,-0.5566302409389889,16.585861128577772,34.91951989949299,0.23655010244870622,1.8393464352362512,0.5007716623564411,1008.7516360730027,2.685268504677248
2017-09-07,2.4094405766473694,14.680647953800802,328.2536958120696,6.047377110540594,7.494088203581067,1.436287707177811,19.445510170436844,34.82554211954054,0.34568473180517617,2.055092669912664,0.39870649603961783,1011.0026153012906,2.6685452380148327
2017-09-08,1.9216680198469727,14.57988478068322,377.1438898536701,5.829696240212602,7.3174620862211235,1.431528769224911,20.58062189162847,34.81646896656852,0.4551985971468464,2.024280971537273,0.4163836517816519,1009.924796696291,2.939528541814508
2017-09-09,2.2987850814323405,13.911231509071817,319.23246528889604,4.928943345276842,5.432460230091074,-0.06160579989592306,19.87509941700306,34.7665104120431,0.30985438135014437,2.063524136528597,0.2985631260769265,1008.4853928130331,2.759168662094128
2017-09-10,2.420328080120028,13.689636553233365,324.04563991081676,5.622437036107211,5.26565669191471,0.3427255243082441,17.00000131595727,34.79068355766989,0.2426136816987678,1.9614794902327506,0.39783418681770083,1009.4338626957918,2.7194930509791604
2017-09-11,1.96451774986025,14.086329411634262,324.45907379534196,5.921529287347353,7.141145071354933,0.7641209088661398,23.240212304736097,34.77487301338383,0.39231960580022374,2.0476834815576295,0.43118391443609433,1010.9587274224451,3.420698302505242
2017-09-12,2.2071036464557334,13.90460881340183,343.6192910538301,5.428167112913007,6.638002578075743,0.4551311131194375,21.682505672135026,34.88249372433236,0.38854645809143606,1.8154915320703806,0.2929970346178451,1012.2362950314613,3.1006774827509025
2017-09-13,2.23349556758655,13.8761229153226,351.6171621672301,5.206577707416677,6.694638081621719,0.14983533214495048,22.016204190463696,34.75923642741338,0.3764348495184069,2.0385152149283337,0.390731192431742,1012.3681907344758,3.1807333671148417
2017-09-14,2.4881717548163995,14.099499855102014,267.86696802603825,4.458570587092205,5.558812975924179,-0.32932718681407025,18.61455791151599,34.78945390940216,0.3094858315312711,2.0732006675834853,0.5051315127078967,1015.7296737937588,3.318520276940548
2017-09-15,2.243193650407502,13.684164429266756,245.50802797181785,4.4525820276729045,4.374732940931251,-0.8574753251598182,19.20267258709899,34.93319752881371,0.19883847085375506,1.721924745520857,0.5818482115964316,1014.9616580743308,3.108855723548825
2017-09-16,1.7515833524489943,13.15384093979592,284.0891922312692,5.663774263571133,6.44024594720226,0.26845824779164823,16.231907145153333,34.748704079255106,0.2705821643677593,2.3450842346739047,0.4399501257749755,1014.8576424530693,3.2575720495204226
2017-09-17,1.5196922023401909,13.899187347353699,292.65082922346653,5.512590682535905,6.537304128716443,0.8729625435179478,20.611594759851744,34.786721165451254,0.42732421696508244,2.195757010063565,0.48159973477585616,1015.1538956598595,3.269501697228771
2017-09-18,1.6688722415741346,13.33348597760217,199.56175621776435,5.419511515311818,6.494881274697573,0.428164008390441,17.757762199040325,34.96733710927304,0.33965448564907263,1.8468159354060463,0.5125824685906841,1016.4782612073838,3.0317063528215398
2017-09-19,1.9614010296711561,13.258926933459833,216.56451985183128,5.872112958756019,7.714510048102351,1.345855203767477,21.88079370260239,34.96093124974197,0.3500483109333746,1.5847457447005746,0.3395384313606264,1014.1514430361351,3.294226563206292
2017-09-20,2.3741812878269823,13.320190258732037,291.94019936626125,5.806308343267697,6.681935523577962,1.2425002492966515,22.735453166783095,35.10324023245353,0.38686935400384664,1.3529742641649964,0.49954546031198666,1014.066592688526,2.5039679589369888
2017-09-21,2.8096259110358037,13.489380436741737,310.79444822282096,4.919786775223504,6.140689762934676,0.6267575274445096,22.536346343165196,35.300067846803486,0.32802381491740007,1.0233024987399608,0.6058288233010766,1012.3620963220964,2.508215385012674
2017-09-22,2.7237297952946466,13.883495946587542,303.9535911794624,4.6405069182853005,5.645820102648167,-0.055571769472407606,19.298594956764322,35.21855332619262,0.2406746844076355,1.3685392455077892,0.5689971720162951,1013.6736376591197,2.5498038252798505
2017-09-23,2.652123696404297,13.983962668679746,289.97504922761175,4.850091527550926,6.722747044621545,0.7555853693872319,22.397877302656287,35.3903888211394,0.3041220106586533,1.1602310626409305,0.5203821482888966,1014.7532765751745,2.5493531695474085
2017-09-24,1.9588529295087724,13.662653940209621,256.82215273971576,4.012524181235389,6.450152871000166,0.2172850091729025,21.893453107273995,35.391081323833156,0.2764226192989808,0.9363393254096404,0.3757436712052459,1013.5693583048842,2.307383032821252
2017-09-25,1.634555543631648,13.84803100497197,320.85230861663837,4.672047644483435,6.622498024649043,0.7290019908046848,19.370217876602524,35.33950518878256,0.35617699205199926,1.1160035375320334,0.6082577419987937,1011.7268757754232,2.1019577632541195
2017-09-26,1.8627424670327968,13.606372710833433,273.37472068570594,4.232768204810362,5.517778521395652,-0.33537103956311454,18.923146738592223,35.29015246654547,0.2777329726983094,1.1694302228988533,0.5521731915509955,1014.0595813631257,2.4266280028489087
2017-09-27,2.2256297327869707,13.461665875083101,304.8058569244531,5.055765758908759,5.568026490382429,0.2912011332150648,22.005553025187417,35.33778466489448,0.28026979283125714,1.044321988305546,0.5111797188312276,1013.9614666349664,2.341868907509593
2017-09-28,1.9899884258467533,14.144593694987613,285.26637890699163,5.457279370647496,7.653061585165975,1.6161919792281232,24.52061540649936,35.413419951374536,0.3508275593809358,1.1425619467134358,0.6160721533145495,1011.7560584830554,2.5351521607006524
2017-09-29,1.558089048372988,14.033523586040593,304.6799859241366,4.928898033235796,7.755509341619356,1.035871134558772,24.66186659418987,35.412225633214476,0.36747323054385034,1.0880067904596764,0.6571800830853528,1012.8873567208474,2.3252912229953484
2017-09-30,1.9955793499820602,13.984770159926597,276.9651663119689,4.764444074794277,7.006735687820597,0.3768403523511519,21.7102221623745,35.41622912454203,0.4144801719233485,1.4291981223022165,0.6350780647116274,1012.2961301765037,2.809420609834443
2017-10-01,2.5476334387754274,14.209340075286585,314.02815649952714,5.349028788853685,7.076476188353522,0.6815404856594258,24.07009713968117,35.328783279260726,0.31812998013596616,1.3131080477501367,0.6411247772373632,1008.510212065158,2.5698107837098485
2017-10-02,2.1221216116096353,13.729992497221003,321.53655760335147,5.489775317225899,7.434799700004196,1.7657677776311507,24.521125921725893,35.32585381448162,0.3772126829531402,1.1237061888932531,0.5915336055466058,1008.565676470749,2.68424253348416
2017-10-03,1.831554915026253,13.650491897341917,322.811723059154,5.919133422527991,7.948893835185883,1.5345739799639464,23.548145841958206,35.36187796371646,0.4287100785437518,1.4776824451600945,0.6511853353587489,1009.4418203836893,2.9360996409265057
2017-10-04,2.5434228133253236,13.637946174966036,298.4297474958428,4.735697315281585,6.153416135784842,0.0834484986700353,22.18580525792274,35.291858554821964,0.2487707904277925,1.221948871331726,0.5972393034258195,1008.0094758908074,2.634325680850222
2017-10-05,2.1955041911032467,13.366376142179455,269.0054802434655,4.191785465082702,4.470781349863432,-0.297963291247086,18.634938664264546,35.36615527321852,0.26187972308342455,1.3729008565849812,0.5838023777660518,1009.7597993320295,2.5660997138412927
2017-10-06,2.083710050408481,12.528918199663158,180.28153988808145,4.532563569012066,3.716575333245225,-1.2672398413874568,17.82040432491008,35.13447263275333,0.23273064682475958,1.4697296864831528,0.503383968076941,1011.9386766143273,2.687620673118823
2017-10-07,1.9305675503997872,12.459152449723954,182.62199035407178,4.145974425148069,3.7519985560775635,-0.7828859059700412,20.374270626970716,35.21391691140338,0.18345998202098843,1.612629829681746,0.45689494829383803,1012.8841738880515,2.65241926460176
2017-10-08,1.354458281603352,12.93650930729951,170.58203331431474,4.198557180195254,4.353015888253411,-0.49767814083556533,17.956253395397983,35.34530790851589,0.212685406083876,1.233088550160918,0.6269496829559487,1013.0073024390271,2.415105687491994
2017-10-09,1.147198193031877,13.663579318940428,286.77061628367466,3.4469333789469907,3.4316603495208238,-1.3912786383013271,16.14030401902555,35.41054849442955,0.19931718272385324,1.4107378175306264,0.7713635230123346,1013.8594916819995,2.8316871285136047
2017-10-10,1.1069008727991783,14.05311949626057,267.4805041487874,4.23761680910589,5.796812089323078,-0.16542124668943245,22.756566292860327,35.3419924165582,0.25242451536823274,1.3679181653628427,0.7331124022201855,1015.1956332816093,2.4718373849698887
2017-10-11,1.2151187851003407,13.840247506119523,305.2868492815929,4.168931740512068,5.241738152996411,-0.3272384484823312,21.23613324090819,35.34123876206658,0.33891193598535124,1.3944474215023792,0.6884192385017786,1014.5835329905873,2.8323373825505187
2017-10-12,1.4121122725984705,13.015624649347265,243.9257074555369,7.125843978764518,8.644015404305728,2.371818034424702,27.967529246470328,35.104720858756316,0.35796597109198597,1.5193334793136068,0.7147538979341359,1012.9951400858585,2.639280224532235
2017-10-13,1.7083602597103165,12.876968520920656,262.0526028232846,5.290118536961209,6.997955570026613,0.5263703060437837,24.450765902318054,35.1048826644265,0.40222580254951007,1.85290807722852,0.6539350711008279,1014.9898784702185,3.156735853945777
2017-10-14,2.3555813971441206,13.056275315562107,300.5445177912234,6.110144386731631,7.711896446124407,1.3834484611023286,25.585571144620005,35.23621141901821,0.4226642765779474,1.5104092976917267,0.6882260875753565,1013.3497994709592,2.885169260702807
2017-10-15,2.3207419619002767,12.49391792237366,155.63597455153766,5.762628993203261,6.911156795153168,0.8406730103567219,23.405167955761385,34.976521748225,0.3689122525853151,1.7899529320205139,0.6125500298560959,1013.4042005153391,2.7674593965442567
2017-10-16,2.361375436843533,12.786881447224024,229.49203783708884,5.984193608295995,6.446252170615432,0.513804653035167,28.116367993770453,35.07681292549955,0.2600580421560268,2.0112436171550763,0.6002341654777178,1015.0747473792721,2.7655139491437892
2017-10-17,2.2401749161088174,12.665179378509423,223.11079448589217,5.2022162293563055,4.052189391993479,-0.6585933436795235,21.198152651123255,34.89573229876865,0.17750334501709072,2.2053379877633645,0.6970111116087756,1014.3993137546911,2.913991422049883
2017-10-18,1.7370250688472173,12.48555747821078,174.72046883965237,5.267965787621432,4.533795310192515,-0.5988528866896836,21.247686697958088,34.82262646092115,0.2630357673666462,2.317553668703287,0.6582405700451965,1013.3826498362118,2.9176464547309213
2017-10-19,1.5203647272396341,11.900565738955299,212.1231118033822,5.43438644959722,4.932008585709358,-0.4467260364594876,24.22755014839257,34.89603758166129,0.20864378529790306,2.2541306687049647,0.699253680259858,1016.5124247286863,3.0290108672179823
2017-10-20,1.399508570614268,12.360546078714595,162.70654639889682,5.6756390645162,5.527375080545659,0.2937210726482259,24.18160932080846,34.86615197318924,0.32997565114050076,2.3536099882501964,0.6799920804480164,1015.6751779754562,2.7235347935132874
2017-10-21,1.5706426363307069,12.237251890697307,185.66934531472512,6.141380200858013,7.003438508068467,0.9360527922207156,27.022686737172975,34.74019349710131,0.3843707101333328,2.2284701549555725,0.5814844470866473,1017.7508984802494,2.8893964688267872
2017-10-22,1.9766781535629079,11.569293228512363,187.38376940433972,6.823042928047172,6.414921435217041,0.43439597331127666,27.24227491696544,34.729558861205746,0.3776434643690973,2.3305665221138248,0.6499077442159464,1017.3301162449094,3.030909697553465
2017-10-23,2.4788127400146687,11.899896066514016,148.91613137315474,6.721512861065588,7.550641807884794,1.762936475308248,31.182798169828217,34.70736185741676,0.4404782430144095,2.672007724761979,0.577978649221958,1017.5229094616012,3.5055696248127313
2017-10-24,2.124376717492519,11.464410433199362,187.91174657733453,7.4431248023906225,8.425545314028687,2.2210505197515737,27.9518163458807,34.6125199488177,0.35183849068790846,2.4800877013612297,0.6178631389456164,1019.1427808508596,3.0257195473770455
2017-10-25,2.3976366982981823,11.931692909583889,185.36309143325346,6.361378274360469,6.152195844292763,0.35146367762188246,25.3869071558904,34.712335707098404,0.34534855672869674,2.494184101439819,0.6032873545166484,1015.4073478876649,2.995415106425167
2017-10-26,2.8687006197025453,12.305660341161476,191.7304665741084,6.297328820474907,6.834084805477493,0.8559472933917722,27.953008083498382,34.811021897572395,0.3336295447122672,2.1452185552913665,0.7053700949063312,1016.204927687823,2.8453953575223503
2017-10-27,2.931928684418199,10.888737764128592,189.5425933529694,4.963450511009035,4.017558790631236,-0.698115857534646,22.149105766389013,34.775810237079476,0.1880636261878117,2.4070394872854584,0.3050379260700469,1014.3683848842994,3.1148337144465503
2017-10-28,2.3048713657251105,10.964102979121481,57.413536481219644,5.861845358861207,6.0741844942813,-0.17254152886174579,22.141909851121795,34.75121780082421,0.31137235735109536,2.263541516043707,0.4037497183958148,1015.8152689606704,2.965082462535178
2017-10-29,1.8050495121948142,11.18568805816746,149.60998564697172,6.3462792772214245,6.636138373385206,0.8925042329208503,26.673379892976474,34.850488569046504,0.3097328100931,2.1502507179310637,0.5865727426098044,1012.3453270577654,2.776204425198053
2017-10-30,2.1133633411288817,11.233847220594857,141.32861635853772,7.116001337056531,7.691072485612469,1.8987119776236927,26.801883077578438,34.94801844988376,0.40375153723069945,1.9257475379160467,0.44818124860066516,1012.4884027194788,3.1031625129607145
2017-10-31,2.367409947962591,10.501838314609431,89.47433200179833,6.900317905714036,6.812710831649051,1.25104516578546,29.216561295131907,34.91979659632316,0.4079896199093078,1.9830704178220768,0.4145622985888541,1012.4600044249152,2.9387571557293377
2017-11-01,2.4238734512019677,10.87918695910749,83.77538624977493,7.211663868242446,8.617610465001018,2.1555182299291067,30.902614443270295,34.96825495248836,0.38324614766529047,1.997288999475021,0.4663771603836102,1013.1719612502746,3.0409841513175397
2017-11-02,2.822261166707447,11.261362832152876,122.1647077567873,6.795297420353343,7.094428503185056,1.0850565834741603,26.26275340772745,34.917416544392424,0.37830286742594593,2.131034668570333,0.6180973604534495,1012.2223473364667,3.645747834558334
2017-11-03,3.2987654092455343,11.3959532788696,100.67380492204235,5.8547560069272375,6.147108551677118,0.33402176699674185,27.022703723942385,34.800252888802795,0.28473160843118156,2.1693014508360045,0.560142899153949,1011.5086413575741,3.897158302684841
2017-11-04,2.378391120138615,11.42141155011834,176.94819244985172,6.047935361481925,5.792126690886498,0.9034624578910415,25.537484737442952,35.011553482248914,0.2577810411887403,1.8497463328403005,0.6195770565430859,1009.7418733399783,3.5632886216760027
2017-11-05,2.197384019308605,11.28541304683474,114.76541251338386,6.174761192371503,6.597166576003821,0.8332328403142885,23.686079973231745,34.90288416914574,0.28164077386909087,2.2837459029858396,0.5935862173737655,1010.2361457465502,3.234722748886817
2017-11-06,2.398063054391822,11.561328464426008,185.1964389968167,6.254460245798202,6.176411128051462,0.27147455707273516,28.327727685618292,34.861804830464315,0.28759989920890705,2.2464522555429025,0.7616604760662354,1013.216113446138,3.052303960940042
2017-11-07,1.9754006458521918,11.67738014639743,94.75243680372085,6.029553193545987,6.521782952729889,0.6118537434666149,26.414156225866634,34.891344676896026,0.3111053380381427,2.2140008060073852,0.6309617038523019,1011.8618165037949,2.750779690013565
2017-11-08,2.0601009819719973,11.73596956345481,169.42922214932815,6.489394914032773,5.800857184876637,0.8392424986076404,29.151441807497815,34.96175031597509,0.36714669274282574,2.0914837002381255,0.6963719206926661,1012.0788034334096,2.6557299108162984
2017-11-09,2.50481689975204,11.83437420963595,143.49696556296362,5.0262889690474415,5.501431103526547,0.03628900493686563,25.620592761708984,35.01749993901174,0.20733958772867772,2.0692866562925385,0.6982947812093936,1014.6288894842424,2.7367376443287306
2017-11-10,2.434347499540584,11.261003804334708,198.83255179620522,5.149533555470733,3.46565668563326,-1.0181256971915684,20.019583578134913,34.96675524744796,0.17520526721002455,1.930254343525212,0.5649836913862551,1013.5005583684215,2.509472887585379
2017-11-11,2.0484254483785094,11.309847441651815,118.28239659680071,4.672194511696468,3.814768942163726,-1.0317085176597274,22.148285280765013,35.09147850614729,0.183189942365518,1.9607503088142941,0.5194223190488463,1013.8865464261077,2.5766744510031727
2017-11-12,1.7741719225327186,11.571645732056759,133.1692938050019,4.975457243010707,5.465439469306811,-0.13010252651941723,23.367504416246277,35.1807253122709,0.23493479524045946,1.6594779657729442,0.6833321518544486,1016.4211094783411,2.2281386822469775
2017-11-13,1.210323433955199,11.407357940718898,111.81457387453844,5.641954328591231,6.009528271359106,0.774632345609963,29.55843610312627,35.305831149343746,0.2913493306007871,1.3132998706350452,0.5985672616526243,1016.4339197384086,2.4938361480668267
2017-11-14,1.2983160664328661,11.096845883262016,169.7954418111973,7.190615453156311,8.958609025849722,2.6051378767802986,30.917924959692165,35.18994821947831,0.42055798715400755,1.4619607595018536,0.8511911263547615,1016.6234275134291,2.576009224116032
2017-11-15,1.835993569043496,11.441772293060671,186.1447313302004,6.662994162486246,7.675098406482189,1.6085530096825331,30.745688883364004,35.1351694043496,0.41938884993408415,1.7880513639401034,0.6397885843734724,1018.6216286732131,3.0269648955604986
2017-11-16,1.9337801276791637,11.38720910042336,159.4093424683249,6.631536891404917,6.373517765923306,1.2105554461429955,27.744037224881644,35.20514432985387,0.3463089676273456,1.7276153279529565,0.6558983721760887,1016.9316571943872,2.831279180314039
2017-11-17,2.465530629184709,11.035067814954813,147.57042070080314,6.129741610085681,6.316482177728869,0.49862343381963253,26.70583467653801,34.946162364926515,0.30980086385004446,2.026146050315532,0.6460717167033542,1018.0087009559243,2.939324774814654
2017-11-18,2.8830279883343692,10.560912231443314,80.76576764473197,6.898637483256404,6.1662471922505,1.075578662797608,32.5015397849966,34.94521952719364,0.281817229401494,2.2705446331793,0.5326251139491917,1018.4186860862823,3.211076246061351
2017-11-19,2.9761106288162815,10.696566091946046,95.70325216659558,6.684775453530976,5.715607379548147,0.9697548917161692,26.812595626310657,35.00757846709634,0.3014388362190768,2.143368423665215,0.7110151008933074,1018.8294941554642,2.8209693234353237
2017-11-20,2.83194418928524,10.686410625160228,61.24890606003855,5.989051717251371,6.419201876233565,0.6383705417867741,28.680641474753124,34.96992437661303,0.29050425166049426,2.036144294304499,0.7806584042312719,1017.2801770232654,2.47554114797852
2017-11-21,2.7747955880610444,10.563680669017947,89.09092160129728,6.753966656414041,6.423549300065633,0.9101146267464366,28.847960032890295,34.90291132029474,0.3867123156484928,2.1354720704670873,0.5874395362057471,1019.3013929202936,2.5377534841079754
2017-11-22,2.7130301027947272,10.541685024802588,60.52440138192199,6.7817696083157255,6.1380701527061285,0.5476908989210605,26.975732990697097,34.88731041868345,0.36334146400378065,2.3309628509919866,0.7410466720850899,1020.6590211685833,2.5913583079517277
2017-11-23,3.2814262294902106,10.90277922500484,110.06021570379173,6.173188580927185,7.00376890901402,1.4103713322428497,31.710953656581072,34.93254494869379,0.35544826350484454,1.9498129459418057,0.4671928634156932,1023.0466661732878,2.3725818551710733
2017-11-24,3.1313374267297327,10.905265654570435,130.84535931705614,6.092511668218229,6.90397546969986,0.46079850887502233,25.819191415405506,35.10594174200419,0.3387245204094199,1.8437332394827322,0.7282870937110374,1024.8838771256726,1.8534033520038675
2017-11-25,3.366985774515859,10.691000242332725,110.14246924965738,5.634891725984873,6.230774300094352,0.24191820929688862,29.400333838923167,34.99535221332194,0.2066965277820615,2.024944216413071,0.6271928238011797,1021.6714810162708,2.6999599023281204
2017-11-26,2.7925478167875872,10.213482606247444,64.66450697024068,5.365160935451031,4.852229945295721,-0.306437098646437,27.228996691849808,34.94536323627894,0.2630197747203136,1.8788646682229964,0.5968151394086734,1022.9413358156861,2.8005132760681906
2017-11-27,2.381482358121796,10.395827610308253,43.840583528963975,7.526651572312629,7.52830084521612,1.982878734522243,29.793808948022424,34.87170636608182,0.45105508741389433,2.017773808826637,0.5884298466699259,1021.5873068054309,2.5304494590713977
2017-11-28,1.837616866215016,10.302772305359534,65.17045646202897,5.919280151344683,4.80728735876772,0.06614788660028464,27.213937566953508,35.03997754710082,0.2874547461647228,1.7537911849720058,0.6326497622296663,1020.8974211606487,2.3739213604493186
2017-11-29,1.8167987819902325,10.338154528790295,101.56972714275994,6.187413599746305,7.011932294912892,1.1177096653733547,30.852606771659012,35.01532952577577,0.37359426205093066,1.813789078393323,0.572345627091529,1019.7821152733144,2.7381026240186523
2017-11-30,1.9551769867287199,10.307133596156653,8.0,6.376931028482787,6.891569589969672,1.1182107317206338,30.848310968000717,34.98261047553115,0.3715339842704176,1.8880167168317061,0.6563887243601798,1020.0552190089621,2.4460473256831725
2017-12-01,2.082351666469947,10.58028570780643,112.44903790183938,6.471626416231698,7.278130620873657,1.0812994248337577,30.64210373777007,35.02354082942762,0.3062577489122118,1.780185190190112,0.6304951021026959,1016.9969339688794,2.1789654096620747
2017-12-02,3.1518423316410744,10.656478261289937,136.2884289798179,6.375230283061504,6.091318156782978,0.7029287025046866,28.448441152527856,35.122491477924136,0.28639419994846993,1.8102421413284968,0.7213674296658994,1019.298361905849,2.122085360941743
2017-12-03,3.091333048371982,10.385994993922044,87.14307326876323,6.299484690700806,6.007802075408531,0.453443717258574,29.061922227012886,34.93947238308331,0.3300291147162373,2.182093838168093,0.7029672301750953,1019.6909878936613,2.6690194800063805
2017-12-04,3.0805282376899785,10.379724811740573,64.17897691474637,6.987426413611377,7.832700754102473,1.776829877522961,33.89024761384511,35.07913076833474,0.38856189912235617,1.7893601351328643,0.5168826083090804,1019.9756375780032,2.8546983767399965
2017-12-05,9.630212818177034,10.988506067192777,75.02890096750546,7.171629129109892,7.691722800904907,1.5579270971442736,32.304330515994884,34.92125527267479,0.37219671553534267,2.07061804695688,0.7342567401872728,1019.9447306157249,2.7250338543336707
2017-12-06,2.437376929672769,11.251883026378396,137.26432114767422,6.446303172147972,7.032318514597277,1.4539802648835225,30.92322753366749,35.09546754208951,0.3410258736610044,1.9407423759771796,0.766959190103057,1018.916289826758,2.2955780483554795
2017-12-07,2.477648531767415,11.305155270654994,83.60093895252841,6.589112643198882,7.438134240468834,1.667177487867241,32.09683614846816,35.18323547239213,0.29402200160881087,1.6847792489075484,0.900669481267044,1016.6783581812094,2.5431744034493953
2017-12-08,2.6048538337379292,10.76563979576071,80.35125271046611,6.062586153620367,5.51561608457096,0.5512146973684025,29.615502195802467,35.07247156595956,0.3541534055841984,1.6547112607355576,0.8067152613617299,1015.5883682799828,2.461951524557814
2017-12-09,2.901857923040025,10.913247206281886,145.1632455399942,5.871503217451621,5.341852341843997,-0.021102468497785798,28.961941405569988,35.08178434852298,0.2579488953123831,1.8116311779999492,0.6460633479541427,1017.42236393901,2.892996921099889
2017-12-10,2.5708892796609173,10.833916932392144,91.42066036596171,7.1677850220509285,8.537731374184542,1.933181779118027,35.57338246902796,34.92604289363124,0.3975157059403611,2.0283736168765274,0.706369572421307,1017.5705121067041,3.13768419296589
2017-12-11,2.387713122396361,10.36230108198043,60.95044002673572,5.996232602021178,6.14841124925125,0.05703196456282811,32.05631590311389,34.867484011978945,0.3144513803838295,2.2674688260520814,0.6943367727866743,1016.779711493072,3.059773624356589
2017-12-12,2.705368713611315,10.60886463242137,107.99204290600815,5.933927336044127,5.330555609029055,0.10800022281664741,28.152228878296764,35.039352920272535,0.27281633910279485,1.833411368758151,0.6850973576892023,1014.6911117863681,2.5587494274390994
2017-12-13,2.9651894931737712,10.075482407996102,16.556533720260536,6.698456381893039,6.145754409184072,0.8516266793365698,30.842553566302936,34.925246529122745,0.299666857319064,1.9587153675078235,0.46436650299720794,1017.3113492711396,3.004000815182179
2017-12-14,2.3908831930235532,10.151428772049096,100.42910612175461,6.87163392829462,7.560059522830804,1.3267430579795774,33.30990302937172,34.96209480370079,0.3987471486951121,1.959803707023465,0.643998930029543,1017.1807085238088,2.9101629942794816
2017-12-15,2.7899519214026025,9.924451000121818,22.046856749208853,6.329658036566641,6.355826456246574,0.6333895308464245,31.659766385519212,34.96518831102769,0.35408900771145524,2.106948656530684,0.48127406594407673,1014.9110568501806,3.04652581734693
2017-12-16,2.777587922605343,10.27937974822771,52.164230400135224,6.094286213625163,6.641450185005705,1.5629104792938393,33.50834979136235,34.92633164987091,0.33105687676502976,1.8647920647030305,0.47314482370763444,1014.3357965686461,2.6129491715970934
2017-12-17,2.7106256335684216,10.30639726644075,19.938521708015415,5.814767084263498,5.598124578424613,0.4901562314146983,29.436103489142866,35.044631870815046,0.25118096021167996,1.8268454803109933,0.6948336024061571,1013.222132706826,2.648716618288632
2017-12-18,2.280124174533564,10.5020575218625,91.72821608062479,6.664398599641981,6.112897178690387,1.0914427921522611,30.78021930710252,35.08315124029985,0.28147205526203883,1.724651139264803,0.6852256147976221,1009.0649206429374,2.6582757940034254
2017-12-19,2.4105776740824876,10.921942093053445,20.916385259047686,7.044148477471072,8.99721754144927,1.8762722925857744,33.489569036296004,35.22492109693102,0.41164947642791466,1.723550227225122,0.8365795568675615,1009.1819969753932,2.7865974549975068
2017-12-20,2.4960798832204887,11.497672775831715,114.65666307117348,5.903613529808233,6.974503807381111,1.1201410147524735,30.957197443932074,35.18766081013649,0.26036534237443326,1.3741575093521186,0.5699240104435519,1009.6382037496581,2.2280005322823246
2017-12-21,3.079788392336617,11.415730614686144,139.4317378031508,6.928898478286412,8.249730432573955,1.9083316686261844,38.04294284020433,35.18628382891876,0.45105902410870347,1.4124063134053362,0.680290860580243,1010.144534110878,2.349533459563583
2017-12-22,3.1690026505518145,11.430301232201817,94.46698120538251,6.461128633842382,7.936141402636032,1.4643743576005077,34.92078318535821,35.22531820628601,0.3924514471654148,1.6714900152805987,0.816795086297012,1012.3620648345737,2.7419863410217693
2017-12-23,3.250877389316817,12.248901125859712,116.18470397864304,6.634499358328506,8.606227081587303,2.075644791534621,36.384698892881296,35.134661188110584,0.4189439891743051,1.8611964470166995,0.8771761328713065,1010.6139452074342,2.757199933396366
2017-12-24,2.9254118543499312,11.804612262193363,153.89535910950678,6.731157237503843,8.723328015376527,1.79270154513202,33.35170363113794,35.079582080319106,0.47381350236884545,1.7423883011217558,0.7625365945903804,1008.2719815962846,2.998836859953604
2017-12-25,3.172582005891409,11.22676124032159,113.55515078787978,6.353772483405813,6.277780200841561,0.6229579141827888,32.67130747006489,34.94744542126267,0.354794140208072,2.0066322511091097,0.7273612494187096,1009.2827336466838,2.868985251301852
2017-12-26,3.399005896050549,11.753644090924903,35.9541108690224,6.197691741745393,6.493342526230648,1.2573013554800618,32.423835534108655,35.116163723533106,0.2928707803982017,1.8937607020717238,0.6388501972117531,1008.0568661650568,2.862700543163609
2017-12-27,2.7765325112512076,11.262030898717715,76.74191285131451,6.25425325788198,6.688899396203481,1.6793396639844305,34.64989355905366,35.17617751609782,0.2998513908756343,1.3815243683486196,0.5747348795097038,1007.6124426440019,2.7742329352857595
2017-12-28,3.098640994016251,11.712385943418015,161.51211926328315,6.077946637662025,7.00363216547807,1.2584283834860912,34.005956714777064,35.15357728468636,0.38860371996990595,1.859807610627449,0.7013569949337604,1008.4275345215706,3.1255144842052562
2017-12-29,4.086425738637273,11.456609018191278,87.047410510861,5.719136004667777,5.650067164210339,0.8133941331881969,31.57971305159478,35.28141886994528,0.2671283736560916,1.3895838882405604,0.7278780357987269,1009.7142283943878,2.556828701158624
2017-12-30,4.783312235792465,11.845195566184971,123.30732647965144,5.269389832589828,4.820064181956608,0.19831532931588458,29.055101713126614,35.31506880778306,0.25158873915979013,1.486520010408747,0.6636151382477344,1011.6932957223138,2.522943839554649
2017-12-31,2.5808387967995703,11.325214405127442,57.16332176009946,4.957538622120505,6.240538968760413,0.40705833369763855,30.766388596616224,35.305685907544024,0.35440402856612546,1.1478770981223256,0.7053753599620778,1011.4555400067935,2.6861428736076807
2018-01-01,2.306602564460156,11.714133866116004,93.92408049000221,4.982013327738681,5.771455026394593,0.2923375672110051,30.979075910941358,35.25003034745886,0.2760652314572566,1.221698925728733,0.729495792046588,1013.1753028880358,2.6756387414312517
2018-01-02,2.4041511068461086,11.501831705156622,147.18713085751062,5.630775188359584,8.072050361397606,0.8081492816613244,34.31043086057647,35.20447291586717,0.4608466715294369,1.526032355718662,0.538999183544578,1013.7567562904941,2.4870331579275926
2018-01-03,2.7704842484689784,11.783669218165855,121.8483823567459,5.556498225475788,6.876600354714513,0.7039691420763874,35.48210491770426,35.20349894686133,0.3714258028234199,1.4473872824999108,0.6169896898773628,1014.0751198284582,2.4498854226587268
2018-01-04,2.6303638472686264,12.268652501722913,168.36047057080708,6.071707388242727,8.023873461085131,1.0993140641602186,34.30651544662852,35.2807164527824,0.3463807989611195,1.4415917408508003,0.8314129635084438,1014.5796120413532,2.7519306448105025
2018-01-05,2.747255384379052,11.842956313859396,57.75152712381124,5.935690025480645,7.632837093923058,1.3028099643747844,33.67463821485506,35.371727361134035,0.3280096018599911,1.21303414420431,0.7337414233939606,1014.9956405323735,2.6171445393851585
2018-01-06,2.5450444355972577,11.349079256202492,124.13538516786079,5.386603030089792,6.433015605468289,0.27241121507775123,33.40937406849473,35.259908843023936,0.3220291207168203,1.3601834538785067,0.5760295036337606,1014.7074445105184,2.474010125370609
2018-01-07,2.1991832051113436,11.078110071168197,8.0,5.7360794275076765,6.336535077551389,0.833946021053161,31.91613817784442,35.212565589402224,0.31269383392194544,1.383185398246172,0.4804173323021041,1018.7878429708246,2.602798160305166
2018-01-08,1.7451982490750821,11.220041963655513,42.49262577538421,5.526280874663028,6.026179942722735,0.3668284773603161,31.783434029903376,35.27483801213465,0.28178248447650356,1.1930309138407504,0.6260146449465509,1019.1353004661764,2.77110099678651
2018-01-09,1.9563938418225655,11.114340137485794,68.32445733897887,5.977507208238828,7.954780311092556,1.6040278938241108,32.170823047017436,35.26237932997743,0.3931667893558714,1.2741672276358305,0.454861119075558,1018.664185225484,2.7699908243392044
2018-01-10,2.3788015903208537,11.743106047853479,55.866923340212246,5.00812471757197,4.632614520019027,-0.555866020819361,27.690892311295876,35.29256443328076,0.2078562168202413,1.194060533484158,0.6448382924590648,1015.4868884985603,2.2438071402160182
2018-01-11,2.245089726952613,11.117632326637997,51.95571706725287,5.241709563952803,6.265218138616399,0.1343375008721785,33.116554718738264,35.222925081229775,0.2843809760354365,0.9923130169020442,0.5883916600570287,1016.4789884955055,2.5432954379275508
2018-01-12,1.897352631466317,10.69964709637869,66.75650962310733,6.650932811693,7.507125003215438,1.48467083185089,37.3725215095528,35.11328843998306,0.38860390142067586,1.286941726313552,0.43143228288652075,1018.5295278847574,3.0239260132403194
2018-01-13,1.5264223455989632,11.667379255082453,95.36585248085586,7.033994511622899,8.182601972739686,2.3157495517132065,32.31342035546331,35.02810028931374,0.4044084994322497,1.68358901273027,0.5463984835398202,1017.4351532035367,3.1210706901183487
2018-01-14,2.0282407415010386,11.479146383421835,113.78531787241963,5.7508207477518605,7.004326220625164,0.9079458096214157,32.11129750513112,35.06794205441112,0.31199771151499567,1.4229457332770998,0.6903618692749913,1015.4396925514926,2.9412699070986794
2018-01-15,2.7088829176399836,11.864812976626189,47.4951209142287,5.2032888968339766,5.780638001621146,0.25539987361590977,33.567227253711565,35.09327720718949,0.23503723548392336,1.5322106763451377,0.5565568392190092,1017.0228502558692,2.569882582462818
2018-01-16,2.7562836177467327,11.541340514183096,76.37675841188685,4.924992833318844,4.527767883650977,-0.6906569655371118,27.79431283305723,34.956652828887854,0.2603020139818029,1.525069176210862,0.662769767933304,1014.821060227707,2.7945161849168776
2018-01-17,2.362271585587751,12.069101011152183,105.87345215204476,5.532605476179914,6.407651122149003,0.4240437437521039,32.20599414077819,35.02564502041203,0.31852158015840426,1.7112732331288312,0.7066086473632306,1017.1564897502927,3.208920985051226
2018-01-18,1.7691323575408422,11.286572208564337,116.32070742701205,6.589418080917051,7.717611098823895,1.4099778019373665,36.486345562079904,35.024088108681134,0.33772262515094675,1.8328092769705218,0.4739587743682343,1019.3948587880412,3.225404776962631
2018-01-19,1.877978794586982,11.818196446842668,125.81782869169908,5.6973574992783735,5.330235072485892,-0.44317250220693927,28.17319066104108,34.92243651171131,0.2968484485731382,1.7338161273591626,0.6976681377695874,1018.9549858144582,2.843460861379642
2018-01-20,1.7938030583646705,11.848421899122895,103.83473500051974,6.360411986477856,7.394257559644001,0.9506427436627509,32.97242664092811,34.899467128794996,0.39402426998404483,1.9431697580077942,0.42743183465330203,1019.7330606768297,2.939032668254296
2018-01-21,2.346351567963045,11.961763605483709,112.82709889357551,5.654752558006816,6.480427267672451,0.15237944812861054,31.52758877524511,34.95162611125084,0.3051354481726047,1.7276172320997698,0.5400125319582387,1019.3782768203147,2.7170572944891083
2018-01-22,2.323489121503951,12.774455110678177,105.78329967015918,5.751199595883533,6.742752960982643,0.37929023310889676,34.44066045541935,34.85482888985983,0.2960777639871492,2.0163546123119347,0.7170996589106938,1018.8407949164243,2.9128089717568737
2018-01-23,2.1452667244952206,12.141241324181102,59.266682012406854,5.516290252621237,5.252100430678051,-0.8521101873970551,26.51624215290275,34.72238107616798,0.2697971745996095,2.1408037394836743,0.37124345445603846,1016.6071390924855,2.869875615364095
2018-01-24,2.1068318345229358,12.647955577842298,117.6994856815481,5.6029612658204595,4.248740827225649,-0.8482078479358683,28.057480434124486,34.72074209023025,0.1713995214630653,2.3190457121487302,0.6656411651481687,1019.20357434257,2.927266865415511
2018-01-25,1.9779560757364987,12.983715787338603,142.25990857148074,5.064349686037351,4.71218927550692,-0.6442529558943324,28.582438168848892,34.8371526052246,0.25187104044760916,2.047837739067511,0.7138370615614184,1019.9425886716539,2.922812270376454
2018-01-26,1.814093230154994,13.149144547452599,140.02477530288095,4.964067193981316,3.881444849375194,-0.7264459775715957,28.601653181338794,34.931488429884084,0.18110418933353872,2.014086790001443,0.857803381961298,1020.4415419152958,3.085088188876733
2018-01-27,1.425080894322199,13.342587748753257,228.8443529756382,4.870423244332202,4.997785611666026,-0.4783986971739896,29.090310501753812,35.14251580411366,0.29641885012740227,1.5755556868676246,0.591919123666015,1018.1835889596226,2.985184717178883
2018-01-28,1.5832034356981108,13.16405697059101,98.48851840772207,4.734101527820903,5.883590926545118,-0.45304819294869,33.200575355980014,35.147650050626034,0.30133016182443945,1.7202013641955594,0.5869140574533223,1018.3887481153859,3.234403952103837
2018-01-29,1.51958508531601,12.493933167941675,93.72940892928588,5.518079912769402,6.398594798916496,0.21261271557092296,33.135319270278266,35.09788381509277,0.30738795672274716,1.291951362380862,0.5589931819676582,1018.9802264168013,2.3366147201594676
2018-01-30,1.3000310156184567,13.268677009184104,193.775563092253,5.417154584891711,6.495491159194732,0.3362359721421528,33.121906175677175,35.10160027794377,0.3117055640192252,1.600584829473116,0.8013560100239906,1020.3761460752427,2.4080008667801582
2018-01-31,1.323133343912481,13.372956782567666,156.44153755677522,5.550427182888572,6.152960748864425,0.6604111308141867,33.39697128559631,35.29845077625352,0.29925274022838483,1.2177811514386963,0.6822481561115106,1021.0861396616597,2.249349181274542
2018-02-01,1.6413842676228196,13.736548011149653,231.7808297108844,4.473539211286998,4.842697531670038,-0.8182646897718358,28.47987060349986,35.22562244548868,0.2510976623293737,1.2080296859018966,0.8274936352695043,1021.3113558977907,2.333212659445514
2018-02-02,1.515994266544092,12.756921142587945,128.87324652707025,4.386153752188742,4.389271003726562,-0.5296520905705034,30.527439863433216,35.281493538562316,0.21407432996453474,1.0068442759952576,0.5083442617983948,1021.9127163687382,2.3352787856660018
2018-02-03,1.3373289187533435,12.853518369547423,94.3558867458875,4.057478099304398,5.204806625514989,-0.04811820675936243,28.731990151563277,35.35809328757024,0.29777092581001446,0.671817549994814,0.6222339762342197,1021.8799454725893,1.8655729053625414
2018-02-04,1.3939736334295747,12.798460053400232,117.52509106311477,4.9218454436726224,5.63250885170487,-0.4129392673992198,28.52693535098336,35.191738067986485,0.2987308968140182,0.921837223032385,0.6071481119481803,1025.289391591556,2.1431626912284325
2018-02-05,1.5638336484024726,12.311243081355242,95.80512380054942,4.5755931620518115,4.916146717266787,-0.5080236829218268,30.774065293187153,35.205899449917155,0.2877944195519505,1.1207709296556025,0.644751312518118,1024.4699337451761,1.8535678169392562
2018-02-06,1.2158853490471082,12.351699144483309,110.60405198853347,5.220232092001857,6.747661585218537,0.14595840938307397,31.692751595596224,35.17601734685179,0.29215588705543977,1.0558306432032594,0.4028344574176964,1024.1285608502544,2.1697033968944948
2018-02-07,1.6670453290467124,12.641763590449374,117.68693489588277,5.656304558092126,5.958735264297589,0.5878872879021229,31.57719968813283,35.33731568519341,0.32115904647950966,0.8396382933706047,0.46260235661396965,1025.1399032585048,2.0910946453503976
2018-02-08,1.8856177234652596,14.082601766773404,136.88926950085417,5.065912836307586,5.747007479501921,-0.08986708882164036,36.39228857345036,35.13989146498104,0.25891727185041613,1.1406981242803762,0.5904161264346686,1027.113583720953,2.6363405116491756
2018-02-09,1.9005475716440903,14.104116104167897,183.59223925795635,4.915959106985672,6.859024333255249,0.795494148851835,33.287544358157035,35.243214656223394,0.3839624863342175,1.1718312144147902,0.5406451475825289,1025.9435730724965,3.0088669845536757
2018-02-10,2.248500758469372,13.785611514032798,155.95678163522172,4.390229561579344,6.669497748837914,-0.102841148598042,29.93999686623597,35.11632792164915,0.27453646861315345,1.1668910225469613,0.5884600705935038,1027.257771855073,2.972351676673743
2018-02-11,2.1510230491252655,13.876965554646151,166.26146251861468,4.189926416737561,4.106288262948056,-1.029126477135059,30.302728486621607,35.04063088107163,0.2541701260785364,1.5247697105054274,0.5982750614605484,1025.5766455026555,2.896138441031007
2018-02-12,1.731740112596353,13.9934551477945,233.14602179348665,4.77955256280932,5.726945289142402,0.0377212076982045,32.605245168282735,35.11975909382572,0.21893119608571832,1.3469549105301089,0.5683562483441672,1026.6800638602258,2.9094431304059643
2018-02-13,1.3362776331957302,13.430570176756325,176.61376477461778,4.434493020693731,3.4444508129005165,-1.0366095621818212,24.611021235774462,35.0892875943456,0.17342104762030416,1.4876993661496123,0.5299492522848985,1023.7953770651259,3.1290532520751233
2018-02-14,1.0888394253705345,13.794338430660764,257.0508549979762,4.11443810330732,4.433417243856182,-0.7045453783021574,28.281358140712268,35.04019030163955,0.3027452565577749,1.3575724348595213,0.49403555052753406,1024.089740558953,3.146539120805318
2018-02-15,1.3622343963145906,14.329106741367275,198.3515435164122,4.881736557276992,6.277898356144163,-0.19662175564253925,26.261888187480878,35.088032784435896,0.3339003365710031,1.2817504019445098,0.4971026220559432,1023.7831020003049,2.6426469148299043
2018-02-16,1.374631293225855,13.820666466832098,210.74063947823666,5.178952642857256,7.161373241844833,0.3822057447561722,32.663931782478855,35.05793903664807,0.3708697326188327,1.3878534301343006,0.6054000757067711,1022.6050201500617,2.886040657117266
2018-02-17,1.4526171476483503,14.04543362590359,137.8319231068715,4.993204459966162,7.240998673796083,0.6403064045150118,31.813627396321863,35.13191190700638,0.34510226375337655,1.1463124928738821,0.588381487902752,1020.2473019878352,2.921927910772222
2018-02-18,1.8097605054926635,14.232096024411629,235.68599208361402,4.450060853576194,5.896736176441801,-0.22452687524991038,30.995006458207513,35.25894551584404,0.2702891351031803,1.0976972603273214,0.6487535381651433,1017.7791727854698,2.8176574921692743
2018-02-19,1.5653860456570354,14.717795818498804,291.09756373203777,3.8214240336399286,5.796620185954778,-0.6283817430432908,29.780272904401063,35.3491967433498,0.2973238496569252,1.0261317628511848,0.7425251731680047,1018.4082496073181,2.8963781378174773
2018-02-20,1.5327898335842125,15.225744641502796,246.99918168155423,3.726462892762867,5.951254169847894,-0.4820630492992053,32.7286329450643,35.435494770850966,0.2918708790252502,0.7845272376238487,0.7034950909344484,1016.794096913063,2.4473957505312205
2018-02-21,1.2617243412573258,15.81635107910885,246.8172382673257,4.285786125295493,6.792644778815752,0.5607758649749,32.44462854802328,35.51567861966706,0.4044526748339608,0.5896280134749188,0.6156626927535481,1016.3925249061939,2.6152186511251445
2018-02-22,1.3933890487815324,15.148039174384735,241.47611420311608,4.346165673358849,6.887021163780517,0.9292008100343274,33.2917286679068,35.592258412860986,0.3192792747561936,0.49398088415209895,0.7945490291345807,1016.6336498370132,2.3299300634171685
2018-02-23,1.2308868005300806,15.381359860762657,289.4140468802287,4.383286277779512,8.078226391209194,1.1831938804800919,38.019805806621186,35.34665472709106,0.3511723779894867,0.8349203964285952,0.81422823102604,1012.5267590927239,2.475904437781932
2018-02-24,1.5777142216120572,16.22754389577495,309.79210282923833,4.495692960332576,7.859855882417041,0.47165658847051034,32.432874835235694,35.27917648316157,0.33912295927607716,0.9429050166180118,0.7050960857799686,1015.3467590351976,2.6728400964696157
2018-02-25,1.928006137139379,15.818185507703367,269.06118689901155,3.7058101235206733,6.788730782577962,-0.19562450344778587,31.010146510873415,35.37124050950617,0.3316367792440732,1.0408800845541384,0.6134850337646739,1014.5982754992493,2.4688258268575156
2018-02-26,2.13491345269746,15.540988467192433,303.2507736000755,2.9458458297768235,3.9954603526777497,-0.8990844209886077,27.437449885031008,35.38883681044367,0.250307582680968,0.6267651271903419,0.753345050492023,1016.6427816651014,1.9258598451284836
2018-02-27,1.8546399351503402,15.041723290268063,243.50073561235922,4.250451114952005,4.993528550939949,-0.5569972726980612,29.493191355621683,35.308858994768535,0.3503031089251938,0.8107292895365386,0.5563497107853799,1017.1887558552629,2.493788117791067
2018-02-28,1.5084704035456786,15.4346474048063,235.86952821044457,3.0458646169350008,4.418573641418173,-1.4057079325206345,27.24008087187033,35.36399297086735,0.2209117527711089,0.7029427813611725,0.5515056062869145,1017.7987086742087,2.1341327848445815
2018-03-01,1.4530722933829396,15.56678942478893,266.9915954059147,4.280225522082189,7.069942126450969,0.3780074593970031,29.984985903137588,35.3792176786636,0.2975655446480856,0.6642146128104622,0.5142334417177356,1016.9439920440541,2.1409835157539447
2018-03-02,1.5442804354902724,15.506803710220604,257.2750912397311,4.733902026833502,6.196732542945802,0.05862108234683014,30.630879838635284,35.24766109626504,0.3626335525565376,1.0295182469673665,0.5923788256286879,1019.1764174145168,2.313619309742924
2018-03-03,1.1628414796713262,15.302874813208096,201.09615922410399,4.4770700329068776,6.226271195817553,-0.10319881775787813,29.60849518206663,35.23308637702752,0.3870166511051975,0.8349056264841833,0.688100234974201,1017.0606316180689,2.333505900682558
2018-03-04,1.2809052799688074,15.427892035525195,293.13136097236634,5.507384906287247,8.1490400904127,1.6516063316927794,33.09297487307335,35.32908204133,0.42542045810348933,0.90890163174645,0.5211176129503525,1017.3116554760253,2.8000763096145813
2018-03-05,1.5940667814796268,15.10179691534199,244.43115235820886,5.474666377936487,8.705430808964378,1.822957990482225,36.15574546213412,35.16343345399046,0.4756020206223146,0.8496208760033385,0.41316946782246566,1018.2414959698476,2.3996434508001303
2018-03-06,2.4362864855388513,14.971585627313251,228.78447436771617,5.325020664367288,7.5059673661881945,1.251713988906894,30.604387211627394,35.09364997696094,0.3694336095899394,1.3610474375796684,0.31944514305074423,1017.0665644642548,2.8609509205521673
2018-03-07,2.5257294144685707,15.79994297805461,246.19426956010687,4.535020097444051,6.732457904190029,-0.0489686882760762,30.77345653813876,35.1559379027389,0.307132476542706,0.8807017975471036,0.5453490037110609,1018.1432715579377,2.380026385273109
2018-03-08,2.5494035149150927,16.167857489396113,243.65858660717367,4.507028932760146,7.2917890181762415,0.3205784905267321,30.220119267708466,35.178433976803305,0.4099867426839129,0.9301097256295885,0.5204873584725465,1018.7984113951596,2.359092273021363
2018-03-09,2.375206739367443,16.37188918745452,286.2840819693886,4.404363259395126,7.318125883228432,0.6972030441661381,30.5322639822079,35.2367844409202,0.3480431811256892,0.9739505011978113,0.6178028752627365,1017.5644267205499,2.3319771515957863
2018-03-10,1.7983705917507904,16.388861120418735,325.9529214201671,3.6451021943575896,6.202896065344274,0.16337975978186822,32.40350885806984,35.18820929066783,0.36663367098964234,0.9735059378777438,0.6802635173348579,1017.5216812577991,2.716593140287991
2018-03-11,1.7020204564493575,15.55927907379979,261.76342382938304,4.136548911639683,5.804219647919366,0.029829754525394547,29.543149230643028,35.10127468557404,0.32622711027247986,1.0827898405245315,0.48192057017177203,1020.1793346725455,2.5697184517588645
2018-03-12,1.7339921632396629,16.111277597459818,314.3847975138447,4.332550344090892,5.588924498475802,-0.4002084544914598,29.93342252328853,34.9977467729022,0.33111857160655883,1.2501568479468996,0.49611659713635275,1018.2358475983795,3.3184777178088067
2018-03-13,1.6304918751607524,16.592716770100537,305.4938866152578,5.175767000802623,9.749614399533641,1.5853046847795682,34.74793343239393,35.13224796439869,0.4192297770103137,1.2162543903668483,0.5206501999076014,1020.8893944637986,2.8476749614161836
2018-03-14,1.8199628946234956,16.084549227618517,219.59192410903748,5.995035328095332,10.482515489428653,3.17208103669731,35.212657609918686,35.13795589528376,0.5130228528781283,1.0208114672362023,0.5604813201423992,1019.7732664302188,2.775047113814701
2018-03-15,2.0128875494295775,15.671345711671899,236.17400947845255,5.031964851565059,7.272016390995616,0.5661833394239052,32.56530777012226,34.92164387693253,0.3557489119049106,1.4063001133940793,0.5697258487597836,1019.2267320386153,2.947474021337358
2018-03-16,2.1975926938574073,15.600005923026334,294.8389458309704,5.785201136027311,8.406132030862008,1.2976530966288005,33.20078724555172,34.74395446940522,0.415696963413592,1.6253843722388053,0.39281322270288954,1016.2380214574883,3.092217602925212
2018-03-17,2.29977087028276,16.6990513068676,353.34782504957394,3.6880395544211577,4.500545018441725,-1.277515614169632,27.039524405390367,34.944080050682096,0.20588076406282083,1.4801296483419806,0.5593735029089988,1015.7630880474164,2.862031256548567
2018-03-18,2.0122116087327413,17.063959605028785,377.8494268151933,3.581408548779302,5.676152342524039,-0.8622068963147769,26.089214414114107,35.01345568372628,0.2787533326718335,1.304915667178234,0.6182462726676007,1017.1514609738082,2.3874355940020515
2018-03-19,1.9713994735005174,16.81701123223546,364.12810652148676,2.8562266559842766,2.9853358492670266,-2.0528183167280645,24.580103466354057,35.05708869965109,0.15093524404700218,1.2542199119477342,0.4203239644612269,1015.5645850898163,2.6869382042903
2018-03-20,1.4799553399736762,16.875145961113596,343.1661377525557,3.637773603122263,5.3472356593447214,-0.7712460546023978,27.953056176248392,35.16718407710213,0.2974582150824968,1.032894549726943,0.46182077087349516,1014.3724318748278,2.3287947165381278
2018-03-21,1.2846835277828836,16.430588970377727,304.5618232766185,4.068575188373676,5.791801630516545,-0.011118555506323555,26.78858111753438,35.19039820432884,0.3698307887919251,0.8724620757766098,0.5704946040686236,1014.716949917794,2.2862116517682063
2018-03-22,1.1468393777001284,16.307871072824348,307.06188919031916,3.4629485114706524,5.153669837068664,-1.2612825157449041,24.71990085762078,35.21943817667179,0.225406515731187,0.6876667097350172,0.4649969074647485,1015.3453520742163,2.2368872124275248
2018-03-23,1.218230870353355,16.982503196372917,319.1843007256904,3.5868504918180255,6.624751171225034,-0.12763838815230144,29.15338677518305,35.19632490005135,0.3932283330194872,1.1730308047340223,0.4279413272390815,1016.2209797855146,2.7302884295677226
2018-03-24,1.306632821653066,16.938588922917067,325.2490823333626,3.934042412454353,6.4108018619247416,0.6843975655358072,30.969232046999643,35.09359334828647,0.36497406669139837,0.8927754966188474,0.41623005890849807,1013.7397333631449,2.5476182315298543
2018-03-25,1.4182685076337032,16.675800297547244,293.8986651885858,3.864145478412355,5.070673425702792,-0.06994003487878331,28.260226450567686,35.025392745640524,0.2882238546963274,1.1936313865210844,0.30205508818023563,1014.3351942816037,2.593894557805708
2018-03-26,1.3962731130749353,16.34767776835628,305.49817960101603,4.183166235691135,7.453865293331174,0.19614574772786658,29.061945406875306,34.981649176879316,0.35892074287424913,1.1133328468238473,0.42367046679582276,1014.3867901767313,2.62600394785279
2018-03-27,1.745264024785478,16.717258367337404,367.83677344783666,3.4707874737058373,4.920753065298991,-0.6785411379130194,25.261989721733684,35.155837665009585,0.2448131159365125,0.8273884037007005,0.4515283318641368,1017.7144504885815,2.3489610681798294
2018-03-28,1.5623454503694503,16.388622940131626,392.9875298995142,4.635261759557565,7.180850100665571,0.7298627961920349,28.091244793283533,35.01747606977416,0.40509783425799367,0.9581335593377818,0.2921795029893778,1012.5423047229734,2.669059910696946
2018-03-29,1.4941594004929593,16.662030555585975,284.2751111919804,3.919052337412213,7.015711930245204,0.15966497994997786,28.60698797641815,35.09463638643482,0.3986299642589417,1.0353542092376091,0.31177584604763403,1015.4907637986435,2.1514373103911706
2018-03-30,1.2865860205986348,17.283728753489992,321.4024504023864,4.286404012821023,6.966748272234385,0.49549167364698726,29.85136333586067,35.00172042392702,0.4194766371964349,1.2332147851327144,0.5672310722650246,1015.1641893963936,2.5191156273388273
2018-03-31,1.4407260786495497,16.895465305915327,325.30392353746294,4.321652367934076,6.848103210689054,0.3327096654949096,31.505443651829253,34.96630243338058,0.3621533335257846,1.1014482372022854,0.49575464765013944,1013.8298142467992,2.6618383184791456
2018-04-01,1.4990087952260351,17.248174725119206,386.6456297299248,4.183665501851301,8.064391295131152,0.9125777794907122,27.250793719274466,35.09189213350342,0.43641898988607974,1.0860778027403144,0.39619212445000024,1014.8389947066092,2.4359210063328955
2018-04-02,1.6385657226908101,16.427282584815483,326.5211195612224,3.8784813726921454,7.04011042073898,-0.185192628683143,28.0013592952544,35.01862782588574,0.27237649973030054,0.8842949973799301,0.35578852569555647,1014.9186788024344,2.170920267271831
2018-04-03,1.8930703629190815,16.927152698839787,348.1930279765327,4.099399821615917,6.604456098831777,0.2066626809391823,27.142088573148822,34.97355260616949,0.31507187521360186,1.126168736833935,0.4364744398844565,1011.1325500606224,1.8134786024682685
2018-04-04,1.5987257839805136,16.96617008142386,346.5471632762455,3.641257455013685,5.382164244944974,-0.24398201574244738,23.42158874224775,34.98010797934131,0.3035473172790263,0.9563134648479867,0.4260313797311682,1009.5312277874738,1.7024051301041552
2018-04-05,1.8041840012922052,16.727423183703053,357.691633743887,3.964274529643517,5.932542869872415,-0.1430674547899345,27.147070268302773,34.96411521197361,0.32974958883807753,1.0432006530110283,0.3829264269772024,1011.2917456161014,1.7990337155192295
2018-04-06,1.7887175173339551,16.94696472146301,348.50762029957804,4.327651623106149,6.110612751436514,0.37338389470639755,27.219957702951326,34.87619966735807,0.29266081607083494,1.1571599332360387,0.25883489571100504,1009.5890765933001,2.555962001807627
2018-04-07,1.802904097509241,17.093253642988035,352.85998437037034,3.0146445799045227,4.342627139933774,-1.7022661128530294,20.346186011756952,34.87871590267676,0.19421804527406278,1.012532764102331,0.3599833711001037,1008.6483287982297,2.5931638060227193
2018-04-08,1.598921813682034,16.446623437421206,330.86881620622,3.649544124933701,4.35202115588198,-1.409259888122594,22.912026366497614,34.657837974912425,0.20832661670776575,1.3509239959545971,0.2544781890814969,1012.7993537946702,3.016668538929521
2018-04-09,1.404261264376567,16.66120309459591,350.06574974911985,4.201878118123546,5.6835345596943405,-0.37435724869441955,23.670566278135677,34.638321351021006,0.2655562753197029,1.6117189286245368,0.20985701064359052,1011.739162061145,2.4052581553813903
2018-04-10,1.2015225936259257,17.714532147999797,395.0775089197611,4.986027990361379,8.027996847478866,0.9572875766624409,29.72576114413419,34.59362685461123,0.4510103302614397,1.8984286390889777,0.26550362337708566,1012.1425759031458,2.9411346752803826
2018-04-11,1.5137687843219745,17.554798100634805,390.8019141116929,5.058852422007288,6.984559862838886,0.4835233994026287,25.698984686073793,34.45436638986071,0.40993470346628047,2.1803989170667286,0.5157013454963607,1015.0525571902642,2.934863984795988
2018-04-12,1.8940896211470615,17.317621963036284,373.78655891361046,4.257745826787892,6.075742644300566,-0.5905053718985285,24.557290615317584,34.584020329086,0.21973271537418407,1.7900729991794317,0.27567845787019085,1013.9529020233961,2.399600402072496
2018-04-13,1.7898279594165307,17.478363378423452,356.0661332135359,3.758855573553865,4.592253809843401,-1.3306857866197193,21.50667946783419,34.513745530963455,0.24896851981113247,1.9062322933977485,0.20442978240710366,1015.9430516330368,2.424610866385647
2018-04-14,1.6602336267203117,17.64367243181621,339.74954020910343,5.425329691336981,8.00857223379463,1.5709673327794982,28.401782530327452,34.615615217828015,0.3562277981652883,1.8965694138024127,0.2936315029178468,1015.7668315118727,2.450610020465933
2018-04-15,1.4729110691800618,17.552082233378403,396.73103645433883,4.117599566280979,5.58813818543619,-0.1849633046039666,23.677814542705757,34.651376994523446,0.3620888355060479,1.529998938189973,0.4051681590003791,1014.6483211831611,2.2350192559012947
2018-04-16,1.7969164981005425,17.72894908147167,379.3099009923795,4.979344356689106,7.310180989534713,0.7484918212825445,25.371450636330287,34.73277942621097,0.4075261540433827,1.3782622651131398,0.18210793810673576,1013.1449000514715,1.8648275119252038
2018-04-17,1.756752648937634,18.34244557747817,431.57586134651905,3.8353818578274623,5.952155583471736,-0.37262480024097233,21.775844694638522,34.641845566021544,0.3335519731006719,1.6200696120794251,0.34449068395786103,1013.0511584600356,1.64103137457057
2018-04-18,1.8084459633887253,18.455055902834637,407.63528449024426,4.153240366683527,6.898360860708289,-0.3162705815102651,27.669308690755877,34.8228928063968,0.3392360744600798,1.463841952971187,0.35744995971788807,1011.2381072255513,1.532206401246877
2018-04-19,2.1052305488343683,17.75076100608335,393.22465086895755,3.6267359743870937,7.048602489069698,-0.04614574750750042,27.147358365799544,34.94418865611789,0.35296889533582115,1.0364674250480013,0.12618116890738496,1015.4464212285044,1.6973357372370215
2018-04-20,2.0739596347786184,17.86897311999339,374.6281283030595,2.5354611329549184,3.8920358699207798,-1.7680869090882818,17.79535607791384,34.903879122111455,0.2351759232006435,0.9129827500861567,0.37074792983436844,1015.4614610403745,2.0492390157495697
2018-04-21,1.4711338650415704,17.569682059841714,361.5520560798797,2.6120201627796753,3.644807763670069,-2.2172070944596514,15.843652718090228,34.87422192500254,0.21906011481922238,1.2039202355899818,0.20000960654417946,1013.7092191512855,2.2748276469284607
2018-04-22,1.1398399006218367,17.82863136577833,372.9949299235448,3.7612148505886918,5.59679286708305,-0.87607157490229,19.799093005356553,34.70839202509041,0.28398071848853573,1.3986572512051825,0.237323256518839,1014.9699322743884,2.2155615514883524
2018-04-23,1.1602560842977236,18.000544063129777,420.47427237474636,4.0150310148389305,6.8364839051850135,0.13909521341858888,24.160323699562355,34.70852539116062,0.34563305962835417,1.3727485786379097,0.36947858255607047,1013.7915641501196,1.8635249517665873
2018-04-24,1.1703289229046552,18.14568986416607,372.63018167795974,4.095015220936254,5.912297366401889,0.3018567719590095,21.703123608604745,34.69273541299979,0.43282734680975604,1.4335626386555775,0.3513939876144457,1013.1166558201705,2.1352733984143315
2018-04-25,1.2327280879525027,18.134144187386028,408.17742372989954,4.288752860083484,5.904684045680653,-0.06712263285964695,23.441093585929973,34.69352111131456,0.32318345304173296,1.4029261425584076,0.27536573295200956,1015.0330290289475,1.8331032889409915
2018-04-26,1.498910200922216,17.68023820872613,409.20490137786345,4.013053551519934,5.865547110871146,-0.06764343856845306,21.974797411155304,34.69305587549565,0.3086839881643887,1.4356725474281782,0.2506531810867715,1013.182645473285,1.9629013056060476
2018-04-27,1.5260077883127525,18.47155159227023,408.7163573639474,3.297559573353433,5.571734676678851,-0.7742790838699009,23.198532035144385,34.586227522089644,0.28374174251725703,1.8921208284384854,0.27382436377400515,1013.1440451273293,2.4834847516108893
2018-04-28,1.5352060032737427,18.035373715639064,412.811454824051,3.7357324196317165,5.54359522113603,-0.9811650319729373,16.88474192555479,34.67267750656919,0.23854734706116104,1.5712099795030299,0.11419403298707535,1013.2888511735031,2.3538798947457042
2018-04-29,1.4386511477161956,18.060151055928785,364.41107443191754,3.555981016376903,5.445229994966186,-0.9041623807097379,22.0412622652615,34.59147231064711,0.29876466312848776,1.6003057292146055,0.18979233619489413,1012.4942502713208,2.5830763376908745
2018-04-30,1.502889512624971,18.65114075330933,447.4774890594411,3.1304467909793106,4.959297564173626,-1.0623302247965856,18.639310545794462,34.66275412936552,0.2718077035447137,1.6594955484600489,0.23534603949163235,1013.4261857211782,2.526010421838334
2018-05-01,1.379315443618951,18.982911422260955,418.0766704032568,4.019406060880986,5.659496289507303,-0.6718722343738937,20.365575868053078,34.64255203608353,0.33942983253121395,1.533605610518698,0.3223718577839581,1011.3882014957036,2.244189279563346
2018-05-02,1.2706717374215823,19.57682212249792,465.35049599730354,2.7213869011784646,5.437145831113234,-0.8542615081163771,21.47557708578044,34.923753643724744,0.2758612338705118,1.2726892358133082,0.387133632237964,1011.7451981388297,2.4031011767707136
2018-05-03,1.3454019093326812,19.93801522611195,554.5500949786704,3.0871579324376497,4.997707331797377,-1.2685019354307805,18.72712482249141,34.89818648394971,0.2570422724706884,1.397486774511045,0.42928798974417115,1007.5454448314439,2.4234287673675374
2018-05-04,1.5800836664491074,19.502464777934367,489.17846319886036,2.2521053208376403,5.524019133499039,-1.3560339117593079,19.677002348716755,34.85128752902804,0.2486692100532671,1.3622866612722722,0.3419721471268953,1010.3697695291697,2.24988726111753
2018-05-05,1.4425868918357716,19.517035879979844,492.51353956171926,2.8328660912156605,4.519865371923484,-1.4433937516516897,18.404763192061534,34.81063674501909,0.24324435943208,1.165281528949055,0.41411626030711374,1012.8676662908978,2.4026537487640818
2018-05-06,1.4587248276415623,19.17491312301356,486.45019134164534,3.1891186438565153,5.327120164161532,-1.414392355167003,19.981237415838574,34.71694133558168,0.31363531443352555,1.3130303487916422,0.45582587334446545,1012.8365772339735,2.4486197869649593
2018-05-07,1.2114002284714547,19.428221501137866,519.9156721243755,3.17892878085953,7.251981246987124,-0.3995037886709738,25.747146692468228,34.83987985084523,0.3495389882442314,1.2978421013892243,0.4242618760965945,1010.982142952525,2.631351527292314
2018-05-08,1.1112776753838178,19.52446088037789,465.10822635927985,3.6054367931008633,6.452733314724525,0.005540187925054452,21.337608933612586,34.7203435015281,0.30935973350222223,1.5691877122947986,0.4203842719901421,1010.025790300912,2.7758981600549597
2018-05-09,1.2447909306652296,20.34849922002823,489.7020967856839,2.0983346634526603,4.945114753779191,-1.555763844643276,21.334516097777055,35.05380849699353,0.2705187845904564,1.0891464705965366,0.5427416559466932,1010.9209509510721,2.3056130788293796
2018-05-10,1.3503216053420173,20.174250842910126,458.2588529825729,2.7715941472258097,4.420659129004065,-0.9818383951677353,17.481947478913952,34.817560561350554,0.30970195795214817,1.4743425546555593,0.5776250965812739,1011.6573574491161,2.4713562167788754
2018-05-11,0.9822209050546999,20.04075454584293,511.122103326036,3.69789975170297,6.850429429414313,0.026516666230323532,25.260761332226352,34.762380011863215,0.37898739209972465,1.6397670447283696,0.2513451225475526,1012.0429428301408,2.681505380979325
2018-05-12,1.1008901123094763,20.290239385017262,492.45641759616706,2.549875220256638,4.846506937006672,-1.5556276132924065,16.28130743089758,35.02795391037904,0.26103880697655696,1.1392487524414703,0.48338277630750776,1011.495892913277,1.92533982893902
2018-05-13,1.2175124079394855,19.795664947911764,521.9015254303745,2.047788920505063,3.6960919269475383,-1.9032671691980467,18.132761979379836,34.83089499585721,0.19316669785927681,1.1860156254493752,0.36465334828262197,1008.7237440810753,1.765692041302656
2018-05-14,0.3316712023018503,20.13034643904149,470.70201939696847,2.801623277670189,5.746107921197448,-1.0863554089169767,19.413721051519346,34.816863504926516,0.301915886063372,1.3922364864129908,0.4074092898056148,1010.472856279574,2.1621637043691067
2018-05-15,1.073625642543096,19.81369540747836,548.4185908843756,2.9176493853879357,5.778177090738286,-1.3346244369265146,20.103545382615405,34.79351232024838,0.22383731942164486,1.4199175539545497,0.2697335796494299,1011.0821784517983,2.2548115892793543
2018-05-16,0.9323275398130451,20.41485790887622,512.5299584360049,2.634946722478902,4.767947676385377,-1.2824008117972683,16.53881265408389,34.865400636959,0.25326436730593543,1.2717352655053182,0.4333991352923917,1012.7646669085761,1.8827523470831997
2018-05-17,0.9592138542772125,20.18065745853297,554.3321901336409,2.9924058812940317,5.6195573565214305,-0.9264180902022081,23.076534270209443,34.76506917856047,0.38781355886677105,1.3186469589244247,0.3789890875691369,1015.3718863014892,1.9318175575207377
2018-05-18,0.996606631293265,20.572863116746014,531.235799619225,2.9885720469624952,6.618160580178552,-0.19629288829238384,22.45471681226402,34.99291975649038,0.3844708274029296,1.145292322874955,0.4409095461525206,1012.9420526535602,2.134369514349055
2018-05-19,0.9787013045865438,20.332521017737932,507.3288295653492,2.710558465596513,5.635646839642811,-0.5790364510566577,18.577415611590812,34.99050047224214,0.3078032360244157,1.307507257746629,0.4673916813365093,1016.5367710336433,2.6407327732837453
2018-05-20,1.1095253423773448,20.2917188053982,553.0716604059288,2.897492938924999,6.6588609741335505,-0.1560156987679452,19.159267699555954,35.19708084162974,0.28194093326010194,0.7892349524431543,0.41934458156972904,1016.4414799728794,1.7262111525685568
2018-05-21,1.3668565480060586,19.22402960395673,535.0970068821885,2.677647945470916,6.451141444268367,-0.33620068697068445,19.741021675289776,35.00124218171206,0.3444428131913687,1.1364814528734817,0.3273433626795291,1016.0750176065552,1.4360220860724122
2018-05-22,1.336112432004345,19.63952593106099,445.9869375884582,2.3528045523701655,5.463261531615151,-1.0342231498440044,21.211959161391803,34.96159444977845,0.31362502069732795,0.866276074762534,0.33269634887406263,1014.8335631419187,1.7866166777904544
2018-05-23,0.9936679057927384,19.03526053116437,483.2756278105725,2.080963083972293,4.139675549293613,-2.2917452181330673,14.86427071183399,34.9702257887109,0.22306856127676006,0.7931059807701434,0.25370040272555305,1011.6497993884084,1.7024184028192173
2018-05-24,0.8869069996288337,18.5139111069767,492.2065868299354,1.5197581016841575,1.8939420567902565,-2.778076749285467,16.62088518643986,34.846839302539266,0.12584570306315015,0.9108026303141167,0.208121755795939,1012.8743756015314,1.7721524977648895
2018-05-25,0.7710303735362436,19.132285751871414,497.74997671027893,2.080063300712565,3.0275417765037607,-2.4383456594684914,14.367904589688251,34.923948832518406,0.1772913089148182,1.2844329425327694,0.1308537045310715,1014.0930422425698,2.096613651741821
2018-05-26,0.779650039841719,19.842559859718037,608.577023564271,2.630482039593847,4.7070143880951925,-1.243509938931818,13.95658660064055,35.044931111622894,0.22859773560332497,0.7541898393802852,0.2364540501007955,1014.3803463095727,1.7494567961946905
2018-05-27,0.9131563644532932,19.38193757227741,492.7677492446285,1.6277897437286248,3.6557347301451943,-2.0994458240725726,17.77795893584322,35.0024162351719,0.20862415578153629,0.6235883112263414,0.1717897342515036,1015.6069084986884,1.9666083105204706
2018-05-28,0.9162098848030688,19.695614645454526,548.2287877298497,2.2150231454343117,4.307738631646372,-1.2430212102365206,18.77064023545089,35.0628131954188,0.26920572451844726,0.9478711789933154,0.3294052318220161,1013.8265145619142,1.9856591458445938
2018-05-29,0.874674055800668,19.519996657043503,541.7177580883475,2.9162863939595645,4.946907838134226,-0.7208773482627036,17.943010135037913,34.92233621457153,0.32517474539013097,1.231347170226394,0.31521537874794625,1013.7882309644325,2.617759975641808
2018-05-30,1.0423093414250504,19.997914182354616,516.3447635972328,2.662140683540892,4.436919629318747,-0.6728895846837997,22.317357913428012,35.03998160278569,0.2556678834675232,0.8912500918667965,0.37343833177614294,1014.9584721663007,2.1569187726531664
2018-05-31,0.95751664526842,20.131183869290673,566.5813235187965,1.5229981504831467,2.3187592678007567,-2.7550231839437815,11.45974267839462,35.06856097038082,0.18192092914310995,0.7431092465346167,0.35159919076280205,1014.9347183556886,2.164637698344346
2018-06-01,1.109161603114728,20.38622491698674,549.4643111454897,1.426286097116568,3.790615621772662,-2.0622145875154008,14.983400826903042,35.167624002729085,0.22500610176130512,0.8471029466177177,0.3723569842431959,1016.4229562137095,2.5263901160466413
2018-06-02,1.0899899079199236,19.702544197400833,567.2658990983446,3.053188629839838,6.4445975801179385,-0.23602254287349372,22.503043372071225,35.19174577679058,0.4148150429822084,0.8113537059977212,0.3714346298074497,1018.0626369895773,1.9937504350540751
2018-06-03,0.8966891176903281,19.82958942591007,487.3777397930637,3.0486041974621596,6.387224247179862,-0.43945704164123844,19.01142470729724,34.93228511884234,0.3293339431195299,1.0989940567890222,0.20544847653407144,1014.1379481227038,2.3987152973843684
2018-06-04,1.008841012564816,19.322293989729314,523.1540357204002,3.302908593264842,6.856995559152935,-0.22669270300471073,19.285007640094907,34.930693280761346,0.37792216262304057,1.1189189577799254,0.21470506958847424,1014.3119129109324,2.2659418661682253
2018-06-05,1.1098331486589181,19.779838189027622,562.8101572497219,2.2139423549272568,5.398894357812125,-1.5146793620862433,17.178056057663404,35.085968900794164,0.2262510801089006,0.7558693962578489,0.37231407730274513,1015.1509163549277,2.1784807070887973
2018-06-06,1.6807321242989695,20.10484741028459,510.7746892926338,2.669641646366912,6.420319802390796,-0.3233312704175433,18.475494133654845,35.10798508319025,0.3511392088955057,0.8777296685921168,0.3412734791609528,1014.7272259101602,2.141144613436167
2018-06-07,1.698908260085704,19.850007990552506,561.6256797936596,2.386719854529377,4.993804580512912,-0.9576792755251134,16.41459516133504,35.08066106488688,0.2515392530768316,0.9303171473601582,0.19053378131568738,1013.8933714046232,2.3084068772773882
2018-06-08,1.377097509846796,19.956815837844317,511.56963395893155,2.961673256219432,5.138321201506696,-0.5323378211025493,16.469274425958428,35.046859073334595,0.26642969765379193,0.8339859437018142,0.21663938042781153,1011.8442914029921,2.3802218874782475
2018-06-09,1.115009925634646,19.34200174446055,555.3571084758797,2.239127356920914,4.448170916100102,-1.4137274182413664,18.20801301242099,35.03793384289122,0.17608370932501888,0.96720139365823,0.24502879963919907,1013.4688198757349,2.2285159106890764
2018-06-10,1.095379346649227,19.671280387839698,513.6601326939532,3.2854700342475303,8.19993511072801,0.6927857967833619,20.00754223042509,35.26559680726734,0.40459908114037524,0.4179014182476546,0.18803434584815096,1011.886300694042,1.9093874913430624
2018-06-11,1.2485989364609462,20.158144775918352,579.2424794958547,2.3599434912037927,6.0735661503277845,-0.7037766925088262,19.585886038901627,35.48813839983046,0.38620967853551535,0.11417702668832931,0.1745959158330107,1012.0914217967908,1.814465119176389
2018-06-12,1.5005440757035926,19.565584373970257,499.75308208220684,3.150176264179473,7.001968491820357,0.2771240388097736,20.27528059931144,35.437818077728885,0.34393937849651895,0.08210395411370493,0.2243960895408902,1009.4506358925366,1.3893306474721898
2018-06-13,1.5582565897267577,19.560372624510983,508.6230465817674,2.634412688595114,6.846505449572084,0.03394834375578909,17.947794942283146,35.345498027195625,0.4041427280230939,0.22006310860323258,0.2967639424204052,1008.9741021580816,2.1514331027794116
2018-06-14,1.4251081373410022,19.916262766337933,541.5206771257342,2.298591909504664,5.08368641210229,-0.6039115434731875,16.825825023452623,35.233731333446364,0.29894002809138426,0.415965016794681,0.20068907467501462,1011.8948455115188,2.0753289024788817
2018-06-15,1.2073447291848223,19.314497745557613,520.765393966165,3.029499442226467,6.293633332667414,0.09213472876856149,20.12509585261766,35.258031966478505,0.32919033235880935,0.6933780536779874,0.3231710866117382,1010.4581936303009,2.164122181712073
2018-06-16,1.3638662709326963,19.615306329978967,500.1938872911754,2.75816380292563,6.895758306116278,-0.0836961222581059,17.1706247740992,35.0738478891756,0.30624346455117024,0.8001876813192396,0.2552499287405584,1012.6133346132683,2.260487578165615
2018-06-17,1.304758512803756,19.47979267890587,473.00416086846633,2.7045422830450754,4.699403320237394,-1.2684100787428028,14.654784302544693,35.22342076805173,0.25348717422883665,0.54394769382417,0.29834467526331887,1013.8741820884346,1.8132567257325949
2018-06-18,1.4088381732638984,19.222548706643988,552.9642969746495,3.9441738916067246,7.469089242792771,0.3888735618551245,19.284103861066786,35.1118303858422,0.39560435119420734,0.8098401054657147,0.28801327792583004,1013.0558876094013,2.169638321457745
2018-06-19,1.486881159927909,19.513387820051214,491.10999806413736,3.3245648405075086,7.105440962123576,0.35481742730511606,19.709962604543808,35.18754959859641,0.3104376439462655,0.39755666918153953,0.21216771077420507,1010.9380806446998,1.8375881897768587
2018-06-20,1.5523344792791294,19.899576517948837,512.186198393954,2.4238193811025153,4.195775486276111,-1.5195102581876856,14.92772466691768,35.09042197274777,0.23377817408203347,1.0756730137486448,0.3730344608566648,1012.3188249378596,2.1264819940739637
2018-06-21,1.5499109974710459,19.660859645648713,551.8485710099008,1.9254480750392748,3.3648256978893,-1.9310647752978671,11.306480518306367,35.12917513873896,0.19739181592667696,0.8553043810361596,0.3616599541313916,1013.5316281634398,2.019115709639927
2018-06-22,1.2632106614077476,19.74775621497278,579.9898153498257,2.304262634466639,4.813141593333558,-1.218716688511374,14.964363792778293,35.116277785071254,0.2823045607234516,0.9291265514752926,0.2907988103203633,1011.7447120257502,2.037657908913361
2018-06-23,1.1099671206125998,19.970819145770587,553.3675660442814,2.2106622065546504,5.7449998624519285,-0.9346737137150272,17.117840838680046,35.161416413037564,0.3115373178355102,0.7737782124883856,0.27287963982996244,1007.9987034598506,2.326221028734307
2018-06-24,1.2018956084277366,19.27506102934583,564.6366631150447,3.136675116688396,6.110744977330583,-0.7569869574620738,15.372084156262895,34.91538672167301,0.3759455386604465,1.1210897024555246,0.40393336400257773,1008.2165712295623,2.215386645119713
2018-06-25,1.4723991046893856,19.441540171807482,564.630900426939,2.9999733458736437,5.812398815849515,-0.8250438565131882,17.095681483294026,35.07144783200929,0.3063389204709201,1.2597964754489615,0.17801274449462773,1008.5293830423752,2.0343718409789
2018-06-26,1.5787555634692363,19.673039560854757,542.7567479723325,2.2237509565257536,5.950745589885743,-0.8619920551589726,14.516031182992888,35.09964605882121,0.2512824909365345,0.9465666802752927,0.4622964934314647,1007.6715457954602,1.9667460312711984
2018-06-27,1.8873699175242908,19.37615812810616,585.2437191487011,3.2106716637122874,5.374427470218188,-0.311507331665248,16.020389125924755,34.97369905408658,0.31058465823286996,1.2711518177831582,0.21545584414041424,1009.0784697509204,2.4571714219750587
2018-06-28,1.9629878606002593,19.285133820551472,547.8038052021805,2.712916672753032,5.785210029147116,-1.049075968668535,14.27482884547427,35.14011325282945,0.289885117270761,1.004623662020048,0.41547588208493424,1007.3819364378027,2.3943902935880454
2018-06-29,1.6801850576781465,20.280082053714434,541.883722522445,0.8783426910684159,1.73692316838355,-3.1728696927260223,7.705931796098644,35.069631599219925,0.12730835641055446,0.7923664972166263,0.3982704104783227,1007.9399896931333,2.0076079409045886
2018-06-30,1.1601141676901112,20.548947115205824,575.2180889886827,2.4895470364554635,5.697346537043246,-0.5712698184392822,14.02406656724593,35.1082200571014,0.32309390079180106,1.146167304535858,0.2388107745960771,1009.7323149460436,2.6121343447519636
2018-07-01,1.104518634057795,21.273068809615705,601.6512609669676,2.1078975596780287,5.2523728534560155,-1.5253681308287173,13.409848939474497,35.138203536189415,0.28698936281653115,1.3729706830747044,0.4513116877000917,1009.5897652617117,2.8258544625530098
2018-07-02,0.9928003151101775,20.64926136409523,621.6826523850771,2.6280140696895824,6.381172852799289,-0.04836244930495254,17.31001361351347,35.256909152222555,0.33519197133654005,0.9249395568961427,0.43687279535047524,1011.8880571843308,2.808061905336632
2018-07-03,0.9328026192926773,19.99235937125581,566.0320452077231,4.4223603218811816,9.148865345836924,1.4442795554115795,22.821534963033145,35.070655637262256,0.49711880107652556,1.3738387892383181,0.4718557516142213,1011.8908971129227,2.7629581598483215
2018-07-04,1.4320022268663026,19.64467959930605,519.3203205182868,3.8272671003251446,8.163494644771827,0.9891105474911384,22.228442655323875,35.032712920650006,0.45223521075234985,1.1070263988252615,0.3040210401745307,1015.4159758085599,2.722781193488171
2018-07-05,1.627518001899148,18.65075980174334,533.8881537892836,3.168863311310718,5.9325195589555335,-0.6544957872363242,14.65576094664114,35.041921803577424,0.2665814458858673,0.9396713154289701,0.1779283600533172,1011.5517203681934,3.123874268803048
2018-07-06,2.4890296612926783,19.052033923149995,520.1973646541917,2.2590671855803928,4.249900753196729,-2.024429873547756,13.269959507331341,35.176006994331445,0.22968896867564764,0.9211199628211367,0.2801541411448341,1011.4727406166471,2.8774889135811863
2018-07-07,1.8337156322325634,19.321623133548208,504.108140755154,2.982917783316166,5.418946251388886,-0.7164759964789025,16.47716440989851,35.13024985334286,0.2687585876014521,0.997099398875304,0.28051032666890896,1012.6189944061924,2.7732656407394654
2018-07-08,1.4854466583769261,19.582482308551995,575.9967270987064,2.0379246984705945,5.422519626216932,-1.1956284540162108,11.3942399323461,35.31817934738088,0.2076227346478995,0.5937389254772993,0.36412835134316857,1013.6264793188906,2.1893305508893626
2018-07-09,1.3715030533717705,18.98082200466716,547.3793084677319,2.042010552496734,3.976786390245224,-1.7976285708881368,13.615173523935631,35.27897902728058,0.23833875588775322,0.6727826633576832,0.22000774909585027,1013.5167266556981,2.2559927347614344
2018-07-10,1.1784116682424048,18.94860189344127,498.90977029881293,1.5837763886936915,4.088217945587777,-2.3072712198367875,13.293515503344224,35.2504569631675,0.2821776280972994,0.7543536144744825,0.48100857502999156,1014.8538945148376,2.150422826989251
2018-07-11,1.0371542566737804,19.427870983495925,517.4794764197231,1.9185282247781255,5.611562691177902,-1.3251061568738414,14.07536988924555,35.42880216183477,0.2787700935763919,0.4412519598627518,0.5087501688105691,1013.9751566696821,1.9870890268107784
2018-07-12,0.9781977057985569,19.627158758349978,615.5523884525767,1.8141944932728873,4.47243698955832,-1.3116479291288443,14.132886544809105,35.440151122596205,0.25988776064016783,0.4168163304962691,0.5472073940416906,1012.0109116437471,1.6848378422974242
2018-07-13,1.1464018815401698,20.116012466920477,604.774398713421,1.056164828893625,3.019986215021457,-2.3708259798413156,11.409131889133565,35.41713957357421,0.17732913892387586,0.7118295652635945,0.5033503327757409,1012.301064721377,2.2298995412120104
2018-07-14,1.1703419725026347,19.808307616938304,590.9103096544071,1.7609686183065953,4.74149313989663,-1.3554915638011746,13.273625392928778,35.35328559587491,0.2071818835887932,0.6483509069502237,0.35262443240576347,1013.615009563575,2.1904852848379863
2018-07-15,0.9679282294259638,19.246052829537742,541.8280640176862,3.318060265467591,7.241817256270214,0.10423216979426264,17.650074949754302,35.24638027674776,0.3285504648889328,0.8206335381383656,0.2529864301964112,1011.8236483696143,2.197935510861404
2018-07-16,0.9820828193856311,19.66549045340445,560.1268359702302,3.191478794574274,7.747094004456158,0.5488309283306017,19.432530667119224,35.22814078412096,0.4285619496417402,1.032044320749316,0.40567411110090756,1012.0880643267051,1.8382319005302368
2018-07-17,1.3204722533083166,19.450356827143132,521.6666811086043,3.201138574092124,7.001243407224037,0.23759382585033317,18.556720997727115,35.17904430538863,0.3323927458713529,0.7703663100982774,0.34414407394559793,1013.7026081477806,2.1092189956259477
2018-07-18,1.5341687965952588,19.487284438463337,524.8987969379857,2.8194685069690193,5.2003523572140695,-0.7379865586258041,13.190417256202563,35.08168968209493,0.269643435946776,1.363154873177356,0.5122871793735381,1012.7401252991439,2.551502917483814
2018-07-19,1.6209101413209814,18.98669302772289,533.0765090543568,3.0996384377733546,6.381320817432543,-0.22463467365782458,17.681966874812858,35.19588431427625,0.34951973192830055,0.8750780781392138,0.3967197178232352,1013.8925467679131,2.4010724563280945
2018-07-20,1.3021742698606282,18.991149743556914,494.46297079030296,2.583423507809764,5.269307702302267,-0.8111869861406906,13.201124299651926,35.168310706414644,0.21660718414446237,0.9487367766069548,0.2875044983881088,1016.0618934384953,1.9347882203128797
2018-07-21,1.261168479632715,18.323977355517897,480.19109547150276,3.699980902647402,7.446438379300778,0.43161187930853456,21.37632952950704,34.99825853180529,0.3764365534187641,1.2742547950241963,0.37799765628689375,1018.0288168991619,2.185436643218379
2018-07-22,1.322903692619912,19.21335262362501,572.6545336693104,2.247629942716171,5.421589777183636,-1.3261580511560846,14.075471270884712,35.128598835791564,0.2793340778917821,0.947242239303695,0.3999310526684547,1018.8595305797874,2.1949106213808487
2018-07-23,1.2622745254625944,18.668448631424752,517.2165472259146,3.081356001355194,5.761496593142409,0.0048870328835559085,18.736392320864017,35.096744291298215,0.3371890044525631,1.1734609072793283,0.4252748267710486,1015.5410466979677,1.925282435870887
2018-07-24,1.209978240050539,18.115305150987055,455.49933625862195,3.553446940135214,6.400120888759725,-0.24254632107040966,15.58436613621116,35.053546398771395,0.3280540780160914,0.9929087789523274,0.19718228751094935,1017.180452867583,1.8913138749550884
2018-07-25,1.384442315279924,17.582524082728852,520.2378784903212,2.261518849601425,4.497696139571364,-1.4259633930462612,10.94050567683805,34.99179224394839,0.33588859344057537,1.2305365040946064,0.3521649571044257,1017.2102428830584,1.8500213039563307
2018-07-26,1.5960989967912997,17.592939765605774,504.85210767232576,3.0087331104378237,5.537341172322854,-0.7532228857320438,15.011497129996268,35.01763158988805,0.32219033849423206,1.0257756434318734,0.17566332756971384,1015.8428764852781,2.013109351250016
2018-07-27,1.4615877293324055,17.423432219634254,493.37109369622976,3.6364780224876694,5.830762812094302,-0.26965211240516607,17.69246893087171,35.059484841171525,0.24745488210386785,1.2839818798368225,0.3765739774205348,1015.9747754496387,2.378649396389373
2018-07-28,1.2689952792854282,17.917973194751575,526.8620296925316,2.976581374207976,6.338151866544066,-0.22830362430190437,17.801745834950548,35.17385501616457,0.3905906230282092,0.9282195594245877,0.3625995765420166,1015.6553963497206,2.269639366899288
2018-07-29,1.5158638126792803,18.461958126349693,486.3030688485084,2.638160444234045,4.423151698446791,-1.3116102391940632,12.161408478756217,35.07482391212626,0.23572807989539116,1.0020369142536933,0.37957911528366867,1015.0345252166934,2.468423379038131
2018-07-30,1.5146901712319576,17.667990693898513,469.17456571001185,2.6660963234600414,3.750612492832689,-1.507554130328271,10.523694845057925,35.034843730153035,0.18677657994206026,1.1387884543646365,0.4489904860603635,1014.4242348760577,2.1374236286465385
2018-07-31,1.1264217804001933,17.564643147469056,496.18385748358236,4.01701349371424,7.26812725660754,0.14637612215077037,14.240300786464921,35.04345500106688,0.35605955999317274,1.0366312695106252,0.24274639203737716,1016.2432666271294,2.0271154581940434
2018-08-01,1.1324210163248931,17.537585224381566,462.41984898517734,3.4478295044473652,6.462055763602396,-0.3250368810477444,18.664933784736267,35.12740481879395,0.3124294338506158,1.2790006908477645,0.3934442971557944,1015.879789193303,2.109401392163684
2018-08-02,1.3699016970597857,16.850648656397865,430.0955283140257,2.886294719685181,4.171418933967622,-1.2743810568210132,12.492760990927142,34.93221165934886,0.27194416756618367,1.2895002530137456,0.1992122786993691,1014.9950760426634,2.307841854771744
2018-08-03,1.4032680161904505,17.588746854466223,450.0333415803982,3.3264463338303996,4.781338609488529,-0.8680354532094828,13.716059263533694,35.1347040678212,0.26047820360366813,1.0703944314851597,0.276160348127229,1013.6727324755267,2.1781998756096064
2018-08-04,1.299594056350242,17.114768095919057,398.4533708431273,3.6258258360651063,5.564753301697514,-0.5082962326409876,16.664044270284975,35.05922642683463,0.30054504190613396,1.2160725117937827,0.2674173629561296,1013.5370530419983,2.3546440323412487
2018-08-05,1.079705166579711,17.096860210255485,457.2852731846433,3.6471384826313034,4.6937103470828125,-0.21757588918303206,12.511120783218251,35.130232844255005,0.2595457847103638,1.1427704058105181,0.16880554001718917,1014.4535201380377,2.0150052703006773
2018-08-06,1.317680875368583,17.32436698235017,429.4992145877637,3.3354323081213746,4.541227051431052,-1.0697658633178047,15.608919433361965,35.114233130196176,0.26999776657729474,1.1075262664847212,0.3625959877189706,1012.410305348711,2.077283635839335
2018-08-07,1.733764361023571,16.892698411622803,453.2344578985845,2.530947396703745,3.8396550684754356,-1.5026748828364376,13.3250211755593,35.14168814040709,0.2849871486719426,1.1704424492912624,0.1783723428055113,1013.5207042013444,1.8128281366675947
2018-08-08,1.0406095369659858,16.88095107275235,442.93879793257156,3.729312936952101,4.849946479940284,-0.20873442456595825,11.83015394123888,35.204976749190614,0.29373894458574884,0.840183339824257,0.23312623705509136,1016.2698580283624,1.830735269384428
2018-08-09,1.167274805237476,16.38244058547039,398.1320684735148,3.9959962813816845,5.521261676485755,0.012535770654498402,15.29810932183377,35.27667813245135,0.28707163858984996,0.920672129073337,0.22542354652762644,1013.6214918267889,2.0452952915035385
2018-08-10,1.2035015596625969,17.176750520198507,412.7209977831798,4.257677586752173,6.683251741072031,-0.012149449761818698,14.957284231286563,35.159595908436415,0.4281423313701025,1.0895800138533782,0.40443537610825936,1012.5275885743719,2.038485389795354
2018-08-11,1.3611855537268907,17.247729267053288,495.2927799842817,4.077577221791923,6.12707839793952,0.3496412166714383,18.061558390795444,35.214325928395596,0.35545754128641527,1.1555840878625634,0.46913259450709627,1013.298667863138,2.1511678770591844
2018-08-12,1.46920684119836,17.108799758437126,491.586845255741,3.346965084436483,5.600492365478556,-0.8238501633074661,14.487060144559333,35.255121979625045,0.3015460941530666,0.9576185527228684,0.39292170101395407,1008.7392165399757,2.0859431605061345
2018-08-13,1.8799540028575425,16.755718865837217,445.63338130024283,3.2482831323841976,5.471011376289674,-0.4537030020057694,14.568843082828822,35.34528137010402,0.2509184537139433,0.7564164219942802,0.3221112762865887,1009.5962187935852,1.9814572618051465
2018-08-14,1.6078144389989968,16.433170084540933,456.60491935759376,3.4944029736684667,5.77805358407328,-0.3573744332320425,15.923395742172131,35.32331317275673,0.30695462316379285,0.5653154650832812,0.26508422371098683,1007.450467353249,2.2324273728140445
2018-08-15,1.56858153949327,15.826987903272302,394.0295772517828,4.120603742912404,6.183010871007118,-0.09307957681792425,19.32185219998354,35.26428459951679,0.288093048367142,0.8495702878917306,0.16168897389012582,1005.5927512206423,2.3403406973020884
2018-08-16,1.572588519380099,16.071971878058886,367.8461936379634,3.268171372823436,3.9893616332370003,-0.8594993759992325,11.900210164947747,35.14829593364795,0.21618728060174897,1.0764363788267515,0.3112114499538274,1006.7305372642403,2.718438708062972
2018-08-17,1.4668978961025263,15.34530267956379,357.0179416827027,4.49115034618532,6.880394553008009,0.41928497795949515,15.977123524977793,35.15077777781849,0.3646548396400099,1.0645150807130395,0.18589211242784479,1010.2823309384036,2.767364093941669
2018-08-18,1.5675861594622733,16.070729492039757,373.8453174382487,3.9296624557913495,5.142303183966493,-0.3878259375839314,18.850481119271283,35.07192213447784,0.297634729862485,1.2157465508785732,0.40815634944741475,1009.80832329908,2.9648433377244556
2018-08-19,1.5662686925146683,15.890823645996113,349.19566912860614,3.749783854996682,5.109804298736478,-0.6482396643228066,16.737926442788254,35.0838270143777,0.3260599206358382,1.2029589542268317,0.2431166854422771,1013.1460541773946,2.500646448994534
2018-08-20,1.5456528349660188,16.241514776270147,428.3904427937469,3.425115626974366,4.079188849527395,-1.3589148787560594,14.433915392302783,34.939876465888176,0.2493011308338346,1.406196535576294,0.45295141755494017,1014.6037402841541,2.7732835396678244
2018-08-21,1.277792837863514,16.217495740107225,393.55714188834423,4.396368750466743,7.216329887380317,0.7764160460318452,19.664460593599483,35.14414085518112,0.4142181592958947,1.3033284657053679,0.5056939719295045,1011.0089414877509,2.647596034943394
2018-08-22,1.1429923117220266,16.69603014685785,405.80666758747736,3.027438295183742,4.695621934774195,-1.0234724194826919,17.461811234316436,35.22553444350413,0.2774886272627188,1.400349660670627,0.4010176830965837,1014.8053345040463,2.5698514391517566
2018-08-23,1.3072572328489263,16.329767705270218,425.28840280283407,2.6664350309758977,4.964169223173564,-0.9345342762402291,14.7147136296903,35.25639109510487,0.2974603756787183,1.3052688883190182,0.41795344697193115,1018.1949727197773,2.3241849661211793
2018-08-24,1.286626620312592,16.26697465672206,415.29232562748206,3.831639143724368,4.85481922036229,-0.6693170103450767,14.454636107552679,35.09138460172404,0.25963380782613976,1.490548976269964,0.30029131636162665,1014.4283789287366,2.3848472258704234
2018-08-25,1.2380623359646075,16.032806329769578,406.87985313783594,3.2606162163636143,2.8594180788142136,-1.8489628468058108,15.95145008829415,35.104386936528826,0.1254560060851242,1.196255009348237,0.4184395422480989,1016.0441893824235,2.2587396554811847
2018-08-26,1.232002908619744,16.051681988847452,371.3119599033618,3.2077951223098298,4.081210327275029,-1.7077492735213946,12.092439646227941,35.12532244206656,0.1634285877351636,1.298665827965579,0.48736991596978524,1017.0904033295475,2.73677124116005
2018-08-27,1.1623662739867788,16.351182753183757,449.99582462394153,4.336429753596103,4.717156952508789,-0.34819057208737064,17.317063067036436,35.112327655856866,0.3185514788391054,1.5354545513550797,0.5089725898477069,1015.77082715951,2.7451610816467307
2018-08-28,1.0190915116117518,16.41247540527318,402.94654621966635,3.394372388542004,5.627877228240707,-0.7248947350770857,18.180485439427642,35.26370713133391,0.2592626897343953,1.0263828766518024,0.5236015661211669,1017.0169418817087,2.7567884045817426
2018-08-29,1.1701480566790463,16.455458574401273,438.66347622163323,4.239561493256165,7.161096558947999,1.0379600685266026,20.999845029200095,35.24025603233129,0.3757927793423599,1.3289670538324119,0.466272624606623,1018.6675019685125,2.498651787746271
2018-08-30,1.3995363298132368,16.536766109555824,430.3798269637595,3.889946960979068,6.222638267360847,0.12014975465482744,20.429557335741276,35.3560730441232,0.33769113865500505,1.1332293681225958,0.6327935568407311,1016.9561698435712,3.0800369021576635
2018-08-31,1.335485334396316,16.42691706098706,443.6047571346081,4.437032925927016,6.757470819987723,0.3405669481657302,21.449288714589017,35.30066658102948,0.3639724321587351,1.3014638389779256,0.6523026815267857,1017.3545923972515,2.7143540002894504
2018-09-01,1.4799887332555663,16.436854962782146,443.44911944422734,4.3084286097227125,6.310388264840658,0.13066852091577894,19.731221329945992,35.16049751261133,0.34648913973756496,1.5306657656089067,0.5599959020233995,1014.8944878849253,2.749629067264104
2018-09-02,1.6500713940252127,16.609514586510073,453.4055111369697,3.862548688617142,5.965933793763795,-0.30579600018277164,19.7266992545608,35.279220334218444,0.2984821023381258,1.366530152174021,0.5876360630580794,1017.8032601355062,2.7694884475368604
2018-09-03,1.9109226848140757,16.498895176964172,450.444089339348,3.3284231119861953,4.903823604953133,-0.6878075127947603,15.02523835927577,35.191548326828375,0.26871767107775946,1.4909274488729807,0.45211803441885823,1015.4245850346147,2.6989520868406576
2018-09-04,1.493665832773172,16.00818618817558,340.86345520709665,2.6637051546206494,2.8060339176893967,-1.8736836420825287,15.275625543852126,35.23068555047941,0.19607870449506878,1.3517429494059934,0.5832861611226662,1017.5753659399767,3.186757051088776
2018-09-05,1.3344154340069965,15.40845487784734,370.5175493648055,4.576356717645092,5.793300073086523,0.3562313875238122,19.188609841822956,35.1165178472055,0.28544296446727885,1.4012845276295218,0.5345082597934863,1017.765294941281,2.788272631560018
2018-09-06,1.1670873978857164,15.178825379768828,363.97604904693196,3.9594166269424313,5.504035252518686,-0.5278008915877206,17.666692028107,35.02137841412916,0.3003180852854223,1.5011010311452484,0.5062588193879823,1016.4986429469042,3.1915874888170634
2018-09-07,1.3324107181597844,15.656645049797865,389.6967599947219,5.221956578711276,6.514276674280948,0.8091514933681605,19.90894002582808,34.87603423531214,0.3367661803470463,1.9453589615487052,0.5833877285317394,1015.5351650091735,3.1449669711421446
2018-09-08,1.3874709767592028,14.976066381814558,380.7164230299723,5.437989514368459,6.3534968448520726,0.9032300510853093,24.688980381100944,34.98124169127003,0.341338590448796,1.9882308184414488,0.44442149564402467,1014.7359384474299,3.252095827725539
2018-09-09,1.2262671104053413,14.604124205369873,325.4678327272705,4.242104270413412,4.552230100532118,-0.7763777357362929,17.60424938375571,34.91752565972883,0.22918752879050786,1.6594534390956883,0.3345426469119382,1013.1720907087462,2.6732990671314374
2018-09-10,1.4655204059991784,15.250923588888488,409.66851069406283,5.056312535405464,6.263602688451651,0.3487526704457015,18.088376579208095,35.08064860826537,0.3055809725217736,1.5219960104665347,0.45138740764884255,1011.9124921066222,2.6910349962089697
2018-09-11,1.807972745406453,14.917477856183323,339.66094314531733,5.470931997579302,8.228641891258683,1.5152960602859231,22.71469233770136,35.087806857798874,0.4571964140151529,1.5593659700752636,0.4585641931112247,1012.216423731688,2.878129211662811
2018-09-12,1.9648792891820297,15.148335465386214,385.13852420293813,5.970545755353594,8.690838613036211,1.9719136007029248,24.089091852446078,35.210425069487556,0.4840789923649824,1.4322700576670355,0.5781979442354918,1013.7851647597562,3.082680106291389
2018-09-13,2.304971478351799,15.795296656166062,430.13090185290963,5.250074469435564,7.172211767328669,1.0419020203443587,21.714194567108798,35.32659376142915,0.3662759128340618,1.4187181277563092,0.6153809526036058,1014.4701785316876,3.3057058786162035
2018-09-14,2.6799266685351095,15.731014437630881,434.57504948800266,3.846633407354826,5.369672920303752,-0.28714788623839616,16.925921397880128,35.26628795364787,0.2892180822949675,1.5754152353506288,0.724185257996081,1012.1866396249071,3.045967203073217
2018-09-15,2.2545585765827454,15.39251175113756,388.13517334009197,3.8989530623254955,5.410884387823346,-0.009967801986740077,17.00320513474732,35.21308169731053,0.27391870262266266,1.40215509032142,0.48806688862510816,1012.9628283493653,3.0700403833121
2018-09-16,2.2994263545111573,14.251647990612819,311.08411814920015,4.6332223728874595,5.198381807195379,-0.16901312358450155,18.27743599547254,35.07295951284176,0.28740244317055563,1.7053197348433684,0.630745122390462,1010.2245643656397,3.137459308361889
2018-09-17,1.5603590671698495,14.642658702535353,356.62766350792754,5.568562980672612,6.837589984193133,0.7022798074837904,20.800936787248357,35.013009181801266,0.2632199242422136,1.6825278868552813,0.6470085670603827,1008.4635316125406,3.1247719327741743
2018-09-18,1.385971000233196,15.124103057627782,333.82851658964734,5.644807984890097,7.606511386505936,1.5191849115634368,23.653521275757193,35.056251235643415,0.432067385613979,1.6870547818670971,0.47402393060228193,1007.2827033191304,2.8728760227612864
2018-09-19,1.839859842406189,15.256469016845655,382.87630807468094,5.054232486404171,6.351856989583923,0.5847399076593357,19.27256227239632,35.18995176141543,0.3544281153057075,1.3786434939309948,0.7365630281185734,1008.4524860253348,2.6367610718177694
2018-09-20,2.005870110877743,14.258243860335618,305.49720191410495,4.432609061343072,5.886800506678738,0.2161558258347477,20.190386314494543,35.19982786522262,0.37825163998587813,1.330034499628777,0.4720460611852432,1010.5361052874456,2.2676696384387323
2018-09-21,2.0326471263804007,13.75288365384246,321.7333456789722,4.711232374281255,5.574119185064895,-0.19226785633960827,20.682442015524245,35.018281240620006,0.22068085203185808,1.635467270692459,0.5055875283761389,1009.5446939671117,2.7379699824003265
2018-09-22,1.7095675083785178,13.636642429576042,303.2412807976833,5.449465645590699,5.8229718853282435,0.5195246092195009,19.65635827164232,35.142411439600046,0.3457580290301779,1.5642034327379408,0.4071887629187655,1011.9753703528776,3.028803298208318
2018-09-23,1.6041033017132096,13.334385585641924,250.25035103713537,5.865323862585617,7.896450001237816,1.562350588822189,25.312083018081285,35.01358496357939,0.4209919793653528,1.626049688563347,0.39136862958336904,1013.4021171957181,3.1885505452150174
2018-09-24,2.0307856185051674,13.64381758555013,280.28023332701974,5.803172005908322,8.001413162869943,1.8605853139433,23.790692832186707,35.21528438841952,0.4143216261398316,1.224697547606225,0.4418714721895401,1010.9439795941215,2.6830898106961425
2018-09-25,2.043614196402597,13.162811915719887,276.02023131354383,4.310962758102738,4.345488246929805,-0.6966754067106261,18.02857688671112,35.29055739988324,0.21785364194382884,1.0740012904761795,0.36785245068926015,1010.681977983404,3.031001325635903
2018-09-26,1.8844684296268737,13.697278677171434,340.8181138723269,2.7115163280424976,3.488396105295389,-1.725390987598937,15.92571463515488,35.42416509036976,0.17601020100542653,1.0356028545392113,0.4998176960445633,1010.8564013265334,2.3825312737333664
2018-09-27,1.8536526390434809,13.824279466376494,300.7664198988219,4.331250285030365,5.454343133479384,0.09081683647561406,17.382823530979532,35.4901914153063,0.30012947518860056,0.8924128350047753,0.6579073139525343,1011.1694246917244,2.0329309697746334
2018-09-28,1.4049442380532517,13.87666252640092,340.8373254717283,3.9843604022572507,4.4033712067645325,-0.6616176027888012,20.018185296435856,35.39561006830185,0.19452313577544372,1.0650372507610122,0.5134284380190905,1011.3217376009244,2.436289260240075
2018-09-29,1.4439067487044097,13.991848236364154,264.92831655966046,4.1224513659485575,5.196863251188261,-0.3027261726864224,16.54945331024883,35.494467580189294,0.28379877577266976,1.0109644593637268,0.6588578019761795,1013.4378749542625,2.17123282515855
2018-09-30,1.3030945183167677,14.347764949942304,301.1684021055425,3.5139029123209164,5.439483813459554,-0.519699292002642,20.91463337089974,35.585473921453726,0.20503989014796747,0.7579049842743844,0.785480942118779,1014.7498343455457,2.0073678300711713
2018-10-01,1.3192101102598144,13.753143586235685,269.5660512546038,3.8919273591593924,5.802868592532191,0.4367465589094932,21.564447977921887,35.483284887455554,0.27442275072904404,0.9398298730872361,0.6436918779722705,1012.5411452421581,1.916268877765751
2018-10-02,1.3244165413718858,13.786602818909682,291.8958443063331,4.0835526149365515,5.274764562085363,-0.36417123552710545,21.044010404458685,35.53790125556539,0.2883422233356149,0.819102190339019,0.5838556579442803,1014.9951723383443,2.0152287521252634
2018-10-03,1.4654719669634888,13.291375919311225,272.3242091612968,5.0589861426633975,6.655960630452306,0.6802937628943707,20.825889659972177,35.36866980973169,0.330292344573946,1.0350881925826227,0.6014217490037985,1015.287690869913,2.2294822190331938
2018-10-04,1.3244864342468536,12.936761209409195,229.37625355501476,4.504314001047256,5.385685008010069,-0.4418151982298719,22.98648164800594,35.22124492985368,0.23482644305038347,1.4188016463903101,0.5828608698382449,1014.0475733617236,2.1117203154836695
2018-10-05,1.5401861898718365,13.34600855168367,239.59879302589164,5.1592376736096535,6.445548733019818,0.7137913051455711,23.003319686074388,35.203248950319065,0.31120217127599875,1.5108023070208099,0.49340084310295745,1012.6933934506343,2.45132455666518
2018-10-06,1.6956253777490315,13.5650412895171,187.19222351219753,5.375409602558543,5.797454376113987,0.6663969377793566,21.174668613783734,35.136317645089214,0.3128036331049031,1.7201951006278953,0.6586965393106098,1014.4104574190255,2.583493572666627
2018-10-07,1.875379530086169,12.896884963163046,243.78367885415193,5.994189947929611,7.712737121287237,1.1346145072381195,28.56710606382095,35.14343083489995,0.41351886713130764,1.7127229683156895,0.6097560029643109,1017.8141052714652,2.5878636958786725
2018-10-08,1.8446761157607356,13.14497216256959,301.5595395346758,5.611430942915647,7.806509928827244,1.087465025343663,27.11793063432173,35.03947119835461,0.39815743066186654,2.039801799049448,0.6033665648967458,1015.309037932353,2.6020889794699134
2018-10-09,2.0938720285240295,13.79360681309813,196.77164203406664,5.652194813442553,7.50633853107066,1.4675223691387769,27.39182124052072,35.07211019142994,0.3836611842102841,1.8103930131402577,0.8508712933458671,1012.9752880096241,2.811782857665386
2018-10-10,1.503644038417422,13.758295066278619,279.657982174612,4.842526644701171,6.2997389625592275,0.17380166867076396,25.297792666632585,35.24347993364075,0.30394312529343637,1.8406330003356315,0.761048269606692,1015.2934542758348,2.7538808912719226
2018-10-11,1.5086139081691674,13.671700176736978,245.303344606333,4.245617515387254,5.6195413842763555,-0.25080681126099313,24.14589627153726,35.23065620719443,0.34651723274970164,1.5271609450167638,0.7036820236923915,1016.8367030611283,2.656046010638389
2018-10-12,1.7879840326694625,13.531495665450116,264.62310546481376,5.373598915642693,8.17870566724638,1.2535011475325153,26.027393182113816,35.18018175204849,0.3593842784439438,1.5401159111923335,0.8071833213529465,1018.6752499580808,2.5149605239042283
2018-10-13,1.7644677175211978,12.94934445208092,236.51464503670314,5.452581432318748,6.040531587271335,0.6829811648827318,24.617788683282058,35.160615454896885,0.3270555629075349,1.673867892997869,0.6059003016216469,1016.3896027916788,2.2158440088477325
2018-10-14,1.5645216012593257,12.903655418118825,280.9337872966189,5.326949173557431,5.953052548307347,-0.008766737895859966,23.26011343408527,35.09045031141697,0.30522330934268876,1.93076857560987,0.7197082442036064,1018.0910102946051,2.755991211710497
2018-10-15,1.9610848906912883,12.630909621376485,248.35096252862746,5.1922673288729815,4.517130959202089,-0.05315669310877724,20.6059462667474,35.03065709744751,0.3383871674084674,1.8034524457028094,0.6702509194166799,1017.7179159659818,2.4111608293075655
2018-10-16,1.6955824181066546,12.97222059474013,238.20765305451903,5.3309126562461575,7.40234117806802,0.7318892284694947,24.387148858917556,35.03675960614451,0.3353096607897397,1.879866157364963,0.5452705302875485,1014.2910044948741,2.437509299043171
2018-10-17,1.4791127155899981,12.962839561434722,261.8127817535298,5.981521710005318,7.267433707823811,1.207096708073523,27.489422480117835,35.19130539190135,0.30149159096812905,1.5951784786122445,0.4280911905905971,1014.9297662547592,2.352013689340827
2018-10-18,1.5368495197681489,12.173020676095113,212.59939835672688,5.316415993431067,6.413042335129201,-0.04831586192357923,23.030594281837537,35.1462953328362,0.24213565867404443,1.5938322832431993,0.5725372554522791,1012.6518797243,2.38953134863749
2018-10-19,1.8276468152744205,12.27381370768502,233.05887175784594,5.334459676174222,5.800656356964523,-0.2863746996072217,23.392533259689298,35.26503731987292,0.30557338466288847,1.5662719752412526,0.6109370619927654,1014.9900308958242,2.474337615346416
2018-10-20,1.5039921335340083,12.006102694133844,222.7519317248342,6.385001263952537,8.142244852409313,1.6929726291280174,31.108467534022736,35.112916496802555,0.47432625802950673,1.8028400537542655,0.6462547311977558,1015.207113776906,2.7221248116131402
2018-10-21,1.562174167185427,12.528226046464733,211.98186569258186,6.9626785384561165,7.815468740043032,2.2232310255944467,29.461125037205612,35.03396802900698,0.46525409652868754,2.0299459619723446,0.714861409202047,1013.8351220181081,3.2016868908106604
2018-10-22,1.9856293258108306,11.997496149230008,185.69289352955502,7.032381067295071,7.58849500460839,1.7357085664451217,25.87721277645629,35.08143877097948,0.34571105063698604,2.018202730746272,0.5342123533161116,1013.7656697594185,3.2082165426327545
2018-10-23,2.809344620430817,11.456116346852896,232.99373490890736,5.81736988313231,5.585158393966984,-0.10658284219712344,22.891062712097913,34.90732992825294,0.3004490291486483,1.8591277610289358,0.5583504479101927,1016.899473302087,3.120949903231481
2018-10-24,3.3124135248930178,11.756590774208762,129.22659914833955,6.331721463228378,6.857616951872852,1.4381829698019275,26.07634724356355,34.96428784192249,0.37953207754716645,2.070721618072656,0.8128538465141073,1015.0700698408135,3.045264204112756
2018-10-25,3.3900615212242506,11.28525409363351,135.95543883203632,6.568607666930377,7.715459482962095,1.9719341824143073,30.342970394985613,34.86116026493107,0.4091689117572747,2.086467288667267,0.4410763132930405,1015.3802768371556,3.02806506350438
2018-10-26,2.638344558181071,11.132188111603034,143.04330116765692,7.004894293984982,7.491974583784069,1.7579696074890876,27.873093343738404,35.05548277703908,0.4274906017776326,1.8750795821428687,0.5684839818509415,1013.4994455982146,2.8892552125658963
2018-10-27,2.5633600392734257,10.825244619524089,139.6002865998658,5.7318916064962355,6.037292606408995,0.21124168860552622,25.062519443874237,34.935170378411065,0.22476169134553858,1.9661896612907488,0.4537699319429179,1012.1373019761556,3.021315454803215
2018-10-28,2.3652531495396687,11.42590892643213,97.89146262594926,5.631758668469728,5.576450314262699,0.21492323053676138,27.407500019562978,35.08535801854881,0.26612902051640835,1.9499196200379973,0.539967952319662,1013.2820495373556,2.6774378048383816
2018-10-29,2.0829048478490417,11.232472167627186,181.46570218734732,5.349115662460593,5.940176149177196,-0.25245721324906606,23.435364261450534,35.10967265839067,0.18430286117985067,1.7613633208041028,0.5758861234796728,1014.8124419370795,2.970358775938452
2018-10-30,1.8645428754488742,11.315510654019857,164.56836855809027,5.762728961752163,6.039995853609141,0.3807031165197175,23.866731527906737,34.893519820207786,0.3105200099070983,2.0114027742434564,0.521293442309465,1013.4025068921164,3.242686789651685
2018-10-31,1.847644170871638,11.196985808122117,162.33969642471726,6.291011827714787,5.967399650079889,0.16894749391396843,25.976078315386662,34.84738883718593,0.29506854982676767,2.1380698561131743,0.5335152298455252,1013.4415890227949,3.625940659782688
2018-11-01,1.770801081517728,11.710520921553654,162.1300204302125,5.876606951608808,5.847745542624846,0.20575052043797454,26.859862897484998,35.037739685482045,0.292798853774319,2.1187192304198867,0.6874435759688682,1010.54332159711,3.3375412291678024
2018-11-02,1.8147963151209954,11.814991557296905,130.45984960460262,5.057381950540718,4.730072997670512,-0.4395046494671357,23.55490643168409,34.98681802572129,0.2622630560676516,2.1070925597283447,0.6157912941224223,1011.0672721012137,3.5360545944255355
2018-11-03,2.2000791712799357,12.182923648876546,201.00819856585312,4.419441109121939,5.295616402428009,-0.42388347824029315,26.623204027959876,34.95717116336835,0.2476817380212055,2.210843140388297,0.8562455558407487,1013.1568788549567,3.280741864218529
2018-11-04,1.7280735675619454,12.13141514107384,165.37966116813,5.2539720380349095,5.171870834012624,0.12288888512819912,27.912370549010358,35.11975966059019,0.2845315099655819,1.9557281091897882,0.632462910152537,1013.0243280427316,3.0538664574542755
2018-11-05,1.3739064461282433,11.858134919090432,181.9787020572241,5.346072911896892,4.980156280583857,0.26800747831423716,24.62800133514344,35.083713680672766,0.24169560505465143,1.8413364559883332,0.5992595670812173,1012.5964698968743,3.35063306552762
2018-11-06,1.4256683542451958,11.607400020206018,176.09842908401768,6.376228751546573,6.789251092219995,1.2314344652084113,29.03105195878502,35.161499437625885,0.2830530055382245,1.850768523676197,0.660609703587674,1013.902953724372,2.866312792644112
2018-11-07,1.7671232227725118,11.683141469922589,167.35636482481576,4.410520627845275,3.281982138999633,-1.223957244260101,23.276951734753272,35.14697629398008,0.17738905063560353,1.670718431284459,0.8325431248093672,1014.2450698591174,2.517311261068476
2018-11-08,1.652096474110837,11.667700568379596,196.76945848026938,5.65210369220634,6.19119629437015,0.8548793000698599,26.02742781910572,35.384838250302565,0.27167739365122123,1.5369704647554323,0.6778818052044618,1013.1834319780111,2.2585636931149256
2018-11-09,1.4821394995352901,11.924688835926833,189.36096328775943,5.250041222039687,7.10473488311347,0.6552892867217819,28.453912336592456,35.351099207198615,0.31358656822286896,1.4739990840030321,0.8734399704643425,1012.3492304917035,2.6648546143448675
2018-11-10,1.5747843468743359,11.772584501911345,118.72225203863843,5.016986255769536,6.447478554000733,0.09809278695093204,28.507618504894086,35.40581554479687,0.2603438840826326,1.0618363945263092,0.6939296589652564,1011.5440591059711,2.345717991131408
2018-11-11,1.9235576029098347,11.594569531291773,221.6441510769831,4.298075836271297,4.262216024068774,-1.033353241404745,24.46515163666548,35.42855118667583,0.22676514807787285,1.6786748400687597,0.6262211889094818,1011.9033524756621,2.6893920246159078
2018-11-12,1.8959917797113541,11.770542484879147,157.81685825137487,4.979254417064012,4.4351835734575555,-0.40446043338283927,26.31026411996959,35.41771615539544,0.196030861123968,1.4645302917466352,0.7906374557184622,1009.6442976865607,2.589046759606556
2018-11-13,1.6860674923379295,11.965196676758394,153.28035997389676,5.150164524416299,6.341870460353019,0.5944185905105797,32.906213439903645,35.38118376284678,0.26924373440897253,1.3674714828268943,0.7601703782838216,1008.67568064623,2.3292855588256183
2018-11-14,1.7566521452706116,12.496748137176876,189.53186058134978,5.168314757970285,6.063049795896173,0.6513098778436448,31.59383965777273,35.473484153596694,0.33127336873606433,1.219001772803482,0.7078737622166784,1007.7363857307136,2.4004021778801135
2018-11-15,1.3010420345840341,11.95882777863624,144.20367481463995,4.888563997545833,5.610947820953639,0.5843117209674613,27.252538080881664,35.548163052435264,0.270931303817802,1.0559677353281725,0.7020773767239129,1010.3246931359686,2.677065137190025
2018-11-16,1.3100804418037604,11.353481353150197,141.93913513259696,4.570818161434991,6.002551589660322,-0.10768699736824638,27.380782874822724,35.427818349317526,0.2917946772711114,1.2819636731279362,0.7788275564311943,1009.0121822402574,2.7638887489552513
2018-11-17,1.4758744799133297,11.018560097370221,99.78964083240602,4.969943325004489,5.249193265044183,0.1446236101632954,26.091198342090507,35.462955033132424,0.26049911953502314,1.1329454058760753,0.7480686016231298,1007.3306602159657,2.482488344034695
2018-11-18,1.630237816900222,10.611567622511402,135.84694858629575,5.476960430549623,4.698910112195355,-0.019716801688472084,23.13383303637302,35.230502341456265,0.2972878223083779,1.6481762581835337,0.7365871742595861,1008.1604255476567,2.857378806232066
2018-11-19,1.7737531177578303,10.151022690333129,98.4518791357013,6.152038347856981,6.232426393037003,0.9178460406050568,30.355048666124926,35.20585730958947,0.3044845676825151,1.4593781563110948,0.4678070312976091,1007.8953075079439,2.8984776870479663
2018-11-20,1.6981944615762825,10.543767085709035,30.920242816945823,5.083593070174632,6.221290038744275,0.2596251398779321,27.561775417108525,35.237148144809744,0.23374826189975798,1.4550723019524843,0.5321029602751015,1012.0627057114324,2.766924586940915
2018-11-21,2.034597415421481,10.828362826087108,111.17603457059606,6.240698281979894,6.502177844289033,0.6470541385297361,27.989229022513697,35.17889251567029,0.34214139673675553,2.0015788101131906,0.7159592041208913,1014.5990970081141,3.158607568745203
2018-11-22,1.9979915579705092,11.693102521006896,127.93100467295632,6.152807300363784,6.778263724582526,0.5096610747854159,27.877443329780125,35.09602768007732,0.3437910342831862,1.9300094734000184,0.8785613522961787,1014.5261391055805,3.571185144720382
2018-11-23,1.6731517745529725,12.039875495881255,150.32798265489305,5.670939685121186,6.533832323182623,0.5633882256753813,31.360149873099076,35.150461461947735,0.3276772166737296,1.9740722235972898,0.9394705353752832,1018.3312488330987,3.4703967734081105
2018-11-24,2.0183709199519884,11.812328114571972,119.07835488827037,6.529789405704528,7.790103270925139,1.635610214681802,33.882467156119134,35.137049341651434,0.32847713548890417,2.0223418043527506,0.7303720730276635,1017.4149731277741,3.7177306631657903
2018-11-25,2.0073803112295683,11.536769992187176,97.29815118631095,5.7677632382041795,6.802082787053958,0.5220182972575051,29.672839590368348,35.200596135979616,0.326747583743154,1.776327488804991,0.8027447438247933,1018.0653699374859,3.1836359713641325
2018-11-26,2.0966627918433445,11.102403319613925,108.38826257501195,6.692352494007908,7.403660398606998,1.351242082768225,32.20840374551241,35.023992176833644,0.3356317466975184,2.1184771717979145,0.7085582935842039,1018.6915861871701,3.832076040229755
2018-11-27,2.467957602580837,11.25377091233489,127.94705909873247,6.718958772317761,7.88739907052985,1.7522025268158976,34.51573449372001,34.95277792599588,0.3834595199830116,2.14039918483596,0.7436322913706558,1018.4748651262489,3.429414499286029
2018-11-28,2.117569854975965,11.290712423917235,111.08082603693238,7.274379794255662,8.714090893466029,2.464313893501679,33.48183384152601,35.1943911013672,0.4638621749284438,1.7051150339869359,0.6897073452582769,1017.1634284886991,3.334823671675833
2018-11-29,2.3541187654933586,11.838610055262517,173.87173818496032,5.102904158293621,5.879860074600105,-0.5230577724830978,30.38349703060591,35.2651259573446,0.2681831201120831,1.7672123586862807,0.830050968502432,1018.3737171629783,3.8345958985757758
2018-11-30,2.4176493922631552,11.302177000812694,145.25558846955522,4.452239635285958,2.8267087281949657,-1.8767309119159017,21.793117955716983,35.10770638733071,0.10682575074854073,2.1102252380429007,0.8205483733200443,1014.3748289132327,3.180613404733213
2018-12-01,2.321640515462275,11.264733223428138,140.36421333938856,5.902213423308525,5.480956295038735,0.21516485291832355,30.17943273974337,35.13113484620168,0.2985853314040854,1.7224398256816407,0.7111762599818106,1012.4399169466965,3.5479013299801276
2018-12-02,1.688500096865343,11.217272234764442,101.0385880741266,4.6413023187262885,5.766977302598929,-0.4870452859797453,27.647369829927978,35.0823752498146,0.2681153367244916,1.967973512415963,0.7784153738403992,1011.4994036557846,3.4387224736323825
2018-12-03,1.8206866049688841,11.043481763509636,81.91441654629952,6.062192891390432,6.328389035007136,0.9924226369464382,30.3190031135057,35.2582980991904,0.3024950228022119,1.6713141442707176,0.8202307480808597,1011.9841907708105,3.4411805277783714
2018-12-04,1.7887793624801747,10.747780513260823,134.3786025785017,6.227607755051719,7.230259261504679,0.8343522588038037,30.536535060549756,35.11845128362811,0.33309480777653083,1.9421095577628056,0.7421865324368033,1011.1751529166916,3.4772162202645127
2018-12-05,2.059181074584475,11.424342440862437,98.81252281777475,6.546698038322952,9.288010057011144,1.726208779639018,33.09981067876496,35.10812935338687,0.3899931094762055,1.8311123168110182,0.6533517483922808,1009.2337597753813,3.170032116522478
2018-12-06,2.183158408583297,10.629494527688742,60.334961129853795,7.173539556207891,8.512134439187657,2.349857227152294,32.344605379861065,34.96956178668328,0.4277277765896707,2.0304670735656285,0.652627215853214,1009.4955978050916,3.1610059949238725
2018-12-07,2.4866048984533533,10.848606215605319,99.4794362054725,7.203082113755336,7.103719342073927,1.6760670074775816,33.17014952816053,35.007371557222136,0.3203786726896952,2.0576427350289808,0.7218509207187599,1010.786147305837,2.9289050692691907
2018-12-08,2.8509666992752263,10.436302100599999,83.82550517497289,7.352324379744114,7.5966790091134175,2.039323232545994,34.601748807210214,35.119002109885216,0.40305851093334727,1.7144688234034253,0.6122565641225598,1009.7593540916425,2.7410957438870156
2018-12-09,2.9647642021189697,11.237746240176946,66.82163132930262,5.504156983336799,6.3557606540731175,0.6093252909542317,34.30719339784133,35.245904230268856,0.24547456702136794,1.644408202653479,0.783227132895095,1011.8238577911877,2.527914823918696
2018-12-10,2.5674128071621873,10.31395376693484,8.0,5.934064258073245,7.089462001370636,1.0522907369787018,35.477607034788264,35.01909195338147,0.41520262338076874,1.7976952821150018,0.4866296070650933,1013.0437773451537,2.81576124786642
2018-12-11,2.709853259549696,9.91361812720073,47.92432769311803,6.661054107622025,5.423696654090772,0.5472475116571716,27.52235141268916,34.91406186146989,0.28731323220635946,2.029981903437345,0.6223744468734992,1010.5786996245556,2.6477321246126477
2018-12-12,2.406882132817674,9.915329091687061,8.0,4.759807175506158,3.3850047332826674,-1.1598083575231959,25.704065756551923,34.980533935714604,0.14932385587581934,1.7963829366010973,0.6449075664168941,1014.1876966725988,2.9595457488173276
2018-12-13,1.9590954146595612,9.774825427471415,8.0,5.9093172399109255,4.543252372184726,-0.05457853846075433,28.870620715659484,34.96449101468373,0.24559618903154296,1.9936595058471096,0.53399850979764,1014.4314328107789,3.3002016641800407
2018-12-14,2.0331531273237595,10.654075878903152,30.52798036726137,5.69135445334667,5.08430302450213,-0.5106074790884358,27.679169802578723,35.06681654311616,0.1541969628159929,1.7983678684024247,0.5614928677258972,1014.8915682007754,3.1473766690954568
2018-12-15,1.8047911467280129,10.41962503852145,38.96865873208152,6.488665475117346,5.8221928013908055,0.3947338985814168,30.8037448031496,34.88064961904823,0.2834872666133423,2.1846178706825525,0.487219637727913,1010.2757881044032,2.7129684905441076
2018-12-16,1.7734467907572224,11.136775990401267,57.69836433840135,5.720786039449375,5.623437104499361,0.3986866739681963,33.239274522366145,35.03041655283903,0.3482583472287463,2.1955127153778617,0.8237919550727113,1007.3165342133786,2.9006483966990317
2018-12-17,1.8480225817987832,10.888306712646973,136.591605459299,6.68065510352379,6.460495473450853,1.3717570345760621,31.383150176695093,34.92611011640768,0.35307268208816495,2.0735160776158725,0.6669265387633974,1006.6047616338745,2.8118159164557395
2018-12-18,2.1837104806131555,10.66119103053705,95.5289910526101,6.515524720461977,6.235051583255699,0.4863663059394893,33.395290284800524,34.85544368182234,0.31892427045265265,2.1626665892823476,0.6282236489091102,1007.2852590795117,3.071204823286461
2018-12-19,2.1732182652543175,10.580044780963856,67.26420097232796,5.511530160358922,4.803474844091841,-0.5455478371763064,29.546040934723514,34.96660381050423,0.18447517122975132,2.1193551867578035,0.7349056609565988,1008.5285967548534,3.05915453898976
2018-12-20,2.2102484441106895,11.230824302657537,150.82423948841276,5.796782133015144,5.13886066867926,0.4678548398634198,30.03763701243588,35.013051343068646,0.2603819482194804,2.085451860978418,0.6033582594059179,1007.7105945619143,2.9094216200699865
2018-12-21,2.294229474226928,11.471409526335606,83.15280728597403,7.346620597994377,7.350851468970047,1.3763184819958771,34.42771476707001,35.04658549438651,0.28637857667771094,2.134414990671503,0.7026304935553743,1012.166153182692,2.8031453997620908
2018-12-22,2.3245184555061447,11.475233799487984,163.34303573947716,6.328959579707255,6.289865170755031,0.521925599747483,32.956039078770644,35.02487667267241,0.29813447963497786,1.9089339814532713,0.8376627329259114,1008.5398183957325,2.407207304885681
2018-12-23,2.507077998259027,11.463950176597006,118.83639932270125,5.437256638215875,6.097508579697755,-0.041014060503191285,31.224047151624976,35.102622522570464,0.22304785417640885,1.9292727999561479,0.7447633646791879,1009.6473320651388,3.190662954670197
2018-12-24,2.154712772870962,10.985903564212778,71.7078734502827,5.958887680715679,6.219324103793743,0.7268442318026563,33.72313823305858,35.03334153624426,0.3427422548926208,1.790189209545537,0.6701832087001033,1008.9291216237316,2.5674877332777504
2018-12-25,2.473998453155703,10.826161629676992,72.03363618719331,7.236024016997468,8.088416930649863,1.8930542237344028,34.71433316244736,34.944524528280546,0.42244578102194125,1.8749504866153048,0.626754359823618,1013.1630932098539,2.949656847414797
2018-12-26,2.5286663817712562,11.4044498021138,99.60820193051754,5.46131321362474,6.7179260205903395,0.4047718171847374,29.16354633979758,35.05849584659515,0.34524377239256615,1.7662010336879714,0.5941581477290719,1011.0514914099394,2.499902836967389
2018-12-27,2.4173192388855758,10.310623737309594,66.52641597947324,6.513984079759909,6.0729642690399395,0.9121923472111018,31.71068258759788,34.94448360012371,0.2783264091728661,1.8033754228475993,0.5668457040575106,1009.4501029795157,2.589856372154865
2018-12-28,2.6331458096897884,10.671618057309447,118.74195769364124,6.4808687634150965,6.529134035094113,1.227015439098473,31.897178423204476,35.07222455936725,0.37311429071537394,1.9714244444606444,0.6649939754004689,1006.8775373354313,2.389055545700705
2018-12-29,2.9221737271442216,10.905597175809213,51.38690266394201,5.451848360574882,5.103849509266811,-0.21985986340301608,30.836489799623852,35.09009418111136,0.20924734103860446,1.66769923091361,0.6582342661956759,1007.69803118707,2.103093717670724
2018-12-30,2.8363994468982274,10.890891472994566,64.97973722071636,5.977344127530353,6.764717097173114,0.7780965915522589,30.56754157124663,35.055850913740144,0.3752445534143356,1.6502877968063894,0.5116209365246078,1008.3800364723484,2.0697270564052803
2018-12-31,2.528978209837185,10.337153863736887,8.0,6.14274096908603,6.467957521969994,0.7266148071009215,31.473333820844907,34.93143322532505,0.31372011199913685,1.6979690049057645,0.49176981819048976,1008.831904761854,1.9874252439459406
2019-01-01,2.4816981283588055,9.987796261561169,72.97245799279113,5.587861891712466,4.672424001617358,-0.4140271673837333,25.40360579751468,34.823157429909905,0.2476156163449586,2.079199124164749,0.6626426305842599,1011.6909248296425,2.0846666400515588
2019-01-02,2.4737654276862915,10.60520594284554,48.66369445229755,7.3975384069596775,7.870779052521431,1.2191169803637052,34.81760480334277,34.760358855106,0.35474987107188244,1.879896316929821,0.5655458290040762,1013.1287481600033,2.5134626835277865
2019-01-03,2.198008660856895,10.715482823895918,53.52730629422362,6.099061335050043,5.597485654486822,0.4768256786069962,27.920857927925304,34.89229815020929,0.36581504785478247,2.0005747509384055,0.5431385709031754,1013.6547129397348,2.4185745118979347
2019-01-04,2.045671191031854,11.646238239475604,93.44159278736839,6.362577184021106,5.893925406602541,0.938490129924299,32.69418836248077,35.19619531299241,0.3442282518093529,1.5066995192579287,0.7219968675481377,1011.9354047095596,2.000206555504274
2019-01-05,2.4094616567750466,10.96949704490614,37.03844193178049,6.795798032485396,6.120919795101484,1.364441112798925,31.82743706764454,35.12088919800185,0.32629123011865524,1.6354817501089738,0.6073861129802309,1016.0245116881031,2.1004234116637512
2019-01-06,2.305062336789786,10.826930130465342,57.72650887187544,6.415565416140024,6.290308931773379,0.9137436870714093,29.82385385574766,35.08831537506637,0.33582501497163053,1.4188491803049055,0.5188004672041734,1016.0645017424995,1.6609317148065306
2019-01-07,2.862879841452992,10.807651149872125,91.25826948577598,5.578907014187552,5.138794690304622,-0.03338334039705953,28.14458271357003,35.122459572046075,0.2645179672715905,1.3420483182632568,0.6524444298038297,1017.9755319386621,2.237074870664657
2019-01-08,3.2636133576809256,11.132881754290178,107.91196644430352,5.3611234180530225,4.955089388088073,-0.09630300682483038,30.589953586645134,35.23563317061165,0.2723354513383575,1.508757793368997,0.5708265213222815,1017.1364992249814,2.2065783664371663
2019-01-09,2.4738586136925194,10.995165745850311,19.905597234306512,5.591562578064312,5.729522822008727,0.14285342134609416,29.865520664526986,35.18020280426604,0.3116467329899256,1.4562285522135778,0.6089104205639109,1018.4059705706233,2.4625280270885748
2019-01-10,2.7024624332320935,11.382699739459822,65.50078250912735,5.94963327112289,6.90808902119772,1.0136137344098748,34.73866524095076,35.368014600539304,0.40666221428073346,0.9460498968012937,0.6072767042766232,1017.6876692044937,2.023716019469449
2019-01-11,2.106484354008156,12.049096302270037,99.0443974040238,5.624868465734268,7.565128567137163,0.7471507119542347,32.67589128438091,35.489433439307,0.3190285117639603,0.807826296269536,0.7253503982316908,1013.8876516191135,1.814311634085246
2019-01-12,2.5537583362575242,11.832753874203648,98.19226180147068,5.309740777672665,7.017329616700731,0.656026002823955,29.83611500250596,35.260399827035435,0.30406357495923436,1.0700656981303585,0.6776913125640088,1013.8644187353942,1.9849555332051216
2019-01-13,2.5028089631142434,11.36952782245478,118.11472710455187,5.730441127741113,4.522810241156877,0.014334828313905451,30.11516710318126,35.12621674176808,0.2190890997295423,1.348380118803412,0.7741599805564455,1014.5334814897595,2.528421196806706
2019-01-14,2.213270452538027,11.859947699540278,123.71844853040947,4.15989256947813,4.613754477972061,-0.7741123599978483,28.942601485106113,35.260225180262694,0.2355109686112789,1.4699238131774157,0.7647421264536309,1016.2157378540345,2.871180070641172
2019-01-15,2.150661350738558,11.721118592659009,137.5024497605704,6.5443318931998915,5.5093876548878855,0.8230685761790462,31.08103959190215,35.08045248504722,0.32687758621089985,1.4661902592632825,0.7114096235205475,1017.3435073746025,2.4443116569856733
2019-01-16,2.056610740310999,11.920450149267742,80.65882718787422,5.51303629541005,4.749311000238325,-0.1764957970144216,31.625588184931935,35.11273233552205,0.1911155271804299,1.3582353752230785,0.5949588490048221,1016.56626096016,2.366586355415643
2019-01-17,1.764456947914733,11.445056715459412,73.88439429956681,5.034866790216558,5.3294172439972005,-0.2921229760024343,31.219751167879036,34.99740707335986,0.18237865203359033,1.5760255857414398,0.6376241913052133,1019.5982765115511,2.8902917342186147
2019-01-18,1.8662333373248758,11.01771244620661,32.674710941632384,4.943344954615108,5.388583375637562,-0.6940429965589838,29.429321619450842,34.99602537364058,0.2504461780507492,1.6446165187095354,0.709963470705918,1016.48977000455,3.0640824848096506
2019-01-19,1.7886481837629253,11.607944145831189,123.2810998433848,5.410253680065706,6.617920843948922,0.41481163581068553,28.52934591822134,35.00763229023781,0.22258802226929592,1.6355269526162752,0.6014102271162378,1015.5522785499999,2.96040915111491
2019-01-20,3.9271873535404267,11.064925242224671,71.29254127394707,6.481046453391453,7.763086675307751,1.4695208799941402,32.34984166820011,35.09638617294082,0.3518461429767967,1.4946536974598483,0.5073387415868172,1017.3157068366658,3.19929500342
2019-01-21,1.9091709950912297,11.941894228673444,87.16742971492765,5.669871814522708,6.115995396045418,0.45623204580421,30.594499362517915,35.06065013883152,0.27071600171152604,1.4443367115858112,0.4933680651577461,1018.3930059844538,3.066595969521653
2019-01-22,2.263432187778863,12.451108222375616,101.95217973605943,5.870086953064919,7.372763507082838,0.7910468694176531,33.62656425723298,35.01359211355998,0.40643222820830366,1.665980457939513,0.7398865180710467,1020.7636239722085,3.2468178454339283
2019-01-23,2.5952969421873666,11.817136108595552,99.53692106225124,5.728906593788084,5.583220978196752,-0.0704968072674918,31.797692706169713,35.003291872514,0.32785596379753285,1.5274957091793346,0.3833182233855272,1016.4052482208488,3.05623707072453
2019-01-24,2.5201699027200424,12.158568509074092,121.40229398338269,6.303391310512632,6.1545588108320635,0.3782033290493988,31.59597935292356,34.856547820199935,0.31501670200762255,1.7528115530671315,0.4606716465955827,1015.8057935822138,3.3221037699821965
2019-01-25,2.1620635877995733,12.168576251949066,115.49308498722915,6.636573064833947,7.8936127670828515,1.5153660034777863,36.48924709166889,34.90544645082503,0.3879172555537166,1.6728349950150732,0.6271128744921969,1016.7715112855154,3.27951164677445
2019-01-26,2.492976062769017,11.75681244258384,119.75979347296386,7.4630777572138935,9.027961673504034,1.8512005507435834,37.222361448160825,34.83056989922579,0.4808975530201001,1.7522171351981353,0.5690596380128901,1019.4278567141076,3.095986432019398
2019-01-27,2.482272049089265,12.315210751019348,158.90813978490033,6.938495734158986,8.829117586272949,1.944783443097935,36.44112783974563,34.895721933251444,0.4118298515490463,1.6630394948317198,0.5421066664046876,1017.1026737368476,3.3072695378325756
2019-01-28,3.0915784047101957,12.290171710426543,144.49175810894337,6.113381616907291,7.0879975835185505,1.1878444912328403,31.159237122991282,35.01901885533441,0.2968753436285392,1.6017458949276404,0.5087976134650307,1016.4764084478718,2.902559508449334
2019-01-29,3.5602437051243787,11.796329561311765,152.5751941642772,6.027961854673542,7.430326663901299,0.8400106821599996,37.194947350847364,34.92964481738634,0.37102001311832994,1.5386719090559362,0.42972664080735984,1015.4589395710323,2.9936585541929537
2019-01-30,3.428871898741171,12.153344153814864,140.13337513872642,6.082965026995291,7.976880586568469,1.385301183401936,34.05858796005908,34.9466396288474,0.38191517943700093,1.6556114733045157,0.6397080053802419,1015.3255036642367,2.9484200065654464
2019-01-31,3.0536089253272034,12.842441351566595,155.8569775659465,5.686120416190388,7.657680906268988,1.0616286342921555,32.6582745551396,35.02937392424291,0.35187504761185273,1.5678421192609933,0.6791442061601024,1012.3930603335122,3.127299678587146
2019-02-01,2.305604717445904,13.504538522905158,107.66090438325055,6.154005200484128,8.400995560551943,1.5039957913886666,35.74451834504373,35.01258342144043,0.38872558628757053,1.5843785881629722,0.6098246716463565,1017.316303287036,2.9590446372881822
2019-02-02,1.9509161628067953,13.396945424311882,174.474625088651,6.035770596331595,7.764751549025594,1.3057107587564785,33.96303630192858,35.09777074913663,0.3733909471152121,1.4446265536071423,0.666659417049508,1017.4707706572793,2.614718092481088
2019-02-03,2.126912120927673,13.080918008636852,158.09610654305317,5.533010495569011,5.882342784930379,0.5082945426670673,32.45137244912433,35.13859597742773,0.3439391622995516,1.422447022439943,0.6486635438684024,1019.0421530120474,2.803901472120201
2019-02-04,2.4861222620086747,13.081443647147854,145.42431501420916,5.080184302922123,6.018837347299172,0.2542652537900438,32.40842052922834,35.07478372244095,0.31059953553408703,1.5123881047420942,0.5990646773047182,1018.2633018349649,2.3825374006208246
2019-02-05,3.617842165339752,13.339835969565957,181.9085585292542,5.390296575101473,6.251493996207918,0.01764944410098877,31.745903858633632,34.99090802667701,0.23393921002081985,1.7665187360459398,0.5345888752266909,1018.6151490477341,2.462501872278047
2019-02-06,3.5399278537957524,13.98765646851696,179.89793729472814,5.538088822351048,7.937612232050742,1.2814764347149052,36.06031851436527,34.872940314425186,0.32376171593726866,2.0788418816378904,0.6784368244282076,1020.1879433238317,2.4274831899992657
2019-02-07,2.6662780372992607,13.874174148724876,231.79319958710357,5.440408256849139,6.402642064896691,0.22901639292005174,32.41861333488455,34.944837775901696,0.305401740454375,1.5573759926560635,0.6715853150404344,1021.1013537696892,2.5417820371738897
2019-02-08,2.089961002758967,14.663908452146597,194.99141400336438,4.481883736044533,4.946002247709218,-0.6261955686714885,29.95927490978216,35.13778530901787,0.2761208377564302,1.4734620503635607,0.8887914333710744,1022.4956782377108,2.529210329628253
2019-02-09,1.5332059575358246,13.807243397223107,208.99733171086555,5.342471324522439,6.242439393953661,-0.17814316249479611,29.622953224431928,34.95487394753327,0.28959891528029186,1.5628869619931038,0.6768982344176114,1019.1912633653542,2.3678489579995716
2019-02-10,2.3740183717131877,13.214252817674245,145.49623905513025,4.917529873057948,6.119557007506508,-0.5820893158027157,33.6957504828409,34.849151065763415,0.228759630548435,1.7313726368704545,0.5913950856394354,1019.1787470460977,2.6379318615347485
2019-02-11,1.7478171391858404,13.39983221851132,132.3147502045613,5.475132851784151,5.439289709592727,-0.3142521736439264,30.88861479044215,34.76110669679567,0.28161804427755477,1.9038265134687162,0.5420519595542929,1017.5923447540428,2.8079808528823067
2019-02-12,1.4845236192897016,13.31175607652407,156.01359944521957,4.611860367575205,5.414299849845943,-0.6945152016758205,28.41959106042169,34.92698216896018,0.2281705876984624,1.6606222971674653,0.4916575068890838,1016.0514609354625,2.275254451397853
2019-02-13,1.6071459522889513,13.672927894431622,117.07970335708431,5.26102475691797,5.3244520450611725,0.0822628326631254,33.04019739746926,34.95187975192863,0.2400038846320659,1.7984999590929989,0.5784031446541302,1017.7800167308988,2.7736159057957814
2019-02-14,1.7934373544633024,14.029678948912835,241.44116401781918,4.901523446960698,6.3433419772507795,-0.42306140571603024,29.39272642915953,35.00207820914963,0.30905296159802675,1.652061516122383,0.6015697394651132,1016.5772507814172,3.012381918192499
2019-02-15,1.6849637356275884,13.316000062237016,187.31191273153232,3.9714458621544946,3.800452722431895,-1.0852510260476247,29.263409068744558,34.98074710740061,0.2588706041245814,1.4139395617315091,0.48785564146311555,1016.7737716992476,2.4392543096571755
2019-02-16,1.803064993485038,14.43881280278283,225.19678169418728,4.257764295768165,4.261995987078162,-1.49834520684528,27.464267147899243,34.79972035956376,0.2068356680418676,2.012956506566629,0.5901282750056253,1015.8561037412069,2.927659743060261
2019-02-17,1.699587544664117,14.273525462152714,222.57254576386748,4.195094060687979,4.119841396096327,-1.3539141149699054,27.351143396612283,34.85698796016644,0.17297392399164632,1.9174669050767912,0.740155028800394,1015.5683546598837,2.994679773913885
2019-02-18,1.384213727969245,13.787664055646301,172.76099225120117,5.108776404764828,5.926256541541768,-0.4006163437221406,28.75958163698369,34.822374285787745,0.22827219534948248,1.7712908152697586,0.5504563543747677,1017.3721366870976,2.7774298781622946
2019-02-19,1.3230460373617245,13.616397378160643,190.21820539254298,4.575818381328506,3.9688202848620335,-1.112269733394703,27.77120389208404,34.91987410443144,0.1602845924229911,1.4207842767546932,0.5048653386610436,1014.9314600086465,3.0902126132130907
2019-02-20,1.2665306680876884,13.674203067700061,191.1458647062616,2.928390445609842,2.2093365326049055,-2.7385044328589148,21.80441303938372,34.92943498910385,0.08481213616391141,1.4941736927920657,0.5177429042240709,1017.5807336932783,2.8194887145888416
2019-02-21,1.28130225745356,14.461603991663575,198.5967396798133,4.645836284665173,4.743954328858243,-0.4054956565504425,25.8392257912307,34.98721928247337,0.2588794582937378,1.449882120563072,0.6508904094084506,1014.9144937382133,3.0950942748513888
2019-02-22,1.0617274757545243,14.708358378951223,186.37008088496424,3.9570654536213135,4.061956130141763,-1.2986344076351626,28.85166310908817,34.99777645782733,0.22215740642453374,1.4144678083272806,0.6382556309022313,1014.8953123998922,2.459850362576449
2019-02-23,1.1993644819832472,14.990752952916123,264.0593739445856,4.309728856581155,5.32187723447608,-0.27392321640919476,28.38886095773944,34.98897510849589,0.21253433534707378,1.620692862090463,0.627394469483488,1015.145631218753,3.1213014527257905
2019-02-24,1.4661479732700877,15.533734267295426,204.1962482338189,3.6340619221509067,4.279291158321796,-1.3329232078242568,25.597774724913034,35.18942526485061,0.20073149127016757,1.3030325503648839,0.6358254173521051,1016.6188721423036,2.719939891930473
2019-02-25,1.4204841403565496,15.129176470194922,201.2194173057389,4.234695966634843,6.4197618331637925,-0.09749490182453535,34.351487239923294,35.13052002024826,0.2576534558559405,1.321050412605674,0.6176240293728321,1017.6144459865399,2.915122547183858
2019-02-26,1.5879859051363043,15.53311071766896,251.21274718606065,4.086721836450469,6.03132587090653,0.08529533980384156,32.413693341508825,35.20746344018338,0.30102833138441143,1.0970903983229072,0.5789597807883982,1017.0551529972763,2.812562951108716
2019-02-27,1.6913184182714538,15.632751855016597,244.18358966340543,5.100712063930925,7.291124334269938,1.4920620280085732,33.087835377696,35.246198173278636,0.3581670199882047,0.9305961952241623,0.7160599229225201,1014.602511411928,2.5220854852912353
2019-02-28,1.743843467549841,15.767815613200224,220.87345446400298,4.141245879799977,7.230881621749077,-0.004101492770616222,30.60729109556563,35.296711724139314,0.29803584064707456,1.038617318479356,0.6583280765191395,1013.5057660278952,3.360459181699499
2019-03-01,2.1730835532592723,15.214430788300266,235.21886413187505,4.123852004404297,6.087779173928281,-0.12448291308940883,29.687594130044477,35.30385665478499,0.35976997618252443,0.6225743398911474,0.639353920792289,1015.5291324552309,2.3798393407182155
2019-03-02,2.2267914729612324,16.197518081320883,360.77804178179497,4.236288143898996,7.50348107916009,0.6882524675515548,34.06954443255246,35.423960729104614,0.3918095367190786,0.9924734955297327,0.7105911238490819,1015.6825692843588,2.292246077291858
2019-03-03,1.930230025935038,16.203099793725023,317.0381408796964,3.365640436026925,6.598705840166841,-0.46687727696295245,28.55980614358544,35.3634949478174,0.42755425542720527,0.6780780280219328,0.48711124189253074,1014.2086052553989,2.59957944847662
2019-03-04,1.6662212815439712,16.365140135539697,272.79950782084615,3.722832323941338,5.792065511528365,-0.667101465948968,28.973147801759723,35.43332902189391,0.28541884288981056,0.6627551409560744,0.7581606947720875,1014.9503574856207,2.3475127806048555
2019-03-05,1.5455087837142356,17.123983916831268,314.8786604503001,3.563799476415893,5.899992878866949,-0.21255993655058775,31.19144219780798,35.46285832045171,0.34634187382082054,0.6658658585753463,0.651962397374285,1015.4358614711718,2.1871922522866276
2019-03-06,1.1825305031334807,17.178400641118877,401.0133026225174,3.067500635551444,7.1227410791693595,-0.6006924491718488,30.47100368127084,35.49738250089493,0.28023717340338816,0.6600394593371949,0.6753162927790602,1013.0261029888372,2.5789977973702825
2019-03-07,1.6001568430083917,16.316631814890133,257.3811398133089,3.6780682370574547,5.256155898404204,0.007740445483252201,31.5725455207622,35.329519193118834,0.2593174054713807,0.7858482343836062,0.7391796050106592,1014.0046782926311,2.1992770843950704
2019-03-08,1.4874015202571529,16.261963127552338,292.38956234091063,3.7258760001389386,5.547552850111414,-0.45305376567276323,27.766409784619935,35.239789947198204,0.3036831423211026,0.8826714201103826,0.6399715771290798,1014.2481412862529,2.3028896367480045
2019-03-09,1.4915334647893361,16.45878661095101,326.5958728883613,3.583802016508562,4.279358168311284,-1.4986345285479548,28.116829703489977,35.38144492808762,0.2471563747150996,0.7820335746605119,0.6585038575390233,1013.9013511459602,2.022974538358017
2019-03-10,1.3398166682875352,15.962503419246183,268.70132750497305,3.315650260977197,4.964348759597943,-0.5294234669244816,24.31717433638042,35.39650857594506,0.2857029579106979,0.6842333597366789,0.5171714637931524,1013.586525892259,1.9397274388956778
2019-03-11,1.0925840807025735,16.560695493227048,252.88755839926182,2.501296671963958,4.786735402145839,-1.3014314664176156,26.22909235301669,35.40351149924067,0.23757973396798127,0.7447456965374721,0.5696323352339374,1015.8759425463663,2.381861647842669
2019-03-12,1.1487452016246351,16.825479494732413,350.8550392426303,3.182821438359177,4.468497937836798,-1.0931050948125205,25.09707926771634,35.510484724311254,0.15193216865421588,0.4479988344925359,0.6227981735548609,1017.8090527279361,1.8808545502743392
2019-03-13,1.0689656862524917,16.1855209196891,254.0544205197167,3.7135099674054786,6.828895261649649,-0.22609338082604336,31.0430481281455,35.337511130219745,0.3414502071895144,0.6857012831411533,0.5485528575942994,1018.2708292749265,1.9992056615951135
2019-03-14,1.1692784122696036,16.073891164412483,242.03673739956082,4.4328019568194375,6.6566553981328775,0.46321194382863196,28.390460666005783,35.14586408462119,0.33772093608789977,0.9217780630100071,0.45140884373790036,1017.3355410372737,2.0484925830184575
2019-03-15,1.160305223538084,15.896356146329763,260.94538372469646,4.311323059518662,6.021122126151556,-0.6568227965279587,27.77965747499475,34.93219153101949,0.24132619352207535,1.4760285977721785,0.3806414775100277,1020.151169597461,2.468802259173866
2019-03-16,1.2626973743522916,15.459388382400782,287.76060282334765,4.104805054200109,6.159232431194161,-0.707612683726568,24.62619050505025,34.928872423158,0.2627449346553543,1.2712887655020435,0.26464007572302334,1019.3587547513978,2.334918538504151
2019-03-17,1.2115286955944238,15.469639785036833,274.16606202881326,4.9202773280868835,5.674246862306319,-0.414123604824053,27.94572061536828,34.847219882736624,0.2821009351072402,1.5571165957889694,0.33453883800747053,1019.7836100234479,3.319273405082901
2019-03-18,1.0774304692357348,16.23473983265281,311.69338559014886,3.691816220285147,5.79450338294396,-0.7311401541266975,25.480900930242537,34.871305292673675,0.3021255414735553,1.2970572481062757,0.5656982952138049,1018.8006221949922,2.6397926589969165
2019-03-19,1.173345835968071,17.05153704485792,354.43690769700123,3.400343405560216,5.172668875954174,-0.839169551626896,25.770721482241107,34.85972891934116,0.23576561513029604,1.532265166304286,0.5495647337518041,1019.3712500694294,2.9772317455147177
2019-03-20,1.5235133178811815,16.55067328731563,352.4042960314838,4.175702053499175,6.702969691367832,-0.23118927720181562,25.322015609101268,34.90872487833936,0.28626424492962965,1.509888466257046,0.44668263977136347,1017.4700276869312,2.6794154664080887
2019-03-21,1.3971904063001583,17.521351968953546,387.2192126941453,3.9412773365222074,6.515402203363356,-0.4347936159786978,32.495597178702106,34.9681447013345,0.3370789485470203,1.6208281256645054,0.41769577708914163,1018.3037231401956,3.083641323947187
2019-03-22,1.133297303873933,17.042527378476674,339.1645168841236,4.35866627042818,7.121853776876083,0.2518439742003387,28.43580956362361,34.83608001479103,0.32071592467293764,1.6517937204102944,0.6018485621323248,1018.6655665809269,2.9087578117168187
2019-03-23,1.297470135850839,17.524961123128325,392.5620965747212,4.946686430750094,7.203828928320071,0.7851653997573833,31.301989203361458,34.82636508290188,0.3311294313526462,1.8620251297275399,0.6222696337792466,1017.2719271351317,2.758934968237625
2019-03-24,1.6336070304410826,17.340697602225646,374.4794435128301,4.793416946032587,7.885903293410732,0.6920696355936574,28.45568531227461,34.80175244928961,0.4290220813268397,1.8104163229785253,0.5022862972356384,1019.238954437901,3.15128140068583
2019-03-25,1.9194426140871428,17.61002603119528,373.0659967557437,3.9769514409599145,6.7641632064829205,0.04216430168500562,32.68971415949118,34.94849336698166,0.40977277766565084,1.3737749897842815,0.44972655846364756,1018.280009109719,2.157104347826129
2019-03-26,1.687365740141385,16.924708947096732,384.2483582004936,4.385585435434018,8.086606339137383,0.5432754982574463,28.0116306660848,34.93330785199363,0.35637142003079497,1.2894840461750954,0.49767423606700567,1018.6733443855709,2.615854012638173
2019-03-27,1.9640523454634886,17.011439380601658,276.7831163254294,4.2719677980475135,6.495584501916029,0.3440372929562453,26.221594939905472,34.96997175120891,0.31825279336127327,1.284910934653802,0.4152116294436845,1020.3539585745839,2.024186801575506
2019-03-28,1.9443522763361931,17.09831872716161,339.9395286008171,4.129427830442103,6.610971931186005,0.7395094506840065,29.909457925274,35.020880039717234,0.26064899347094284,1.1748700569367942,0.4612301748963036,1016.2176703011505,2.287145929650364
2019-03-29,1.988540806846316,16.868872842668544,369.73304356220973,5.346701539817009,8.48912715120019,1.4206075870200645,31.220515622587055,35.019835788188836,0.4340117495282411,1.1664590737812108,0.41529126695610674,1017.5976194640291,1.6653624026121725
2019-03-30,1.958870091617123,16.992290966979414,370.65243814369506,4.713918434987407,7.837966771090829,1.1480708079222772,28.722441137970186,35.00993188098011,0.43132995661682594,0.8784170480013291,0.39068078297250997,1019.2051990125603,1.8488276058547064
2019-03-31,1.6315367006164274,16.909018780053515,264.6339939349468,4.118207865790653,6.081449330781458,-0.1773886487241856,26.507470911328994,35.011636028805825,0.30618915958465714,1.0585049492199028,0.2904939385747315,1017.3914817240125,2.04818624923124
2019-04-01,1.9572740494742342,17.371698364186447,319.6522576833435,3.7414001366794767,8.42718651516443,0.43954590659385623,27.25475877210478,35.22350209681086,0.43042515820441707,0.8103446453986213,0.39534100516098947,1014.579187580565,1.8031177239836034
2019-04-02,2.195642090220361,16.90551179347961,364.9073339953767,3.933398407268251,6.625131776670487,-0.13063009417785057,27.41219473720813,35.170423024963625,0.3206735006690716,0.954208905107211,0.42794921709848494,1016.443838078154,2.1031875343428768
2019-04-03,1.8660540674787829,17.03916959618168,328.18232145515304,3.0147499608716117,5.340774572548496,-1.1393089604543765,25.460783104341832,35.131564479480126,0.228986356505835,0.7273673864063761,0.3910759409186583,1013.2246714512926,1.7058584451191554
2019-04-04,1.8021719663377749,16.98977704820969,331.29386143559645,2.051588601041796,4.448635525403335,-1.8490796351653755,19.90319872956768,35.2432365387668,0.26653815960254507,0.6713213545569866,0.5572181583969239,1013.4303104826336,1.581848402856055
2019-04-05,1.471082770527396,17.09963201032917,363.35777683863347,3.0097055861377764,5.073413665290453,-0.6158897846609617,21.677938037719613,35.341470652779805,0.18312766468172265,0.5596635442538312,0.30251960794002625,1009.924632406251,1.407295315972957
2019-04-06,1.1674592231631562,17.176142852074186,375.00576789676467,3.1180392364497957,6.765345775893206,-0.22322516212350613,27.058752190215465,35.40276822479098,0.3708711623898032,0.3725170291054558,0.2329544905109804,1010.2294081024663,1.5048815156071471
2019-04-07,1.2098596886362463,17.7454568186132,394.6989768479795,3.967634699133862,7.4337655101559115,0.5038466835446406,25.661021285337064,35.37411397798513,0.3464534473771559,0.27095985536294787,0.3750330592707514,1008.7750406072093,1.5158921253181667
2019-04-08,1.2918322507485653,16.98642263843571,356.21301077434237,3.9803165892054326,8.352517184186357,0.10858734027651296,28.76553312763659,35.42625885585984,0.38291297650831796,0.19966907292412078,0.4890299933345975,1010.4913232282101,1.4984389235141609
2019-04-09,1.2829216281509428,17.85303437546426,411.14946244330656,2.878398866349893,6.832725264879228,-0.38544829667272157,26.999091095272643,35.402622812375036,0.29866564200912826,0.3541065497829639,0.35763978868174434,1012.2509550657428,1.8624517225154138
2019-04-10,1.5405101546208122,17.95418957008428,388.4167938147611,3.043460771368183,5.38880261665642,-0.26578912036570307,23.012050245857793,35.42184566572732,0.21647688601303305,0.2748662133692119,0.5786665083657274,1009.7603337455656,1.5768161328664951
2019-04-11,1.2902597438075318,18.246757782754518,383.793335844487,2.8197525148850966,5.941914933703247,-0.35662519512831414,22.564567925419777,35.32845429747332,0.3302070666760457,0.49344978849357823,0.3873647542252045,1009.4591211641638,2.2477730449169377
2019-04-12,1.4762533586857147,17.51820309750806,308.7481773344171,4.002570774850498,6.698484766933094,0.1762722405549304,25.344382142246825,35.14428154815055,0.36448205364007524,0.5276905892573828,0.256383186699974,1009.9379631518137,2.2163127634282027
2019-04-13,1.1519896605253057,17.90041020706013,368.4663772835359,3.749236134613997,7.089670680306105,-0.03917773050201534,26.40889094362267,35.20006683320294,0.3834264062695404,0.4971489110553241,0.31236607698909347,1013.48864223574,2.1549600875614376
2019-04-14,1.348103489056942,17.660359079678663,389.9326664565113,2.787137631657228,4.524984417671476,-1.5851235520508367,20.74564767587844,35.15304516774462,0.24090909292373563,0.6805224225698778,0.11067364071819077,1013.1365851231525,2.450747166078046
2019-04-15,1.5985391209704838,17.48651168343633,346.54084250056076,3.1111779149356877,5.347751651867421,-0.8246856389862277,21.451221508017383,35.28587849901,0.26422028301748784,0.40015515918741473,0.3437011225132876,1012.6952925757802,2.3361660341187154
2019-04-16,0.4998790963164177,17.949158566013683,396.8640888609007,3.51178432180237,5.8407687386503575,-0.1167566257101632,25.118096503618077,35.178204930944595,0.2514017264515604,0.7194920718459649,0.2911833061146861,1014.3493485478649,2.30662232205313
2019-04-17,1.1557865271860805,18.12002379785157,384.5066169466995,3.1267127461755058,6.480410860958745,-0.4764783572888497,23.423009857795694,35.20958626169267,0.29563032343336587,0.8949660689963188,0.48297767204424114,1015.0577720686355,2.6109334764587255
2019-04-18,1.0712445664285548,18.522639589328094,429.8660047788848,2.7682998087344495,5.990254458598864,-0.8690737251105477,24.940089983217174,35.15001963209582,0.3200069040474159,0.6805734796249668,0.44964309136603875,1014.2656898828733,2.417035915306446
2019-04-19,1.1023274804153202,18.696455539263237,417.9486639049346,3.7486851935884054,6.0106062457743175,0.11190095092422192,24.819196573100918,35.079261811454906,0.28189767689954487,0.8206939588494582,0.26857388864276244,1010.8501288621824,2.2817070644520947
2019-04-20,0.9602472076563783,19.004991179526716,441.4331753690164,4.151320169321336,7.5912571607888255,0.47875292032600253,26.272768734231718,34.99552221078224,0.42343173481742835,1.172271879586986,0.3167057537145974,1014.9984043541833,2.359844138244329
2019-04-21,1.1468167238844902,18.648817159491674,454.28257729931954,3.3427512094936773,6.2145348760403385,-0.7376684632991088,22.014722643115597,35.14625668781044,0.2763230590322573,1.0548100389195625,0.49438365848630694,1014.970644941889,2.3088994572127417
2019-04-22,1.5096114721859766,18.786111748582414,501.45189336476795,1.9983132925635054,4.002062692521194,-2.0053260152561534,19.434005210485914,34.886008552052,0.2060819064456741,1.1783944289922184,0.25515866569840284,1013.790884068195,2.368411534846839
2019-04-23,1.916844104368259,19.320625931233053,426.3727224174825,3.136598160994666,5.085048888947177,-0.9340029018632207,22.67495864314999,34.941505425881616,0.22809006638299545,1.218511711434519,0.32710397579114653,1013.6755253387711,2.219174130616393
2019-04-24,1.5585027010107761,18.7990057941823,471.2420903877193,2.601998648132901,5.517226219234629,-1.08382996825732,22.448889770789084,34.96669660950379,0.35090927119394244,0.9376357334099106,0.48014481088716515,1015.422464994007,1.9551999675114429
2019-04-25,1.1355099963265904,18.986045526050397,469.7120860013996,3.406775423720253,6.791056989919977,-0.05665931491869816,23.427910355294056,35.118910039506275,0.373919535719396,0.7736690483154147,0.42399899312985434,1013.218126057287,1.9563104068097208
2019-04-26,1.209517040110294,19.07310847725941,473.57791259333436,3.4115925228913797,8.024164451697851,0.48652967720686024,25.67736730637907,35.28811942120231,0.4228971935315976,0.4841601406317266,0.29602490693765093,1015.294976524803,1.9292851652344654
2019-04-27,1.1555817191620437,18.763051014520496,442.85580943346656,3.964710132111598,7.8275908403763275,1.004213940579397,27.082485697220964,35.218849652949665,0.46128982359797105,0.4613180592028875,0.28033149876747154,1013.4905276109748,2.02557873544406
2019-04-28,1.2549276239349467,18.14102921811432,416.7423074876792,3.0499611429670117,7.065939063301473,0.09484717852432276,24.503016548381094,35.3104712978184,0.36098205515440074,0.2407646034995359,0.181275649507173,1016.0252656498543,1.7801678990597205
2019-04-29,1.4007617927939038,17.96280544603348,388.5851021854644,3.3176864766245164,6.350268741424327,-0.08478155579571603,20.69435696848455,35.20784974742137,0.4292039256519278,0.2610173858765939,0.25459437497054144,1012.4582510133406,2.2012678267345995
2019-04-30,1.4024963200104215,18.4585422307198,441.55980907054465,2.8576642529813534,3.9326476634792753,-0.5633735090770138,18.693168353771643,35.34560979662234,0.2781164217094763,0.061162876335463884,0.3319962315774454,1011.7555041342766,1.7740155256242882
2019-05-01,1.1359019028288573,18.906397233693372,456.1123459187932,1.9227802022179263,4.49598324770407,-1.87668918196398,21.925160272038692,35.40224952801048,0.23898469253064455,0.04735881958378417,0.2993076585639145,1012.1899211334711,1.823673432512959
2019-05-02,1.1271773585038554,18.7863459051929,465.5251239361646,2.662860195483259,6.797015299448096,-0.49417366645970007,22.031609546485488,35.34813643551332,0.3588682325260468,0.23967178262007105,0.3495565267796564,1013.2676491594538,2.104108463249971
2019-05-03,1.1395423265056759,19.046377158158208,524.2813703293353,1.9571566017268993,4.864277624882155,-1.4058555257932674,22.83219399016317,35.36739631470417,0.3067678907198731,0.34866797844585956,0.32076550277986027,1013.0315411929848,1.813266622951504
2019-05-04,1.1395720742975295,19.629298971278594,502.55078436796987,1.9824466411773407,4.316168883288718,-1.6132920039377625,20.961080026018166,35.3259849871128,0.21177201715656732,0.49017112217309694,0.4359133207704791,1011.2370400908216,1.9153974275514822
2019-05-05,1.0780837890319623,19.84245808720696,500.6298302387943,2.1132263548777273,4.473139218511752,-1.5328351639386748,18.117929011946785,35.236349741600286,0.2558599565109736,0.7302656234369991,0.2088166534778714,1011.5481273596405,2.3440073781957835
2019-05-06,0.9013091471788575,19.927046560852112,532.8465513430872,1.5269425070855491,4.414733500410207,-1.6475915827440988,18.26956077631429,35.342734302294396,0.22537209305552253,0.3760933869002503,0.49361407531136003,1012.8138001111397,1.80171775440993
2019-05-07,0.8356022866910136,19.622300798053978,466.83592026742275,3.2631588676899295,7.043782619894252,0.07635877873816088,24.6651300182054,35.174928763723976,0.41390005223083864,0.7147741203047893,0.31874163816206924,1008.2828411882834,1.9814731497000242
2019-05-08,1.0921967623941709,19.30769727421461,454.7405220103732,2.9901115185009433,7.20927961728137,0.6558233214732565,23.679256024450865,35.298389503082014,0.4033057756965972,0.38642127860472647,0.32890612114329265,1009.734832973659,2.249997209756906
2019-05-09,1.1452519171944384,19.513852708376067,512.5488717251937,4.080766468819564,9.516335672371332,1.7227512319541656,28.45412445104524,35.325057906383066,0.47976684701343214,0.5806842014506485,0.3533218920525841,1008.7999141514817,2.0127165413944064
2019-05-10,1.6298719485573852,19.210410389939195,497.13824902100527,4.291049147791253,8.470631603201632,1.1698672859346573,26.4595986909175,35.35910066911024,0.4617997445721664,0.3710107713842504,0.349807974546425,1009.7061681593723,2.2427770100376385
2019-05-11,1.9269179722362013,19.23961187397548,510.13448283800346,2.9376262563213014,8.16873036158458,0.4662411490962511,26.125233488268996,35.27115785843773,0.4119722363500639,0.3837164132740951,0.2880915201817496,1006.388501928157,2.2470836816958335
2019-05-12,2.328733014860728,18.78801539192243,476.65987422640495,3.5607513889191056,6.465730217295787,0.10175889824454842,24.464136774450672,35.2956408332906,0.38250404114792086,0.3251413927527162,0.34292333807137565,1009.5258113553276,2.102390136760741
2019-05-13,1.8043045651703828,19.553241558241233,521.2143614715798,1.6625565091828232,5.421493833383785,-1.33477849980836,17.165413893958792,35.33332962513456,0.26662321230291885,0.14196411787821472,0.20846547311613792,1009.047171589299,2.0800428127447264
2019-05-14,1.2253276132848905,18.550648164641206,486.8249394768325,2.7031244703425177,5.597578037037067,-0.46829448879119523,21.2865544761764,35.2253653205853,0.32298165173676624,0.398025349084417,0.16914193871211503,1010.9259253675496,2.2940837781424865
2019-05-15,1.1811917918714365,18.345196387614575,455.5220399590058,2.1958076508961386,5.396201420861573,-0.870143214782259,17.126147530347424,35.27158532228591,0.32578170613483337,0.23260571916972342,0.3209272396050664,1011.5582795011516,2.501358363581083
2019-05-16,0.8698746888378289,18.747774495465528,406.78041153722813,3.4270257800958634,6.018780729533088,-0.17845624578551084,18.936675846049628,35.23460115648148,0.4013967362111695,0.24071069931923567,0.34315487311633763,1013.7750201525555,2.24301795525963
2019-05-17,0.8888910101468875,18.959051775203456,490.3695144671618,2.568375889788202,5.651621502388497,-0.8416068393066028,16.60859340733801,35.08412515827901,0.320916105734265,0.5343997131266116,0.17806232912652242,1014.8625957066733,2.424650438622164
2019-05-18,1.219118993461904,19.062143306536484,434.11212767266977,2.729200962540662,5.376849103693131,-0.22556321906912646,15.661532942735919,35.27440639205264,0.31580775398001953,0.4109374827454987,0.21543325853168607,1013.2699209109674,2.5697023299318356
2019-05-19,1.522765908650699,19.27027867205627,491.73948105633434,2.7336833471266586,6.434803829150437,-0.17608572514931142,19.10969693267396,35.33321514449506,0.30008170157651315,0.26917639903369256,0.32357198384330155,1014.7679892142615,2.3655435928337436
2019-05-20,1.4888576768184132,19.230408012923103,457.38375395219776,3.3224987911873116,7.879961714192073,0.9913824507800757,21.66117413925074,35.230219733275085,0.3820546700399449,0.41185780142737677,0.3467698784877874,1018.1519959523532,2.5002595328428265
2019-05-21,1.33256356251735,18.131917488427383,445.6440079620939,4.013409052476178,7.969831429310519,1.01294593262549,23.516105069806258,35.20165666345768,0.3612942014034585,0.18120538302853817,0.1339218270163433,1018.0707840242794,1.950677356418174
2019-05-22,1.3496538714697401,18.57980332378911,457.2650402630407,3.1577711901089884,6.07417501437153,-0.09935688776297485,20.028168507655817,35.26771844344898,0.349654824062733,0.3586594768754382,0.045941976008186725,1019.3351992269827,2.261988200960693
2019-05-23,1.4752734082771584,18.6004650234128,488.60117807303806,2.644024933329366,5.618584901602038,-0.905778584634882,19.85476050009523,35.15144272852828,0.30339410946490336,0.561139062630607,0.26704792274601663,1016.3576325761991,1.8694118193067948
2019-05-24,1.7398818842901573,19.165582921344026,466.26976725066964,2.573155625841756,4.805945940861759,-1.0506178898766467,21.144468880497183,35.12054024968773,0.29547996492804507,0.6578632088731081,0.2979363488812278,1016.3382584051207,1.7293024005320383
2019-05-25,1.4894235539830205,19.722519222263852,517.8234740048294,1.859366140375057,4.350598567273053,-1.5129792101001658,16.676474284778855,35.208645376748926,0.29465902255896104,0.5789496763852866,0.2708693311388848,1016.3785949539449,1.7127290230319459
2019-05-26,1.3253063727553016,19.47526840410114,494.25590984703854,3.2619534057749897,5.761992612573947,-0.18769427166689823,19.286133842745127,35.04673019825895,0.2995094327767436,0.6953129801799709,0.19945538568306925,1017.7732067986486,1.772401101978148
2019-05-27,1.1509531064473484,19.98488769929676,507.2472080951601,2.959025846142566,6.482338594788908,0.15028927817271853,20.558569700648967,35.10210025735878,0.2745382285286727,0.7133082116292542,0.18317217546748257,1017.7871509021139,1.574772935795936
2019-05-28,1.3653854059583912,19.7025123666697,572.2581899827316,4.055951235985419,8.019007558961187,1.0833534171311625,22.308527638252404,35.27365058842811,0.42205796145134594,0.41067892977695636,0.41444219315315833,1018.1913577572396,2.098551295361535
2019-05-29,1.5295447631035317,19.748566917787624,456.3092353441455,4.255409548936149,9.27510300755159,1.7682180951616846,24.815863241607264,35.04070692458906,0.5259503524201403,0.830818143008788,0.3050890172492814,1015.1121532175714,2.2072707102240776
2019-05-30,1.9093505447992305,18.857458494192446,466.6593533461147,4.2496918065321205,7.949828157807155,0.6620829462318953,23.265696067508777,34.806051081482074,0.4153792820780838,1.1763279171785894,0.3688428504009912,1015.8274169554443,2.2475927900545662
2019-05-31,2.309093185295713,19.648251967124548,503.3948313920225,3.6597267733683654,6.861311606534991,0.0456025782029945,21.985999731273292,34.799876267482645,0.3799838147995389,1.2101838247104737,0.21781840604286484,1017.0709438787087,2.4287990388422855
2019-06-01,2.969169130453668,18.44636306998075,426.5607370927132,3.53772409926492,6.420462013332803,-0.21955506245223877,18.71946877785734,34.766700935870446,0.39546887686477467,1.208564769334125,0.0,1015.7686361685525,2.3956519524671664
2019-06-02,2.231058808705939,19.4013143619222,491.5361750789636,3.6253773858647236,5.66667055876526,-0.6810405226171979,17.01045131556785,34.77555304660307,0.3345756369930411,1.3661311601680637,0.345174017586093,1014.750895528044,2.419736723786188
2019-06-03,1.8437698002093343,18.92919820170048,545.5756223826464,3.453348099580192,6.644109356132954,-0.932685987156765,16.21710704778003,34.81881418387237,0.3086605490503633,1.2529225771597792,0.29727083311329994,1016.9632199382596,2.2795477015150727
2019-06-04,1.5440610073839627,19.749873900339253,530.5836012723245,2.443874817112562,5.608775156998875,-1.0799334026693672,18.491378794447616,34.89084922040706,0.2702588643449202,0.9745974457383497,0.26346044238807115,1015.8684793881085,2.2778432875264016
2019-06-05,1.3070915866434094,20.150504829955963,563.0237065458861,2.7813468316151235,5.724460386489455,-0.5984340590235824,18.614025100706396,34.9042733404266,0.33536493305217735,1.1649469183770633,0.279200773132841,1014.6606360552117,2.808806625023077
2019-06-06,1.254864366882444,20.28071621700347,555.8643049687223,2.745309228211324,4.340573708868501,-1.2903129047586241,12.77455838344088,34.94461033843769,0.2666437055110913,1.159499910382121,0.3124016367068847,1015.177460326498,2.563022768841988
2019-06-07,3.1819825556389327,19.90479910943814,526.689993768787,1.9811708394569512,3.9781043890450904,-1.501398168308528,13.631959067437206,35.02468874385947,0.19866476348567289,1.0205530879194593,0.2600664998147681,1015.6424690411561,2.8004246331911857
2019-06-08,1.5047201464851512,19.817809005609355,594.5962846317615,3.0211033381685897,5.918308469478265,-0.15599056439431874,19.30500242189842,34.92071222006079,0.3136035652621612,0.9186959345518937,0.299786686668058,1014.2631675915655,2.14015612211533
2019-06-09,1.5201716453288034,19.45813017693074,511.5888818959078,2.581884705594427,5.2699144847594015,-0.6504411339215826,17.39284803528468,34.97359522461272,0.30635172129841,1.0236989096541336,0.2058896085748289,1011.7061252270113,2.3754174272954867
2019-06-10,1.2387890779521278,19.37959680342206,525.099197085734,2.6404825889029397,5.2660187425813545,-0.8766958250630915,16.135269232851112,34.87477543010356,0.307805711725084,1.2257818450858684,0.29223625785171026,1014.0309618699675,2.321752626174073
2019-06-11,1.1328029869412248,19.115389855546418,521.8305165046205,3.218521544661977,5.396957917700273,-0.5142533800458771,15.532967731691144,34.851239559631445,0.28800193355665304,1.1611045466335221,0.19324043852007936,1013.6820770305877,2.0653224636205545
2019-06-12,1.1713423778928955,19.386480551940064,589.2269858659695,3.669928192947659,6.002949845722818,0.012902767681192528,20.049183639707056,34.789797960486545,0.3525195992206072,1.5917514857218884,0.27090014098210335,1012.3719179666252,2.3879567646424165
2019-06-13,1.3329394965270438,19.90717211455623,510.38958050900624,2.8417533109335533,5.661100094210903,-0.7934155491212742,16.3684522211055,34.88028189604823,0.22788780066903408,1.3357107897672886,0.27826052013838676,1016.2967436428178,2.4025146097533314
2019-06-14,1.6714057289365092,19.596988214094395,547.785231497201,2.56256060645667,5.2703124711695795,-0.7348821542353327,17.46897770225119,35.035977896104534,0.386942486030657,0.7853875101970671,0.1892357360226643,1015.9200210135746,2.5276333359877077
2019-06-15,1.4887852732023317,19.46126016173797,501.5806439168189,2.893317408317841,5.413763128130384,-0.9991078840295868,15.242483286745546,34.965321255939614,0.23329626446336602,1.1471122644999414,0.3429339418474191,1011.3298217398934,2.418533869710745
2019-06-16,1.4351097527198398,19.715456216764814,546.4335063202412,3.144653318635775,5.91656613284094,-0.5078186952908286,18.12815412140205,34.94039297428076,0.281141780647444,1.0729498362601024,0.22472579393319989,1013.514529004085,2.6203941947016265
2019-06-17,1.4029737711432209,20.412503419715797,582.9031373001942,2.182619480572519,4.868415892220115,-1.463641359996172,18.272654020121085,34.95669411846309,0.26817849161877466,1.24761550572151,0.3894619896529648,1013.0074588877424,2.7583845521405754
2019-06-18,1.259958585258712,20.307826659275865,585.7273376740799,2.174322543892765,4.38270366550085,-1.812443722704181,12.205505514079984,34.97998372410651,0.21119258520248863,1.1900848819132588,0.4135422763820218,1010.377870885504,2.826350112922213
2019-06-19,1.2349862098718267,20.00838703694384,515.7457930959927,1.8243922478771155,4.07100191985782,-1.6335416829066738,16.147768649685773,35.12993175999309,0.24373908228045169,0.8880057671919326,0.45189588253817453,1011.643237773276,2.4034674289801776
2019-06-20,1.022276680130473,19.76530620894616,565.0435084150157,1.5973433242482722,4.926026165359034,-1.784184119456217,16.619614019278842,35.173732141921796,0.33202886288524813,0.6790064923251609,0.22541352944609183,1011.7738554071047,2.6665430893507014
2019-06-21,0.8963081217242119,19.700731466777146,538.3956103571146,2.1862952062427135,5.840760601832679,-0.5843110327629364,16.995163751632127,35.153488810110424,0.2815988404984741,0.5819680863925699,0.26890206030321473,1013.7288983328533,2.4352864456008443
2019-06-22,0.869398631808189,19.70942211282874,584.9537895079081,2.9510942760580776,7.6907480931880094,-0.1817503139670542,15.681168738978823,35.38115350217148,0.36197723630559403,0.16828565918011906,0.3249586145420972,1012.3618098345233,2.271486563104009
2019-06-23,1.2855546169848557,19.533992114134104,507.83738776706684,2.8049951043227184,6.5495789948922,-0.22914838201146298,16.586138790036035,35.31870315497635,0.3865058306546223,0.4867372379641867,0.1963239506770597,1013.7793059345746,2.1868937721508668
2019-06-24,1.3135379213691887,19.516821290932636,568.8500984956535,3.1489609949763797,6.4709324620560595,-0.3421044782680273,20.084027212864015,35.225373143943834,0.3704634456556357,0.6958486419374315,0.27736315505807163,1012.2009660373647,2.341467235410696
2019-06-25,1.4668900278144161,19.641680514159766,559.6395322209639,1.8756848832630841,6.093900057645178,-1.041892647999711,19.811424051415116,35.2752640965336,0.29935618274775716,0.6436228716144801,0.20457871404182967,1012.4703193723012,2.389665464603829
2019-06-26,1.5303463151526966,19.586083452679876,529.6112251536983,2.1894874957366954,4.006853899629052,-1.4335017428020658,11.948176829612523,35.31539461948602,0.16066554981431794,0.4657477426134253,0.23249382537743385,1012.5596297482654,2.37280923764558
2019-06-27,1.210219983815552,19.759586976609985,547.0987387498279,2.0837100427799014,4.386213065900316,-1.3369479437653233,11.700500771593866,35.14061003000662,0.25097653662422165,0.8982538930144376,0.28552850306108035,1011.1163828656703,2.4229143586721595
2019-06-28,1.1520481791517394,19.937956131831772,605.4162201159229,1.6185398244162283,4.456357263577585,-1.6013747043633468,15.138070131239036,35.252888716612794,0.1851312205601332,0.7453059212650367,0.5262564015862374,1011.1842035178571,2.3590117473128642
2019-06-29,0.9832072086621966,20.341912244997623,567.4055965194152,1.796916810250451,4.657382543072014,-1.572567703574317,14.09962654123076,35.1778274703128,0.24457397457243465,0.913079968213671,0.4962149597955397,1011.2833671796722,2.695883988490083
2019-06-30,1.0517734085393666,20.151671640060254,592.4809744474746,2.3293051265513434,5.664313461302423,-0.6858301379168548,18.137427630760058,35.24111703481518,0.2986514550148596,0.951359425699442,0.3098115630310863,1010.3857739364395,2.5453451476086557
2019-07-01,0.9130768097648643,19.38249175682095,561.2587097915584,2.1287382239496377,6.1137007744817,-0.8772027416794375,14.96519890694816,35.4807265066317,0.3032611523162586,0.43839474288592367,0.04139058547366431,1008.0088416281566,1.5857696106732964
2019-07-02,1.0309281776590091,19.64808352750521,474.61664440278435,2.677490546122325,6.919938113450889,0.19514331715506755,19.73047046490911,35.591605292044214,0.34513010353509715,0.0,0.3810875350265052,1012.3329105374462,1.779614371852526
2019-07-03,1.2229532199333673,19.11225635530936,528.7753461649622,2.632844406320595,6.12646527008457,-0.1695874433915012,16.317935417008155,35.45653714029979,0.27124348032347556,0.034653780860868094,0.2542097714847732,1012.5529003886863,1.8420628761052449
2019-07-04,1.3382925000948762,19.165359472380384,509.5878957200508,2.0122421325149062,5.358095008797419,-1.1268470683544947,13.248002373375487,35.30669392467039,0.32532363776288076,0.42791796450787817,0.23544922551816902,1010.0770255408211,2.295352460000829
2019-07-05,1.5289551064013502,19.529674430292314,446.8239228109074,2.3048790460958664,5.945733305592576,-0.18309720426372036,14.203551045929188,35.38688072655349,0.3577523707231097,0.459429341221937,0.28621798789930586,1012.7497369266597,2.353193151349997
2019-07-06,1.3659190552484834,19.008973809995947,527.4780858398716,3.1034174940500616,6.903530308215666,0.2199287977616568,17.492908830627112,35.30044687544083,0.37714915390822,0.4389000982167367,0.27558500544486675,1013.629912278067,2.28837414072246
2019-07-07,1.2133462663493264,19.45742271988454,577.4132987638154,3.18940583235802,6.724746716526399,-0.08139045940424144,18.09425690427537,35.092489068559566,0.31848405026042964,1.0870597404080131,0.3599480911849561,1012.6356594723201,2.6704052617745404
2019-07-08,1.2555289301406916,18.8984944596043,558.6094032415659,3.3297065675224005,6.715608357873487,-0.5942767164613125,19.629312506389194,35.02608906418542,0.3738778505291513,1.2338794818067158,0.24187111070473039,1016.9735786413487,2.7620581914728923
2019-07-09,1.2711602696426156,19.09017851822735,447.93708479862846,2.752764505494667,4.609734770438282,-1.2936240318473367,12.565665658367202,34.85656730923072,0.21583180267964583,1.427382527902901,0.2982568843351754,1013.9084766377599,2.6465743843257554
2019-07-10,1.0848710702642845,19.282583405524445,521.1324104217447,4.753136668005182,8.297770547931306,1.0532233038517254,19.621463120826917,34.95116834800622,0.45019532087751934,1.540387766787427,0.40264872363746945,1014.7557756459449,2.5850189996770365
2019-07-11,1.1580328420683514,19.04504292749038,537.2763732405084,5.1174277321122865,8.47327481864803,1.623474184951802,19.58120024790533,34.760056627624095,0.48162314732839623,1.757948585188042,0.400813853787361,1016.3303128204961,2.55888901668007
2019-07-12,1.4027973299098764,19.046764217213155,503.51083174960286,3.1834148768532344,5.242493332292769,-0.6240103508647086,15.707542931148442,34.78071316240137,0.3139819380679789,1.6899232393038432,0.36429586430939936,1016.2688487590648,2.4951913313353637
2019-07-13,1.845467415096682,18.872093205108968,511.53517889350866,3.9863477553961832,6.874772102700809,0.24468658524201528,18.179989579236434,34.95096169652034,0.3796591144947205,1.1897991788437972,0.22520798065289638,1015.2715178353917,2.0042214310113313
2019-07-14,1.718927556938598,19.246283973140052,554.3273841295186,3.1034544663490435,5.7730625378082205,-0.3424341898382095,14.4959874103761,34.894435386679476,0.3383665723896772,1.5060502046958817,0.2643183536245327,1017.4847989040678,2.4551822198537523
2019-07-15,1.6669079370351836,18.77158994630478,475.98269282240136,3.2038147571553917,5.616570938832007,-0.7751048499271667,17.128368980585886,34.9331784641996,0.2522271755147334,1.5087775665114391,0.25338397509245814,1019.0349164750352,2.369447660216802
2019-07-16,1.2669726773157843,19.052022183899663,620.3366269984641,3.9041915984935383,6.540319312948577,-0.555946433095165,17.55779403526583,34.78883616065827,0.33453043447866915,1.9230941256214311,0.3583047532217952,1018.5730028948402,2.998334978403233
2019-07-17,1.4498754097385682,19.291988708472402,568.6572682376515,3.889917201292638,6.42390818828393,0.2782876042491724,17.39728872120859,35.02711136969468,0.4052897867784315,1.2891994673656852,0.40542961736101596,1017.804649044103,2.4971101480493245
2019-07-18,1.5877053113061834,19.05715991074085,495.54916777483663,3.8527570996526594,7.111584623825756,0.6949176748009676,21.400560387932753,35.127205312188266,0.4132551625962266,0.950032019367816,0.296629003541076,1020.9484859799694,1.8367794603250995
2019-07-19,1.6754668633960421,18.8022350340685,568.2513856303159,3.874128953446731,7.646402254973604,0.5201822998429593,18.901838543748077,35.14526613587843,0.43535748115433764,1.1115782658778115,0.22571218274989396,1018.6200458962054,1.899564744341326
2019-07-20,1.9475960482892483,18.02442191079791,478.990576420479,2.5145974547739827,2.9691943598109063,-1.9254699560120485,11.0188694069599,34.95203601482677,0.08478538998343985,1.2362245300009207,0.18615468879167696,1018.1886217899479,2.242557514505638
2019-07-21,2.027784656898563,18.389831412879996,517.8419799837053,3.0369904845365565,4.296401951034247,-1.2421221108063034,10.29505632569694,35.15328672718452,0.29074886288953095,1.0739886036165802,0.2102601513662597,1019.621670650369,2.2555198437015216
2019-07-22,2.039974544512667,17.92124427931479,448.894827351358,3.294100129058205,5.881154843673207,-0.6643549206504805,17.32125536270878,34.99745938826134,0.2921739393246518,1.3800005719007642,0.38610459801442654,1018.1249828820877,2.1330159639668946
2019-07-23,1.5400885383177103,18.560211061145793,521.3043589733156,4.744229536719706,8.02965896603914,0.9810303921507696,19.7426808671833,34.937360860147834,0.459277142130634,1.4152353461107663,0.4140844151523899,1017.5928800415882,2.4742444847090184
2019-07-24,1.4337300175496333,17.935969687693508,489.4913279368077,3.6571177857912396,5.7238199473397735,-0.0692671229714163,16.03212712336283,34.95935097497587,0.3538018796243576,1.3321306672474886,0.3592419973593699,1020.2784480483454,2.43294938323184
2019-07-25,1.5787235568744233,17.503283173085983,541.7236709354572,4.227575764083815,5.326288667384768,-0.19540844736489488,14.930718555879336,34.97926617766448,0.29174530383696773,1.2117982858669065,0.1875783504517824,1019.3673877071135,2.3398909128478156
2019-07-26,1.4558455114961424,17.786614218120565,455.13542219791407,3.2167928074722467,5.138613915273369,-1.222664807025253,14.689327009221575,35.083770944591045,0.24855674623557258,1.0848804916013757,0.21212950735795288,1019.7687231022344,2.0953557533433376
2019-07-27,1.784418956429343,18.4489763573882,495.2591870705245,3.4890428536085407,5.522860505180257,-0.2451040401205999,14.661271427362532,35.06773563882146,0.331723935421312,1.2162153795060264,0.45481583080076504,1019.1808875834885,2.3260844914927503
2019-07-28,1.3353035828924098,19.110897140021187,562.080625420563,2.40888158690422,4.770313607071997,-1.4295819477859857,15.045017051064491,35.09217470159705,0.2773744099810274,1.2659785753126835,0.48166649654971344,1020.4740652199149,2.520056786289193
2019-07-29,1.2359873775427086,19.05964813425356,568.5830171253032,2.8860869484747176,4.57138511773836,-1.4488102757203885,12.101852226473028,35.06982286251365,0.27408533559085096,1.4142965531239318,0.41163793821058725,1015.9815982614112,2.317211150344081
2019-07-30,1.1040247835753614,18.614655210280592,469.2866019899087,4.248378979454766,6.352705483749344,0.7057083669970874,20.74056198155531,35.120252860960555,0.289189067232583,1.299549542592611,0.5569273324958939,1015.3839602976035,2.0012743888778957
2019-07-31,1.0939650904006346,18.300863048844754,491.52710052954694,3.527226276354741,7.231864287495221,-0.3327291482808404,15.611255151326432,35.09665144600446,0.268595368149217,1.1399877489533765,0.4078615366330828,1015.9979120305609,2.45721623869066
2019-08-01,1.4312063901665453,17.933459949762902,508.6541419686973,3.680519816575754,7.411291333653332,0.7970816738189002,18.77601851176626,34.97997625223211,0.38799033868543553,1.2650226032263845,0.3173756341373352,1015.3103481387203,2.2781348053646013
2019-08-02,1.5001512813320044,17.41970117404757,487.8002901535277,4.368849363724174,6.894528199793165,0.8690736282307667,16.226841151216053,34.93769953476096,0.3362011128195909,1.4120200793309214,0.32543573365325135,1015.9039395293435,2.328945777068419
2019-08-03,1.6649676932926338,16.92303195358892,480.78329153743965,3.3339132825117455,5.083185879806345,-0.8645537775797653,15.466371544889068,34.852479856857336,0.28851702027071446,1.600728819345439,0.28649217147226264,1016.6306325914178,2.487191099574813
2019-08-04,1.3867712183211152,17.34051683998922,496.6079831192126,3.3329117910244697,4.755696521310805,-1.6157031713619134,12.194221985239498,34.67855273789584,0.21752398652135296,1.960559345902613,0.532467760952775,1013.8181587996692,2.5164323957410724
2019-08-05,1.4856180107644157,17.78147136879771,487.2293500526152,3.735995133042366,5.821889871957208,-0.27645188923140185,16.537722014162494,34.7499081517465,0.3478693969062383,1.8467594971480803,0.3929679946529785,1015.3114725171646,2.701874654489169
2019-08-06,1.0887668149900203,17.80935828266762,533.4714262521612,3.4081611322246426,4.5374415411209865,-1.3190918024376521,14.983928263680891,34.8380586080922,0.31089833051095445,1.9078126215116167,0.24614026339241893,1015.5565197020286,2.2757569528575123
2019-08-07,1.092058447375524,17.925677635897756,484.13023305571016,3.8860438730065168,5.402120246997795,-0.4609487309654502,17.395370662275873,35.014917583717434,0.2886740024199902,1.4157664856112027,0.38080267515803945,1013.788149654181,2.0994106101006618
2019-08-08,1.2103551753814956,17.48276998628382,478.6538420415118,4.26164780747545,6.840893587991339,0.35245703238578674,18.375384467591307,35.030673124900765,0.362366002382953,1.5855761046425882,0.3950974342328753,1012.7646739152981,2.4321162465096497
2019-08-09,1.326815734775503,17.916023228192014,520.692307942861,3.8175473113396756,4.920082327320013,-0.3490362727856332,13.3510574121744,34.94896542457977,0.3013289143476605,1.4953712499405252,0.3569691493877245,1013.0266581824467,2.6365429021769784
2019-08-10,1.421011346547475,17.437049904067493,442.58391483494097,3.1093145440071575,4.649952516213887,-0.8609526016182669,13.610389282223133,35.06647644956413,0.23780417893612107,1.4554511301677902,0.45207161448013355,1013.3969822613126,2.7867652968009353
2019-08-11,1.4905202452496016,17.566070010978756,403.7613720918586,4.885466178776416,8.566176577373929,1.2591895935944204,19.226023152458684,35.09350086044371,0.4497537887664297,1.2223123204754254,0.39606344404769084,1014.2824814029046,2.4489050127960335
2019-08-12,1.6484119968511743,17.131653207440362,438.0692969908719,4.2273111432859505,7.361577230030634,1.1177740627983663,19.573739056353258,35.19463919167225,0.33798419980387506,1.117344452978014,0.37668391399732337,1012.3716451266378,2.439032469897524
2019-08-13,1.5485348401752366,17.366436798522024,433.97436975975256,3.8266944562294753,6.668965160695226,-0.06093370496244986,16.124555078222368,35.1202628247998,0.32092293727049653,1.1777938878317453,0.4632900453332847,1015.093337644205,2.4863788594301517
2019-08-14,1.9453620253633517,17.149890707703648,457.38805340688117,4.440536731083155,6.616666039183285,0.38670829270537094,18.31831874065295,35.01405708311891,0.3502556978091137,1.278505413877396,0.2991677913949473,1015.3460292011758,2.463668012905899
2019-08-15,1.9421142571477341,17.476642714242974,446.5593620356806,3.779714707325722,5.429582498417443,-0.5723046296702826,16.382294475109543,34.922254446863995,0.30842669661024485,1.552309252863248,0.6793781973856645,1014.2453175886587,2.692713138116022
2019-08-16,1.5298510988698384,17.05839596176235,463.73193712132905,3.2834088995353725,5.051747535642539,-1.137826995044919,14.510430264810193,35.040899889663876,0.261892120739963,1.2981054245316552,0.49512200699812303,1016.2229908621625,2.1578596094398326
2019-08-17,1.631577639641397,17.29500159460199,429.22567771051604,3.762447205810995,5.593606101792439,-0.6908939991169744,15.758706936727576,35.079607138436266,0.2743795233188215,1.5158041294261229,0.47032152218016177,1016.13760459436,2.7331919701400795
2019-08-18,1.393924791919106,16.697752991152264,412.45373562935436,4.587138895493438,4.886616119438806,-0.32647815549634324,14.360963689955662,34.97211946959922,0.31355187500974363,1.3692678035113266,0.4760494941481792,1015.2137550529768,2.2568747653786794
2019-08-19,1.2131174121536774,16.624891837615273,428.5324503903639,3.009683196888685,4.560641206850933,-1.5073778911060738,11.325497685500459,35.10360745096226,0.19897032248603547,1.4474340621114428,0.4568588297950526,1017.2271462561134,2.716984316090709
2019-08-20,1.3008881395122174,15.957068498672337,397.5242206281681,3.65897597041911,4.626202794679118,-0.22441343666236935,16.372999088149015,35.27171375220385,0.23631112031829285,0.967823861611242,0.29835811244898475,1015.0913688681089,2.5662057303210237
2019-08-21,1.467132365648018,15.720640235950853,376.86928236603467,3.6480199471580708,4.238316357236004,-0.4877104289962476,13.814079328727571,35.27452098960711,0.21389381947467392,0.8796004973631377,0.24245979581243676,1016.8171395553052,2.4447138696912987
2019-08-22,1.485489682277725,15.879560166118685,410.6423588617011,3.0327792833202745,4.431930493912015,-1.3589878862684475,14.935786295415484,35.21032419117404,0.2812120373836226,0.9903049025017148,0.37978820027677673,1017.0446774956389,2.080761902478274
2019-08-23,1.367667003253774,15.99436643493814,357.04174886388114,2.4160401577880455,3.901352981391817,-1.9440241060326848,13.721304317233432,35.19505532529662,0.2704623292490898,1.1732954265456845,0.39369545131715467,1015.045603733734,2.1727032594068163
2019-08-24,1.3161334709951165,16.526860147661086,404.0347319219883,3.1707289927195355,3.487493049486506,-1.5086911540072367,14.471423626529745,35.21053127746214,0.18318546210266207,1.3917941466464472,0.5269238045814191,1014.9968133964206,2.7617215507244515
2019-08-25,0.8142765094874086,16.61565777358164,437.60424068739695,3.545931813536218,5.3104154597904465,-0.7138104343677154,17.6952056569654,35.26578409274219,0.22988195885894486,1.272079795632505,0.3941068798289423,1015.7146625355426,2.920813878982123
2019-08-26,0.8588604335343595,15.728106571280637,409.16319831755715,4.039720626701962,4.924879393278588,-0.1856041046257979,14.498606383376298,35.1332607763783,0.28373855657699765,1.3095081836723625,0.34375389195234785,1017.5923907150736,2.61721293943748
2019-08-27,1.0767207643370778,16.033416262283694,463.955014304836,3.5696033433851557,4.294386096391854,-1.3601831128360748,10.938196064715868,35.041804362212154,0.32793053541360256,1.7637229565854966,0.5875084396171362,1017.1680943831024,2.985733391316658
2019-08-28,1.1760265188223424,16.798043122646792,446.79536469130886,4.566011579511019,6.710161334756488,0.4509774327197658,17.320751414322363,35.204621304255326,0.3489166071178735,1.161152281471438,0.588309023501491,1016.5356127030493,2.5755469676671745
2019-08-29,1.3632984620538504,15.993652461105317,469.35940361768075,3.369830200897682,5.061135966311882,-0.5542870507057989,18.925089073194123,35.26191633714812,0.23822610000606603,0.9445771006517755,0.5768932398168785,1013.9883863963503,2.4834313831381865
2019-08-30,1.2349935600379716,15.845856069707025,348.84016173279304,3.038234929353964,2.188900772316217,-1.3701279265477084,12.832280079138119,35.29095202417797,0.15691142445346495,1.0874445360939775,0.45863161678048,1013.3846890722745,2.518878923030675
2019-08-31,1.104818194859754,15.741296190436392,448.1100544154386,3.149321707344008,3.6767864779310346,-1.4416478107739346,15.635443655338502,35.221463141777235,0.2311886371930783,1.2632632333895941,0.4424543017877828,1014.0614461526307,2.738836821939186
2019-09-01,0.8869437881821944,15.261737167303805,336.7311519313359,2.379608060954306,2.9932429421786853,-2.2245724745260045,12.658796372580738,35.29380658575344,0.1488280718004355,1.043861226479064,0.3425178806532188,1013.9911304192248,2.476089978422216
2019-09-02,0.7915868876180184,15.562996356656788,427.1606338041546,2.5218709161658888,3.4146922005741995,-2.01861957952321,15.629161577762963,35.337335149779854,0.1263624918357819,0.9920721140271048,0.49635209322555357,1015.368901566414,2.5129261465263055
2019-09-03,0.8309122311525392,14.978421180206897,342.4412403400054,3.4645221082706703,4.693594650054868,-1.65981324218606,18.25836620952996,35.225931025417815,0.29347032945032253,0.9091979610585501,0.3080572724003906,1014.1296498125796,2.803001135298312
2019-09-04,1.002174927803036,15.19783000631175,325.23567720924075,3.6249241858759103,5.296348328548621,-0.722414790066747,20.962155630249168,35.254754491932864,0.2800229766995666,1.2570311296722751,0.551057850050945,1012.285603707227,2.8167448658828054
2019-09-05,0.9718150283207561,16.403981764187417,439.88617319715075,3.319489373884549,5.368805735855942,-0.607244827928633,17.955716763730873,35.28975006969163,0.2844789136610142,1.2736614860985385,0.5997173268882878,1012.7422938680496,2.844722552891024
2019-09-06,1.1656669578913585,15.922667235707605,433.00468810378766,2.875495155359439,3.3519690741710257,-1.9644741210318393,11.977963183241371,35.21370093597109,0.1726772312068437,1.216748040999327,0.7378964088102978,1011.4856779027076,2.773319178469326
2019-09-07,1.0556979879025261,16.324283930791786,342.52084547305094,3.0391148490875017,2.955598354833376,-1.6616824976775442,13.57347900450739,35.33893365494165,0.14014416259906015,1.3507813497061931,0.6447715392871247,1011.2926493481966,3.032036470318574
2019-09-08,0.7678883953355315,16.633359622970783,431.5003556186289,4.30134792033468,6.804382708976842,0.5356574507341721,19.97299547972682,35.35635485138646,0.30031858348990337,1.1336525608557124,0.6808928739343977,1014.3625440074416,3.031131989767185
2019-09-09,0.7444910309402366,15.590314180136762,387.02657466835205,4.554783039069646,6.321024661142932,0.13201188779960432,20.280920854887956,35.32035205700907,0.3181430896589679,1.334252410206238,0.4860367114556386,1011.8170586991234,2.9342806528768626
2019-09-10,0.7790375353534595,15.987322632581632,376.07879821939684,5.43468537590318,6.5146181993033965,1.0925398479365256,24.058933709017587,35.33380256460623,0.39346745895055085,1.217534688465375,0.5480985728379747,1010.0332834978494,2.728676038574256
2019-09-11,1.0096857840692297,15.559642331345657,355.7280883997351,4.491057224616371,5.174374720656116,0.039314404401064845,14.813017905917043,35.32778498661939,0.2913721579353291,1.1256801353566175,0.6136684861847432,1010.0311759975411,2.6630599269257624
2019-09-12,1.2330825527014477,15.125265375555667,247.73930691751568,4.020720355073544,4.515899525158358,-0.9123509292588025,17.204465405071918,35.121609702001116,0.3259606251162546,1.6242368572029253,0.5678299374580348,1009.6528344723603,2.8740730586202337
2019-09-13,1.4629736577621428,14.577817438647623,373.5564177606483,4.7817086970593055,4.443957512946685,-0.1521455334511589,16.392254646125497,35.16875336567755,0.24865890076404498,1.6950890634152458,0.4517588646666162,1009.1857892798259,3.050782982254895
2019-09-14,1.3929588680999165,14.823676510995796,364.2702585911113,3.246311373649428,4.654685322554782,-1.3474743715665702,16.39866714337407,35.19587819942771,0.20471550648170897,1.6135332375159535,0.4412785688864736,1012.7961884758785,2.641792670048913
2019-09-15,1.3337391645616232,14.438849607115188,357.71040656502163,2.966829546314002,3.151287131064162,-1.804255915625392,18.576178285138987,35.20490730297726,0.18633332244759854,1.1603887013491008,0.5218413831004576,1012.5498726086403,2.8870286134432295
2019-09-16,1.2352180956565166,13.658299341713143,289.17275363170467,4.178953097089041,3.197306009410135,-0.9866949833133842,16.833423300783497,35.00430559261483,0.14964137230920482,1.6658529578064576,0.4340599046099973,1012.7910617864857,2.831917147547969
2019-09-17,0.778876617489086,13.731856334331074,253.6186113296681,4.626372272823543,5.0057742780183805,-0.14177077899623255,18.559312243514107,35.06254209746378,0.2639139834331889,1.4011725536184017,0.31065405646546895,1013.694275476166,2.997917883728482
2019-09-18,0.6726054749942,13.515607869653333,266.92952140791806,4.271293998496562,5.064390172262929,-0.0038611959108176795,19.473168531249463,35.14797663238079,0.30624424961494295,1.2964367643226253,0.19293445922855956,1014.5331640829352,2.8228915589870716
2019-09-19,0.8527096632277185,13.39606659290698,236.59851000413255,4.836351026881203,5.265053732857438,0.05411386102753646,20.675407643108343,34.99650194768737,0.2515060432770132,1.300708096087068,0.45487187207243757,1014.7403219203914,2.714488756209546
2019-09-20,1.1524534487926943,12.706515742109294,242.45318240276697,5.716637925412371,6.519661091401778,1.4446568814988923,21.86353678748801,35.008144044107624,0.3434420759653495,1.6848564175478118,0.3611679445641345,1014.3145835263285,2.670723187445212
2019-09-21,1.240109898119244,13.604679099648498,330.20423871385594,5.49705581590544,6.194743676259952,0.9326590964050796,23.082091443137237,34.96841563041167,0.31788866187609244,1.7506438211540742,0.5917715046604834,1014.8400026259467,3.127468374275558
2019-09-22,1.6128096595264747,13.315097462212693,326.19520404366455,5.510412936651917,6.331923585859704,0.691192785866723,22.14713473605022,34.92180288446025,0.2998435008911999,2.020789617924417,0.34689439630889574,1017.3017329333888,3.0958714968107732
2019-09-23,1.724343882444943,13.406786689249891,267.24124598810624,5.137784465911911,3.997201948361037,-0.26873514091064243,17.452050559255877,34.88028187432721,0.24293249100092343,1.9829331274901232,0.4774240107224192,1016.5898481302042,3.02628659936785
2019-09-24,1.5974083853865084,13.712251638354635,285.9070685574719,4.867019932414993,4.827456492490335,-0.7026761107166275,19.243670562104253,34.92143640814059,0.18439222193560922,1.7753420276611944,0.5003751186587595,1014.6025241547617,2.924626747722252
2019-09-25,1.2236785134466615,14.281651308829124,300.4251349518855,4.155606354173148,4.653117106796759,-1.0610948533545366,21.139440407256565,34.9914930171998,0.23725240836717212,1.9725033329770318,0.512380484499137,1017.2378053304379,3.1051554526065224
2019-09-26,0.9604534798918711,14.531183222838768,286.51001026006753,4.1159979585642645,3.856968679273265,-0.8647700792605812,17.16260357104081,35.01306938619421,0.13450172138942496,1.8568596031601452,0.5203820532224657,1016.7330905614875,2.8128883929172286
2019-09-27,0.9912141293658105,14.857316190013924,337.47240415070536,3.391106633379384,2.528331188949503,-2.0140118074461957,15.569576923422577,35.063526418627404,0.15143420096224394,1.998859577035588,0.7495625737257522,1016.5523600377572,3.1181568838515035
2019-09-28,1.1649715522162047,14.549077794388467,338.717571492997,4.313572021445319,5.097461714981459,-0.7549021198460562,18.36064617049476,35.04534259438973,0.24903848939507792,1.9748733787978725,0.6743942492796872,1017.2495512679975,3.1934082253842164
2019-09-29,1.2623786212988457,13.96691860079836,340.48973149065404,4.0281671323354535,3.801948433795839,-1.241433260715691,18.382136444045454,34.95731643762294,0.19020385099062379,1.9450301103696575,0.5716532612890111,1017.475070033232,3.095996445630089
2019-09-30,1.0515539249690737,13.908416300732446,290.9104732016565,4.747814438733646,4.5394741027676915,-0.493856516420332,20.117962713459555,35.08389634865418,0.28907706532954797,1.7676015250493484,0.6473164852901304,1015.4761748151545,3.3277707399882193
2019-10-01,1.3036394762910366,13.299388904500706,238.4437954300296,4.517690252413157,4.724425534415554,-0.12814000453058477,16.055245387199694,35.09571524992143,0.16262621384445244,1.7172626532381392,0.4354674487572902,1010.9796964458934,3.022472582322657
2019-10-02,1.1665176633198304,12.923630180632253,210.97003016961713,5.232715305882604,5.491093253299701,-0.14026276417297706,21.69383098688145,34.93487310720212,0.2901417006091705,2.175480295725834,0.4000361943380998,1012.9441824473666,3.195865767691834
2019-10-03,1.266386574546006,13.53734611788354,290.85532706415466,5.376436260015278,6.76413430582385,0.5846374507848562,23.86356556790709,34.8952930520282,0.366472022433192,2.210718830845505,0.6442660644337438,1013.9329400455587,3.437817896039611
2019-10-04,1.6724939328016493,13.75605811397001,288.7548874872556,5.75028353665557,6.643310428602237,0.3244882259476334,22.395024720096732,34.89794569747121,0.3100888662239581,2.125523456260831,0.6360883177511337,1016.073716458914,3.125732166441291
2019-10-05,2.083486095219833,13.187347644792188,229.54456570877403,5.855842385693316,5.591561756502951,0.14000185335602647,20.61530410037898,34.88097425105276,0.2457923395782562,2.1808987648122606,0.5304215491750182,1016.3686769516438,2.8652106822840557
2019-10-06,1.7702390166683193,12.866897258156648,299.56081486424966,5.94130752522689,7.264282147783594,1.1486942520465102,27.23015822923667,34.99579035509804,0.4025831564904125,2.045171596957596,0.46908124201001894,1016.6218840073585,2.822853781980952
2019-10-07,1.6203618907026744,13.419956913486411,309.36628143665547,5.305533577961732,5.715835945702616,0.10944477707069283,24.334989176113023,34.92447095064987,0.2726942381331849,2.1855138246824644,0.6263403243125241,1019.2095824688007,2.6829769827597074
2019-10-08,2.150653089938771,12.642198190450634,224.88501542513538,6.430290053151186,7.082197201640694,1.0180313500674982,23.107668793895648,34.8311494776007,0.3970620726184534,2.386789771928941,0.7631536377387664,1017.5885566271849,2.4028775776404374
2019-10-09,2.0928626489484055,13.17788312460252,261.2141859647533,6.140704040481688,6.275869401835918,1.237901173155701,27.78808338372879,34.922376957049785,0.4010931306582839,2.1424845192824677,0.6159678686821016,1016.1354455871046,2.5648125723874697
2019-10-10,1.6180724591443294,12.32093118029496,200.03801098433132,7.206173142198566,8.792926549824749,1.695561750736428,24.86626337254523,34.73696817372039,0.4667632689910092,2.440611247583717,0.523350254750078,1015.2196260054682,3.0071823663610973
2019-10-11,2.359084982583394,12.792051702600261,208.144258950039,6.338297613275287,6.219002797079272,0.8401704404532819,21.54019332573992,34.849955266424814,0.30424168893692954,2.3676122212787636,0.6162780483678203,1016.0296010895307,2.9558987365189124
2019-10-12,2.441749091190614,13.244294851995615,229.34692815418265,5.487896312176209,6.677352487665756,0.7629777644954039,21.954010501247254,34.91596419798272,0.25705336746574764,2.0390871511927564,0.6253423578415771,1015.1814940359575,2.1420407369238164
2019-10-13,2.4089679219324602,12.583187740311994,252.23212033831354,6.05902238624389,5.516885732657438,0.6815377802562435,20.77060912507538,34.881699565591276,0.3233178951270098,2.0939189603845367,0.6332731869844829,1015.0953651716422,2.2223534726544667
2019-10-14,2.3214131928865305,12.016019112115234,179.04903387189464,5.306615050697415,4.329476152359332,-0.5578430135174696,20.86529623844908,34.94999744402522,0.28126307057545485,1.957193123174782,0.6028715179738036,1011.09239605963,2.263166457314602
2019-10-15,2.0771218227580523,12.300618471729873,192.23918167365628,6.078355621653132,6.800856540187091,0.6603367169848587,28.539164996007905,34.96021493458978,0.41195688997133817,2.052210278191877,0.6618161652632985,1010.0349641188093,2.6351916069623544
2019-10-16,2.04631238209644,13.062035073037736,230.33422580855316,6.091630735982582,7.803125677028519,1.093675500558486,28.477960863500684,35.09622582820392,0.36192567461141445,1.8906566056831648,0.5866147107740834,1009.2479735998289,2.6127217353379883
2019-10-17,2.176872821102839,12.617199523560393,245.10807286241328,5.093502444649648,5.661814208698145,0.30767116993358057,22.990224334244513,35.265352077579834,0.2749375285951047,1.6446750826726948,0.5716236638220199,1007.0297797038459,2.3168261358092344
2019-10-18,2.257825947019972,12.49601267619629,228.94967868404407,5.914206280549798,7.8193147026633225,1.2651015006772648,26.84836102196052,35.290620212922974,0.40160269970559515,1.2967200581333334,0.6024710496246447,1010.2281005154969,2.3216037602617865
2019-10-19,2.5306995597813735,11.812680769819151,175.3023094717598,6.342327743936052,7.5295231334144725,1.5681628926204212,25.32881672706656,35.25934260519847,0.34738984510215254,1.340781594701609,0.5297419502781253,1007.955767598863,2.720375646218538
2019-10-20,2.703870314704834,11.94595713253011,161.20664801773822,4.948520056098726,6.1826742005421655,0.33254342790765834,23.749936080634303,35.17152405817762,0.3073181698449322,1.715050514046589,0.4398191947022065,1008.2023753980679,2.517119995776684
2019-10-21,2.27833605973948,12.393042411114987,208.54300102258918,4.608537958665425,5.361367898682074,-0.4459800766575165,22.900212857292914,35.30887786149887,0.33441421019636064,1.3702521655791147,0.6560539243645532,1007.6659546375186,2.5493996079076977
2019-10-22,2.190815773890079,11.378303494866445,163.83053543611126,4.7897679857854785,4.134542746900365,-0.36060445738708313,22.71348776149587,35.215863700202235,0.17524535689627613,1.525587972637661,0.6827942788258463,1012.2659183404021,2.800005419142768
2019-10-23,1.7626114330906022,11.135453446726808,148.45470240149626,5.628845645649878,6.521110580845193,0.6563115276703162,25.75637012595515,35.1495463791379,0.29191367172983607,1.5373205839325934,0.6458230621353762,1013.8037859366227,1.9771588947736647
2019-10-24,1.6865290461898124,11.386296986432678,153.11287949634982,5.5799462842494165,6.374418812373227,0.6299135984922875,23.925646579609285,34.936726342744144,0.33699607011434046,1.7085273035409427,0.4369936758684623,1014.4171301291956,2.3670523314947407
2019-10-25,1.627262284160333,11.39648671584864,144.86753261964796,6.098934632889286,6.12287256020732,1.0094893145396238,23.571643197738137,35.16792814809771,0.3092913684199174,1.5835653362426032,0.7013800724250406,1014.2528979928508,2.922035978126832
2019-10-26,1.8966521126465001,11.620008319789267,201.58567410520487,6.021720146521837,7.089563506589463,1.707563401665548,28.94941207422633,35.2357387178511,0.34927598337751004,1.443884705369516,0.5362487361146456,1013.4399444473354,2.648105724758403
2019-10-27,1.9763195045961972,11.223857218085152,140.28724653932184,6.3009422100221215,8.108068568175604,1.7809300836978892,31.202011805022124,35.227049133889714,0.3664383853132667,1.3214155465695252,0.6089385811119588,1015.4897224943174,2.7586469703402483
2019-10-28,2.151815080577299,11.330510815208346,153.95769736025184,5.355418125232024,6.216362362675056,0.30349514018529616,25.416965976529486,35.2977251584136,0.3104064265011799,1.2335639483962892,0.5793266444132844,1018.0322878467704,2.4886513281427054
2019-10-29,2.2836972435364276,11.439535478741579,133.3383215533939,6.113246387793735,6.070045997618644,0.6121312355096189,26.810204266272642,35.20127575941808,0.348292595337395,1.6226919090888896,0.6382163844353778,1016.2305330421217,2.8765026924323003
2019-10-30,1.992977522104414,11.464468792010457,171.99574376158714,6.102139658890504,7.7397943633136554,0.984099656013705,26.377801094760137,35.27056673784686,0.4080023985416943,1.4441856402139035,0.4892212576865353,1016.338954739959,2.487047348143717
2019-10-31,2.1783582191603963,11.222804476539116,174.72026351793062,5.734548733631103,6.097618825278303,0.969325569358183,27.187427019741403,35.2908072764598,0.2686536731129873,1.526258283923206,0.6986286721229944,1015.8629813193796,2.3300463145764105
2019-11-01,1.9393173840693436,11.228221792809308,163.09712318773776,5.2403971112524905,6.988057677869816,0.6155141403599149,24.42707353968321,35.346919253932015,0.3188953021030222,1.276404405614129,0.6250438741889134,1014.3416041943741,2.004221607459006
2019-11-02,1.9589007808735936,10.804820042877285,109.35390046716842,5.198581440540171,5.846860883250323,0.24971830989656174,24.955179447876283,35.30351602596019,0.2475034848869468,1.479755508121194,0.4962003246666957,1014.5993521705972,2.671036820925584
2019-11-03,1.6119441182729748,10.79135928283039,169.78950438617497,5.431185905972512,5.8947399342340905,0.364868847276894,25.905072598586532,35.244272917988795,0.27952627714403566,1.3777703362667337,0.5680220309059382,1014.6651057965267,2.6495362625151304
2019-11-04,1.5793461417331924,11.4207753962472,175.72784853088174,5.488922058148073,6.505421323773464,0.9625838136624449,26.34491073660736,35.33932238484796,0.3586447470977694,1.3249886430752664,0.6862460931352503,1015.465062263608,2.11382665877125
2019-11-05,1.9871796777662225,10.998799040914127,151.47407299099984,5.7408537183297765,6.718376083149806,0.7217459460615903,29.905332495447983,35.262141956817864,0.2846563194888079,1.5224923254627654,0.6423219764912914,1017.1723559658749,2.299123115839093
2019-11-06,2.594672374378399,11.088999460859311,137.51436612919338,4.766302329434033,4.534143511233788,-0.7526390934833622,22.80710120728467,35.13897877794233,0.2118459577273516,1.638424063100719,0.5669237676444673,1012.8298248536814,2.971758540930056
2019-11-07,2.315323757027665,11.260067867067383,154.23049692704106,5.280832287133133,5.28286248729327,-0.4225130372112653,25.451641849590168,35.17702149233761,0.27715855303544684,1.6709770889926987,0.5299944955094714,1016.1763887753872,2.893373105222131
2019-11-08,2.1643535246929804,11.12857658767801,94.4598120770208,5.167067606913848,4.109398984261041,-0.4867423650954122,22.500025553316235,35.205107316000365,0.22607105211256284,1.541858130526204,0.6171998776569146,1014.3981974823108,3.1707522463740356
2019-11-09,1.639263721598366,11.544048743375036,152.23576937014954,4.720212986431092,2.9807164425447628,-1.2694562605376751,23.26488073304826,35.16158608730378,0.15004989963376938,1.5935680959085043,0.5495206315048982,1011.5656024600526,2.724348101709491
2019-11-10,1.4281518216156748,12.058894688620981,184.0026795981974,4.791307610693896,3.9786012652349734,-0.8998219505524919,24.380293954513693,35.04037200383275,0.17330232249043143,1.860791744015925,0.8180418441901579,1013.4938101601792,2.8203679485861697
2019-11-11,1.3115829070378535,11.337354205766353,197.43764023348461,5.522417602174645,5.157805109142586,0.13825971709058088,23.5378791333651,35.093398410960916,0.2916523743252728,1.8100741971796843,0.5906869136902463,1015.8751291889913,2.679815149241565
2019-11-12,1.438558057996731,10.85430626783941,146.09065164292275,6.1238198896563345,5.849102477574658,0.22187130286697138,26.595217220163196,35.00941840689799,0.31037731857085277,1.9686056591251775,0.7187421148643286,1019.1960958267539,2.6413447514419706
2019-11-13,1.5940946352672696,10.321772174648405,90.40508481218505,6.758195071429042,6.142789635354904,1.592407834841438,30.263005500287147,35.08680302805363,0.3597296763319354,1.8918556555793307,0.6423249345901314,1017.7320481752689,2.895783285533356
2019-11-14,1.628928194797475,10.619594666685225,63.833411064648885,6.528534844212132,6.514718766356535,0.8211098511419355,29.97495836377463,35.02900228184977,0.38737411416375783,1.8345616825498938,0.4698240291018455,1017.2617541866443,3.018535035850286
2019-11-15,2.1601711661948038,10.038096284319677,52.23061846760719,6.573168089287785,6.357779246647846,1.1259879170518445,26.69140893679207,34.92006078197269,0.323027884654538,1.9886499943569285,0.48037553611224,1017.349418940332,2.947410605039595
2019-11-16,2.5446986181027667,9.564173208206535,34.109937225436624,6.615399457006166,5.513979378180137,0.5763174632008202,25.98611228746651,34.89049228638245,0.23546356020615963,1.897369228190417,0.43455440258259903,1016.0264119285474,2.879815281500195
2019-11-17,1.6829913514335275,10.217802652566386,86.10700584897177,6.342031747636465,6.937340027320553,0.9519153543397935,26.171888600349646,35.02998167071636,0.3393188883272831,1.9392252770703466,0.6171525397042862,1016.9178934997806,3.1084670054067227
2019-11-18,3.1416188134326273,10.475020675584966,52.39456417966663,7.487433503508256,8.203637626726753,2.3698134949096397,31.817019842465783,35.04794135771785,0.43914175617915363,1.8406645364686258,0.5171240129886421,1018.0125896890294,2.9254894937337013
2019-11-19,3.8412545175860324,10.2633740456475,31.28351005661584,6.912154440411781,6.895162090847131,1.5282714596250284,28.963232856525394,35.184427273255864,0.2887817245928931,1.5829195062868768,0.6727778130569757,1016.9089855594258,2.5733906367475887
2019-11-20,3.4770435213170443,10.499552840842513,112.34718941758415,6.217022578964669,6.760444701364688,0.6610329552103604,25.989462687690388,34.99989019686973,0.31722658131215126,1.8496085539442146,0.6308309204434787,1019.0206144457302,3.081247774704245
2019-11-21,3.133945762921796,10.515663592425852,90.1941624931654,5.741600946892349,6.173879643615775,-0.11562773014747085,28.890388874906282,35.08148434384715,0.31209757970862684,1.7408270155283654,0.5834700039100105,1018.0437694417021,2.7351986011095812
2019-11-22,3.250844768931374,10.373040655613504,117.56097587351867,5.924008874597682,7.079147396337696,0.8471866839574514,30.427286773916705,35.080212712458305,0.3179327942377133,1.8359863680201887,0.5657123082341622,1020.0519506351305,2.6068269007817726
2019-11-23,2.7667163900171325,10.447244964432988,61.01820857173061,6.142351866002073,5.629630757010011,0.2856694819313139,23.931656559604935,35.016012209792116,0.33483329630775993,1.9022162916040686,0.5868515524107453,1019.5737896014618,2.888620278783
2019-11-24,2.2197525703677226,10.192016372533653,129.24550811508354,6.162558524209041,5.6102155087381185,0.2546130132786895,25.943863206172143,34.94198276495202,0.3076314583927782,1.9794090130908806,0.5216364540721857,1018.7359211032729,3.125929249651544
2019-11-25,2.245368499780403,10.24481202100494,91.0787942593324,6.407913440911119,6.240116667930651,0.5721432656964445,27.417944417417534,34.73890734806148,0.3132651143174936,2.229421375335723,0.5051371787757495,1017.136998467211,3.3528607899781027
2019-11-26,2.1129374382512487,10.897218147554332,67.6033098816699,6.409023772761548,7.392773507939116,0.6596319734785369,34.4904554527048,34.70456806880167,0.3300379735654637,2.515681741392598,0.4693443334704596,1018.727204968596,3.30427221488422
2019-11-27,1.8623077546579634,10.558493661596833,89.26179658620414,7.274333682572317,7.313373471052259,2.073828212141344,31.663008681654926,34.919831867926035,0.3777334650866324,2.2337477746954626,0.6228246129727903,1020.0590641943305,3.6920616191511026
2019-11-28,2.248268132682695,10.043336616726364,84.03801421999039,6.844388369533076,5.945807081259108,1.2964491089695784,27.122066514382794,34.975570145421166,0.34724677593404907,2.2737883745684386,0.696636150329949,1019.3617532130957,3.1039419894233
2019-11-29,2.8209661772289545,10.824397306272504,94.74257586815791,6.080514995284483,5.557559700593813,-0.09664496470241829,27.39099957489258,34.80385168858943,0.32263091301803887,2.2798278629191655,0.6409267817299895,1021.6085402489737,2.906649373190302
2019-11-30,2.932578184620388,10.84755234977618,73.42183477365418,5.851332804578412,5.735519625240119,0.28449294214609033,29.859838159732114,34.908760593773955,0.24239489383306434,2.098516766621749,0.6026889858767175,1021.2114748121164,3.044609088953681
2019-12-01,2.8952049995818783,10.37870236550867,47.65221691877014,7.501860941134225,7.214378616563478,1.789132248817461,36.48917360904535,34.96638364366281,0.38311576959225724,1.9961494151935537,0.616145909550498,1019.2629385795631,3.0592177760950476
2019-12-02,2.3934249074242144,10.611344734275857,42.52083126923692,6.181289718709269,6.71483327410384,0.8266797946454572,30.723288758245314,34.8842454790349,0.31017347240947624,2.203601834565112,0.5549189838605733,1019.4447420148003,3.5355773169217124
2019-12-03,2.4953358374152836,9.991596553171673,65.08794526171347,6.011570922663305,6.40648528022122,0.49380266795485994,29.589075607775957,34.9246164759746,0.3182074068150164,1.9597794162018483,0.6042460767740833,1020.5013117261988,2.8909121958960515
2019-12-04,2.847577055563519,9.96393418535282,43.307660634407846,6.0128669494361136,4.944109897236577,0.0875782950373605,27.76562544938725,34.87496170192991,0.21772059938521277,2.057509609111202,0.5790862788507141,1018.9387301492043,2.855642640076717
2019-12-05,2.5018519683220357,9.40133657405043,8.0,7.775415955988755,6.417916040878884,1.5699583211679382,30.069022238632794,34.73323247467717,0.314982671560993,2.240505624966521,0.46624721764972105,1019.6395663880585,2.594189906685459
2019-12-06,2.6720995682508817,10.450035269862417,84.25020973472411,5.8539104093336185,5.739000592520422,0.02621212074671736,27.96446748368827,34.806072969191426,0.2406558335535816,2.16720026362677,0.48454466484360065,1015.989599203651,2.584409002368899
2019-12-07,2.6905700441303315,9.714053364785652,92.68534706210455,7.639361031766461,7.603853818122072,1.5666205676034997,34.75482237337436,34.85505113937074,0.3419928814698117,2.367124079402525,0.44774743413989737,1016.1511642312038,2.8894509067214393
2019-12-08,3.205332733722482,9.42726187592399,8.0,7.745584871941794,7.777654137645331,1.9926230872328399,31.55822511135876,34.63588660254612,0.3282315714459246,2.360472500464624,0.45259002015032984,1013.5299485682561,3.0450965273949016
2019-12-09,2.946559456610679,9.228039080425834,8.0,7.663368810027601,6.587556019557117,1.5282848418363204,31.796437951756577,34.4925104712492,0.34310975919614495,2.6850285472223443,0.366654434909078,1012.5152421442887,2.4418259786946765
2019-12-10,2.8936353185893022,9.677203464771754,72.23036661434173,7.16768365452288,6.499036144662335,1.0382173277509936,32.74802019482502,34.52678398740203,0.3792105847218395,2.761751286941434,0.5506674897643188,1012.9643362117564,3.070068053507608
2019-12-11,3.2689282620257902,9.447049199084876,13.236921091471027,7.030356489449851,6.325334113254579,0.94107365027105,31.432415675762876,34.59632415139959,0.273749870049945,2.422522483646318,0.45274241799933,1013.2058490451708,2.621529815959379
2019-12-12,2.9605086334467186,9.479363090470521,21.007143316271026,7.120592388097285,6.425604012538782,1.086122842776661,31.309220961990018,34.70292889315164,0.2853436095459538,2.538396936000769,0.6228102858741266,1011.5804987569603,2.7542084444133783
2019-12-13,3.278044793575427,10.486215449222902,89.2876468056404,7.21661097450732,7.072862578255239,0.9888910602484005,33.98909527611605,34.79291978108779,0.3064725109102988,2.284355267802184,0.6542157566357467,1010.6100939350679,2.5181542180628567
2019-12-14,3.8623465375673094,10.545829972664919,50.32765661532132,6.655750504118209,5.765021644419118,0.7911164479300088,31.796730063454905,34.89839122991425,0.3359508981420553,2.0954380348312407,0.704298646557898,1008.2097169476783,2.5500115484317893
2019-12-15,3.181382788704126,10.9124778891698,95.06530457981589,6.114726581919058,6.339455407083808,0.5423502391703505,31.94710264132365,34.93479652073648,0.35416183238962057,1.8183772813938823,0.7490322511734767,1011.6559913923487,2.6761016292628104
2019-12-16,2.7025824986170295,11.061993089895491,42.14777279859523,6.616502447014665,8.194093338654568,1.4201929388793186,36.03014927067825,35.16119435465078,0.3229837240217529,1.735610904873472,0.7174147142899608,1010.2056123075378,2.618761673659827
2019-12-17,2.2386019987690475,10.742999224392701,98.6082077356098,5.993244271553431,6.223858971835818,0.5985053327442287,32.96108367007931,35.07217222190479,0.23565161701855275,1.8638825471464138,0.7197473709071807,1013.1164692390903,3.069875140672535
2019-12-18,2.2037080759536805,10.723717438278221,32.6321848346923,5.282888687629505,3.2783739307864623,-1.0978393690764734,28.790627157806554,34.971189468937624,0.16728869692232565,1.922078760599557,0.6503607543671316,1011.4678032686169,3.001612514200217
2019-12-19,1.9988310411601253,10.584182087578988,8.0,6.4877375493968925,6.799836833499117,1.0110864873506653,33.01891327676041,34.98868032900878,0.3734585184450717,1.8602620273075574,0.6002640113832307,1011.0578983482045,3.3791812403231756
2019-12-20,1.754776921016858,10.770738770776822,14.23864466185519,5.377607637840703,4.4425286104289485,-0.7554287115853721,25.48164532440996,34.93549135330813,0.20752710180950037,2.0434332542878524,0.6178936204498384,1012.0853864538223,3.393203467187878
2019-12-21,1.9739628130507847,10.739920253027467,117.79862280692575,6.022153646553949,4.739493336542347,0.01582944263026881,28.875957757729182,34.94061346083866,0.25513196629067414,1.902677673484572,0.7404096557477883,1012.4004714110245,3.6243847975710075
2019-12-22,1.838223580364897,10.77521178965757,62.73099760272518,5.880043852382699,6.11171886154369,0.6556510881148967,30.272991461967685,35.006936045414164,0.29638689573031635,1.9622130003521483,0.7413974998768704,1011.0916260323562,3.2149687468490162
2019-12-23,1.8699441556363616,11.366360783862588,66.12159845069762,6.679834505411542,6.705257284330376,1.2031649396127813,34.30409714913665,34.98385692203127,0.3616267964048787,1.9030113500504091,0.6545167121826941,1012.6135442821876,3.1006545322793375
2019-12-24,1.9550789906118835,11.348625884744514,82.75301355736492,5.558448172649629,4.943022365034859,-0.3613493456330582,32.36705265220885,34.89274100701597,0.29996754799263925,2.096082225776073,0.757292449849066,1015.4389867539599,3.081756027702511
2019-12-25,1.9384594151245578,11.776033431551294,107.88725611732767,5.8417306119076375,6.041303360788957,0.3947427058559846,29.41026716311661,35.06089053047478,0.26732295778551796,1.9038468973208345,0.9102242668723515,1017.1576342877637,2.8990505138022105
2019-12-26,1.8579586245920918,11.688712465212829,139.69663514736018,5.007042040535106,5.672595742276785,-0.37399390467306404,30.475681271754564,34.93812674460502,0.2490977411452541,1.890145510863266,0.6625546630708422,1015.1048179502452,2.5912395192023294
2019-12-27,1.6711098344681439,11.308843974955682,131.49171235465826,5.769375690671136,4.885062065248205,0.14838191528649605,29.71638205481007,35.04016858147016,0.23542833123664667,1.724519491784348,0.5932348641615954,1016.9128215728665,3.037677640751633
2019-12-28,1.7821979628970097,11.393510196240248,141.0387368815243,4.61510761976699,3.902722705745046,-1.248211404866603,26.36870269494913,35.16601374116564,0.17426403184211464,1.8227844374405597,0.7533792810219662,1019.8235367312928,2.846230170386036
2019-12-29,1.6780285877703178,11.446297010452945,118.88283741783476,5.331804883336473,4.598498649228853,-0.24286113854630842,26.11553978215032,35.143803856120364,0.2713456643459364,1.6584283892159182,0.6480840040433881,1018.0942202593907,2.727644317608139
2019-12-30,1.7474840647017753,11.538584351153538,101.65444353525467,5.1483251755991715,4.7652001931509,-0.8559656295558797,31.22412198505793,35.22753622117315,0.20900105643405348,1.4572256955315406,0.8310148706680114,1018.4034356688261,2.2159208453364934
2019-12-31,1.3926556884792152,11.584058766745036,90.24868605323591,5.4330679417269465,5.182786621147607,0.1335670541673739,31.052428556974082,35.25857908510239,0.28803376826878546,1.4335184416375875,0.6863599832815455,1017.6136422352688,2.8359302546462968
2020-01-01,1.3799121097795166,10.996543130623763,115.0182973347538,6.561767225677708,6.451066192880743,1.402851254295709,33.67752802936481,35.12206131885672,0.33082059556562465,1.5841112394029957,0.7097426570375445,1017.2586815586837,2.7627340151063433
2020-01-02,1.7578511495448113,11.294310359782761,129.2872953056992,6.649120152248916,8.31762570255371,2.0613484902946495,34.16792347806023,35.200947706839194,0.4009672488118473,1.532222179600518,0.6481361751512075,1017.185459887002,2.3993871898893886
2020-01-03,2.2920749909952973,11.258972979367782,112.93812581491102,6.030321947722553,6.0663718232254835,0.33343241023452097,31.2456408342195,35.10845018354169,0.34543935831699546,1.5723613822877438,0.7977978528988184,1016.4375045939973,2.4467590505110692
2020-01-04,2.6305687502156085,11.773380993941705,96.85178778506956,6.410770574405459,8.139496548701564,1.2022074724357872,37.74889607372927,35.290010567653034,0.3143276117375401,1.4639226218457542,0.6676720195055987,1017.8065462547261,2.7873443490052785
2020-01-05,2.014623152639818,12.110843428905806,125.99044759397515,5.787045763002149,6.402718917764727,1.0240888144112303,32.86582315040385,35.34137736614608,0.36228282378281595,1.3051245871674422,0.8850572459751573,1019.0564237895375,2.3364480318864027
2020-01-06,2.1844840310236227,11.683466030646962,74.97963019218038,6.175639935014538,6.496591930284063,1.4124699482269696,32.801503092088645,35.28466727571552,0.34194988110582714,1.3711058093661879,0.6486749458056851,1019.1874577444457,2.5307774770062164
2020-01-07,2.8354523256510555,11.765896136798432,91.36261222955021,5.721329066645092,6.643656631291926,1.3514646883688697,36.45342801366164,35.17468197675234,0.3143795483152525,1.468567360161937,0.5854906975822493,1018.0544399098776,2.8223743927808242
2020-01-08,2.988074917515271,11.841140145245838,101.08174093842148,5.831539393985605,8.364421835694992,1.6621820565270486,36.5281010766632,35.389158828013606,0.37858957208780525,0.9896069267093995,0.6914311039838554,1015.6991872516678,2.829123702933861
2020-01-09,3.1148666966772462,11.751814201197067,82.96642462013565,6.540466542659983,6.956997047268502,1.7838166017383585,34.94002911170741,35.23953704917281,0.35211186930718097,1.4439849690585185,0.567847175478113,1018.8750602835355,3.0332330019849523
2020-01-10,2.87786783031928,11.618461856889285,99.59756615489648,5.962872654966146,5.036817170138702,0.09630132612422776,29.945212178017112,35.15739069307245,0.31420190766042755,1.6314353870144498,0.6851069398109598,1020.400023726891,2.9863734998818807
2020-01-11,3.007427549702054,11.573576507776176,99.19920418692776,6.685368414820769,7.386036678131463,1.5258250423843553,35.20886969115922,34.9997807117745,0.33961162666169203,1.8161461456420478,0.7128641806136473,1018.5678796488568,3.2788100005491
2020-01-12,2.1855960702078265,11.29689502156529,88.83627325847195,5.123739482981754,5.351572939114842,-0.3208843600088757,28.194126715663092,35.070979041273674,0.30616865293566253,1.6761572569409529,0.6484099180605682,1014.9436148535087,3.3670983260493808
2020-01-13,2.1244339068638216,12.035802208884617,55.91544001862452,5.570556956405304,5.3551472926767225,0.30667831097866993,33.55583239385038,34.999953117586315,0.25905093655571204,1.6907784110097435,0.6306956041521753,1017.0042963950201,2.965795205160129
2020-01-14,1.8664899773944612,11.930282195954595,96.81031903887944,5.3058196001754085,5.416154053220183,-0.07150263714284363,31.724689617550464,34.94442882149172,0.18832405685901243,1.7729576185171967,0.7979673972897716,1017.639582342887,3.0745632280098327
2020-01-15,1.600537771292193,11.929980365167237,123.52216891283102,4.791169976786239,4.999568157604449,-0.5935415704214645,31.246720733651514,35.12810288508635,0.19454562919479992,1.58840003813609,0.4579453893924181,1018.0894449639703,2.885756937303073
2020-01-16,1.6256075139538366,11.933205244271084,122.71695073411496,5.385934164453801,5.7428649244941425,0.6682044130482883,30.006016794827936,35.241512209761616,0.29530072339713814,1.4384701371928752,0.6432513942945478,1016.5470852045146,2.5651748181794343
2020-01-17,1.878882308249495,12.123351259429988,82.99419187209875,5.427001794962986,6.367242023696747,0.22472432010733834,31.738117178590844,35.1901192968864,0.2631437845255197,1.3770656004778388,0.6765116388967269,1015.145791102022,2.6779731108437854
2020-01-18,2.110266316271597,12.072442352617784,175.04211831648715,4.497370762374245,5.4951584842170655,-0.44497193231244286,30.49458174104133,35.18136836990429,0.23712458900827066,1.3590299924933176,0.6450473163484376,1012.8638686638111,2.50574945819786
2020-01-19,1.9848743392996717,12.49537486583709,166.00129744310172,4.382316212838818,4.125830032885564,-0.9265753235558153,29.375901985058352,35.18630229165211,0.21703466074086183,1.5593032967232923,0.6365982567598524,1015.6202391869682,2.680742364304204
2020-01-20,1.705590500510974,12.079848764515827,110.0471243936214,6.197854749992172,6.4905813947667585,1.1693831926646905,33.85178551200658,35.00429195667678,0.3571769697388037,1.6956469053348024,0.5719959642155618,1015.8718612137981,2.480156493979511
2020-01-21,1.8801611860027372,11.968665859050782,45.714822101795164,6.484483197711629,6.311931439572771,0.9062780431911835,31.611586302280344,34.92751383536824,0.2956219797513337,1.836281335750301,0.7398944347385366,1016.1130913889496,2.771347339477587
2020-01-22,1.9763880866368695,11.921253988114458,47.38290339577298,6.351336637135375,7.960232480876948,1.1152365128849389,33.31511971871798,34.97165210065355,0.41807478558069316,1.8434288891679642,0.5253087009934816,1015.09034502603,2.462850180168354
2020-01-23,2.1928997612272885,11.999703723988445,111.90179819156751,7.007479537225713,10.029431478731329,1.9248740672449758,37.49464258244341,34.91344990961319,0.3833844109071405,2.070144561333706,0.6436062811022388,1013.3473699107067,2.63035258099092
2020-01-24,2.707060755911174,12.119525649967484,118.33274139893703,5.71413315690864,6.1211765152386235,0.5022811516467778,34.25602192278869,34.941075599230324,0.2806473174771309,1.5685629380351864,0.581010193570818,1013.1560234301908,2.249501354472091
2020-01-25,3.3122792953013653,11.98082654940357,141.05442893077398,6.558785906638928,8.360009850416859,1.3722652424048156,37.10149547797256,34.80375375119666,0.305709554597447,1.9748429010576252,0.5709745640405695,1011.6704685072568,3.247202687805163
2020-01-26,3.456764013295391,11.633959424374329,116.67686457975748,7.208410280115875,6.731087043721254,1.4622933624164873,29.597188712252027,34.77007804348766,0.3347954957689785,1.9703262305982476,0.46336400608846884,1013.988370044127,3.4190344595787616
2020-01-27,3.220558486610667,12.138481020391533,156.5743354575529,6.5477483510094805,8.204352935600308,1.7014483592477854,33.75597147954413,34.93272317056831,0.3796412263279981,1.8289570496561687,0.7057574885106485,1011.3790375801639,3.1730067230912264
2020-01-28,2.9095139449248317,12.971213320681873,101.70396133261664,5.029807131126007,6.889730581369984,0.2518753001646682,33.07902794174202,35.136455837519584,0.28781134988125856,1.4776595853330203,0.5530680461859552,1013.424344547407,2.796202909684168
2020-01-29,3.005139562165182,12.443574861659222,129.5851524248169,5.356131585529002,4.862503669645623,-0.6931841407723035,28.69016312778916,35.11457459960095,0.2287858904462643,1.442011216206864,0.682025285590631,1013.64726394321,2.27357365006649
2020-01-30,2.4390026268871057,12.606652438727298,158.98538001792002,3.795414399901975,3.5414149831768187,-1.812767844854481,27.470222286469077,35.045083876350404,0.19047852714086327,1.412109842288838,0.6384698443173303,1012.7570552774115,2.413851053999609
2020-01-31,2.0146986495784502,12.518550292449735,114.9622163351101,5.061137829958386,5.120690306331428,0.19336141823177677,31.344681380939406,35.09422582036044,0.2994186237665258,1.3452323271555424,0.48540672982168886,1012.2964491751324,2.2934111140851043
2020-02-01,1.4696527015731362,12.40614131194224,70.30141495801709,4.416216136577901,3.2680689618608345,-1.0186525558562565,27.597973133271893,35.223981025115094,0.18139439687337022,1.0193182394139826,0.5524545258042632,1012.2554930894773,2.1873902259716194
2020-02-02,1.2706344114456747,12.706844446607775,132.92249891814447,3.8022075842833205,2.273711458119524,-1.5661175195542332,27.35568318894197,35.255933092040316,0.14397801852376066,1.0285482637344896,0.4767158823935579,1012.527282543354,2.304289553006969
2020-02-03,1.3215932508276944,13.210224596316975,173.44249580262345,3.456334493309614,3.1165575465993336,-2.159559706304742,26.928209923680463,35.3401659933807,0.12674057126029886,0.9393938506384553,0.6554187243902316,1013.1745957397652,1.6190895638880765
2020-02-04,1.364254276552806,12.532697376659684,160.7532612083471,3.7021806886729527,2.2934478517611696,-1.5073149517578799,21.58164961223154,35.369936612191715,0.14198432185377644,0.6799858699945602,0.6461748897685297,1014.5133068665093,1.4511266341343538
2020-02-05,1.1927947712414977,12.923901396617186,145.60792940766223,4.2771464856416825,4.64327192201219,-0.841960187875201,25.774168110025848,35.44157764858434,0.21005291462547976,0.8824964045790298,0.6204892887029775,1015.0365666560278,1.5795759423952656
2020-02-06,1.054987050759453,12.801190967669175,88.18969937711475,3.786569221161817,3.881102343280974,-1.1202255043404428,26.737557360811678,35.24017823480634,0.20451508831522455,0.8995941905595536,0.5955150089111595,1012.242908473741,1.6557719135490114
2020-02-07,1.0447771402154378,12.462167067771581,34.911395375961035,5.634810790111173,7.190776304573828,0.6038886593838253,31.298639608983173,35.01475413006415,0.32144061848726213,1.5179750471234699,0.48397584179431685,1014.8489450189137,2.2608024023484763
2020-02-08,1.102661668186917,12.442008583859337,103.83459562649281,5.843691690625135,6.835355074025246,0.6756899562363659,33.39044679223043,34.97817484952117,0.31672248415215426,1.419252646629089,0.42880346565350935,1016.6685371732262,1.6906150824082802
2020-02-09,1.2865917493611576,12.714357546702292,119.5576924956654,6.33623354712265,8.027320217576504,1.4745205263689694,38.071171705910515,35.01773543956667,0.45157889287510394,1.4106807239107169,0.3880502170915466,1017.0848535127466,2.01542608978401
2020-02-10,1.4042018459384007,13.329335843260127,156.58021191633017,6.723727422810684,9.049119357143429,2.09589430339463,36.38847736155013,34.96998308424243,0.4800942794025528,1.5245147282165235,0.4671898225298342,1018.1742736550868,2.3889583566715196
2020-02-11,1.9425351051967663,13.053480885531846,122.67070345881963,6.390213118325346,8.680385161706779,1.689518797599492,38.354067077290125,34.955283175777744,0.43599316051978426,1.7016837249068797,0.577645111988136,1017.4872480636078,2.6813852099117996
2020-02-12,2.855800395076136,13.147437420394782,167.64145597008002,6.232007315873204,8.64595700212182,1.9538151789532545,37.300941980407536,34.93294601961586,0.49898490966798914,1.7514646486562873,0.43501723885368265,1015.5839708834453,2.914790441240174
2020-02-13,3.4600551722041493,12.816080271697142,118.92272390610127,8.010513437083155,9.384046013353636,2.9835575056423913,39.40166989447196,34.74966843741825,0.5028966624188655,2.0988823492757813,0.4244981191846834,1015.3183391270867,2.8701143084086467
2020-02-14,3.3866766964389137,12.340105303372356,74.423655373846,7.020909604940124,9.348256931299412,1.7640871672341878,32.650677370167585,34.61864434439552,0.3827442989859577,2.007889437471406,0.42978843099512226,1015.4632722944826,2.563626370468863
2020-02-15,4.145675075021745,13.399092582903572,164.68700583794703,5.085089360974152,6.000461873398154,-0.02279250930107224,31.64300102222242,34.864828470142285,0.3295680998120972,1.7750381763600143,0.3585675328248116,1016.7280420574814,2.7794577958873647
2020-02-16,3.880433561793664,13.396804833041493,113.67160805582031,6.303339779913852,7.8988566219743355,1.413111135628842,35.465829477185736,34.77641285099555,0.38739942676071537,1.8340357368068316,0.4935567055743326,1014.2438868719604,2.4369098216565113
2020-02-17,2.7091970385781408,14.17900417414211,237.90176515433046,4.73848544924463,5.56816291003454,-0.32530233907991546,30.377517712478188,35.01491673913287,0.30043161505581306,1.3952440236553778,0.4655021865423453,1011.4529718635025,2.1808310686319268
2020-02-18,2.223263582987819,13.832506717408215,203.50351726763202,4.747715400121207,5.228127778492453,-0.6466723733726074,31.396503857534412,34.981635650019285,0.2530518839527329,1.507708601845345,0.47524352962506444,1011.7562060386723,2.366046480001289
2020-02-19,1.7836153137127986,14.316081677646103,163.39163926065214,4.239910384970714,5.9185548559830625,-0.3075920110802869,27.33893418072097,35.078499386671005,0.2624658357092337,1.4415840229247479,0.5200045186148987,1011.601198597325,2.394821783872174
2020-02-20,1.585739733745444,14.76654921367157,253.46053239542772,4.9289877229258465,6.172167841459103,0.061657346395398605,34.27317405453697,35.20984234982338,0.30906386422348797,1.130219310691773,0.7460030381567576,1008.6695608368722,1.9857411075778433
2020-02-21,1.430596517756165,14.600499390152699,206.84135909454713,3.700986457370477,4.134811537854696,-1.535456125920323,27.52269772007935,35.06710829428729,0.2029503603570742,1.62566449457343,0.47115478056536225,1010.5646744952542,2.503532986184406
2020-02-22,1.601451723495523,14.998230831005118,243.56392714471122,4.404699240610807,5.591614096754348,-0.037786256943913146,29.624528747625117,35.16303297462877,0.28300991425050454,1.1670645092648027,0.5697565562539947,1010.4606315281451,2.494296557378148
2020-02-23,1.448104500873784,15.145772710156018,170.73912386740076,4.465141163115251,6.205629272986858,0.16696081623599884,31.053967230699005,35.16280977880273,0.35887021528085955,1.175198331957274,0.6443911076251111,1010.4269121007404,2.164172644863344
2020-02-24,1.5376289687284472,14.288768749653162,240.62541748566838,3.9339262482346165,4.579413449806524,-0.2681620268756057,26.911739877997153,35.287257617818305,0.2558135906676236,0.968579753304759,0.5811684122144772,1011.4350800420144,1.6870339493789694
2020-02-25,1.6363689533130792,15.203661693140054,223.4772775444354,4.183215720856305,6.418394094735624,-0.045701015266151265,30.61270729993666,35.39988597026481,0.33859472060423623,0.7724421621079677,0.537419236483594,1009.1370662460738,1.7767406498235148
2020-02-26,1.6458252313130635,14.550459588238422,199.10575588419348,4.705892457701905,4.274357798307509,-0.12772936277052638,27.049676756198785,35.196375154002226,0.2046090559277917,1.248444227881438,0.5027790435777394,1009.5780275094354,2.0574997473957666
2020-02-27,1.3717064496189582,14.646911688732537,187.34554396565224,4.624457453306696,6.08575171916222,0.1461687989450497,29.611188553292596,35.10020584180588,0.2954573249721111,1.212132047777765,0.5207577960966644,1009.7787372079179,2.1921636314823765
2020-02-28,1.3249252181054851,15.043543650942045,224.90256603456052,3.93490102615616,4.649136345252006,-0.5943917527558252,28.07161686778974,34.99790395903468,0.22973306143399724,1.2303342837532987,0.5395289685905246,1009.8800371112671,1.8386323182277076
2020-02-29,1.262603038139826,15.032404959783323,266.8108559279374,4.082010581573344,4.634430782604876,-0.8826755856323023,27.254374198516267,35.06889164794681,0.2641632411433775,1.2259351486323706,0.5167464530576645,1007.3525950589393,1.9103256404166753
2020-03-01,1.387479714943845,14.702086686553836,231.24904847368614,4.274231614815965,5.425965160091451,-0.43166082294045377,28.908365233741936,35.03055462989353,0.27233270044063934,1.2848949423398446,0.4496826697975543,1005.1973091178339,2.5000427982989724
2020-03-02,1.34534765432981,15.061494023373914,245.01759048130722,5.15207982793753,7.40420548238366,0.9748867732158202,33.279910319286635,35.07352131127172,0.40621386500893747,1.1064063640450148,0.49375924045080005,1006.6107006906582,2.4472739220972723
2020-03-03,1.3408261378682913,15.056885554053254,297.06888112379926,4.885856979163034,7.317101394565258,0.5645132336742253,34.15312405997352,34.92388485889836,0.3983393776534852,1.3195559362954818,0.5152130947907185,1008.7395951425597,2.820295400593688
2020-03-04,1.5709121457428903,15.677365833975689,276.1410175133697,4.427236206534318,4.969089773291587,-0.6523045071619281,27.231507433114448,34.91758108030131,0.2751536027829199,1.6288309964315422,0.6743016257911255,1008.1883819273241,2.5468820671047787
2020-03-05,2.0141523697816486,15.914817171285437,304.50628679113726,4.798852431106918,6.6749503774723875,0.0953611094595416,29.24295096694917,34.89261717528218,0.38385099690908075,1.5042633676132535,0.614240405114077,1005.8657460575815,2.9573328431805295
2020-03-06,1.6940374963617935,15.49173043362132,315.88723065639715,5.3102609710689785,7.360477209023807,0.8806572174210014,26.499497589151105,34.9066698924642,0.24780743290416296,1.6646997482222647,0.46419253259762033,1009.5783502513153,2.7294152188055816
2020-03-07,1.6914853528129012,15.17424857393618,252.70844367552837,4.337028363509674,5.8539667895773695,-0.42713447140041816,28.37806447324918,34.99721564136592,0.28834064426114814,1.392238746547312,0.644033641219345,1008.6076791012125,2.883260679216398
2020-03-08,1.7012851864498828,14.774508572641482,304.37235858588485,4.987779489167172,6.629069243908057,0.35258263646728444,28.086827548580796,34.92800571959012,0.370359502339615,1.2265999130088299,0.40445938686769484,1007.3326282472109,2.6272944882388605
2020-03-09,1.7109748844128485,15.09593436525075,251.63861633480292,4.472277133307376,5.3636813603351685,-0.9959477633402994,29.71079511739134,35.02389507950932,0.2832011811653012,1.0861648920346738,0.46365165245993345,1009.4104285572226,2.5080098176355805
2020-03-10,1.6351632574699115,14.885516559719541,222.58620026277407,4.373830527165809,5.978355780002961,0.11616289900783942,27.466433807763448,35.118079990071905,0.3236316028120868,0.9441010889035825,0.36632831581393627,1010.1899272298049,2.6189734576598345
2020-03-11,1.5933000632872993,15.152669254508679,230.7999662128366,3.639738310540696,5.26592891875281,-0.9392601649991779,30.865878131671668,35.04458563553241,0.24148313784092643,1.2358836652424026,0.47902595908028084,1009.4355325627912,2.701869063676254
2020-03-12,1.570530537247267,15.631392867235117,346.0516874715612,3.657759232187508,4.739641493223576,-0.9701034267421735,26.152255799247072,34.97823252420468,0.22960549820690546,1.3775462809660264,0.47683702148294754,1009.7069855920237,2.983240675328135
2020-03-13,1.5547349267491406,15.070963208750314,214.06330597707034,4.720267095468115,5.2434401095589465,-0.23502699246266248,27.46418283780177,35.04810900544782,0.2886246352502558,1.177398076012979,0.41818614760795086,1009.8704268993237,2.6309221567949437
2020-03-14,1.2494013727955704,15.61032972349857,286.47173640488444,4.337486430674855,6.419489576549446,0.001470432982565717,28.084242586437263,35.0502087869471,0.3309448151292565,1.1832512040395697,0.3227183054255117,1010.3203845010373,3.018747842021905
2020-03-15,1.23993305551396,15.921293137735569,321.9861949495349,3.708585332128833,4.491693456134464,-1.417419043576975,24.224474385718413,34.89696851184239,0.19332822590866403,1.4345085233391774,0.4252201978116748,1013.828422292545,3.564311251625102
2020-03-16,1.4205897410492685,15.931889463061747,244.04520379219053,4.131354579973701,5.868019626265645,-0.19405411199055322,27.15385036656463,34.92114969998863,0.26352788583609726,1.299900471086078,0.32176824719880404,1012.4438387577052,2.984378308469549
2020-03-17,1.426098062557769,15.933967912332749,298.9026353099534,3.7500345784173192,5.467751796996023,-0.41429621013130624,30.594891145108164,35.004601032161005,0.22616076334427943,1.177478657601376,0.2557772794943929,1012.2103353580923,3.0024792967229126
2020-03-18,1.3285272085532822,16.21760430373312,273.4115229832396,3.7454010847486683,4.319588154233028,-1.2923120205591214,24.05769627726796,34.961970419296094,0.2538957034787365,1.2884346864293934,0.5490701748836143,1011.3091649570273,3.174272875832439
2020-03-19,1.2806934524297928,16.10537622841316,298.17039698363556,5.064362518961865,6.358993473261085,0.5559033234237493,28.778521114276295,34.98676547343716,0.34098673954262376,1.2540793792866145,0.32422998553752935,1010.9874353737498,2.805760147422612
2020-03-20,1.129871145243496,15.750206524387542,227.2333184891238,5.375360143674959,7.554988165155876,1.1542326693587377,32.20720622156058,34.82746162836299,0.33957051117954185,1.4373130996940364,0.29733352953132103,1013.9781056893347,3.0433228248738455
2020-03-21,1.1943318110210182,16.112200477565008,254.32293031754807,4.1560601886002,6.642900746515847,-0.2466364865365675,26.364124359853523,34.90836537435557,0.3237587453215617,1.2130567376361623,0.38137530214399373,1012.3206456364147,3.088760922390353
2020-03-22,1.439765515491017,16.184046437427345,330.65690578195716,4.305534688891689,5.81772895614205,-0.004532263936947556,27.37820074024946,34.9240671771337,0.3293842476220053,1.322271470637508,0.44680224110478267,1016.8264171460501,2.6261515939098357
2020-03-23,1.5405859537684965,16.527416698017667,290.99114153673224,5.125860254883953,7.795502723616061,1.0823989793989872,33.15960909777279,35.0150682748995,0.3824936374073828,0.8733980698650485,0.3416620106770974,1016.0310333816117,2.417886228581775
2020-03-24,1.8429008139558913,16.253840054519177,306.7570848371224,4.693971074114051,6.543547263688183,0.16743285395072427,28.335938361043752,34.880040856416706,0.37185663154349397,1.2480575734774852,0.3626522984312416,1014.6693339227403,2.244819503328309
2020-03-25,1.8910488144351474,16.903067542004415,302.8094838296209,3.3747155858159674,4.698394777634913,-1.67611136992863,23.570211850711708,34.966683920752956,0.23072379176148086,1.2816338375713263,0.5756911698402003,1014.9441976470146,2.425151512821068
2020-03-26,1.6473929531156988,16.858906312363732,400.43771933757455,4.327773631921359,6.880013644575559,0.5673246800869057,29.871632158157745,35.090807896574525,0.352199771709072,1.064354910954003,0.4407938970977712,1016.5382393819285,2.417409984471172
2020-03-27,1.4901269153306502,17.010463533996063,309.8250920591158,4.179399378366393,6.344227773318982,0.04182512817000497,29.604686253097377,35.06460265187597,0.2631568231279201,1.2624840668065622,0.5183964591344742,1016.6842792190955,2.5022851185979054
2020-03-28,1.5552625785392085,16.793381065692085,295.72257263446136,3.917879709167408,5.706781013321501,-0.3157792278403009,25.50246182762988,34.92855777519127,0.308103371531952,1.6239027418368899,0.42273848642824635,1019.5686652146627,2.7861123646006924
2020-03-29,1.4203258674279056,17.374831591309558,361.45650623777703,4.82319402842523,8.204314962417438,1.1813850893382227,30.63534433082392,35.1258655178677,0.42885566535757574,1.1863811857842743,0.4108658495166325,1016.9788244600633,2.156232558105099
2020-03-30,1.2945576102858392,17.43684523532921,351.57863606637954,3.5672780776144086,5.600993632448052,-0.08878038849285771,24.659326796363253,35.23193033729551,0.3402059755124535,0.7124625250916854,0.5280125245371303,1016.7200783613928,2.1806064767286513
2020-03-31,1.3071350020424075,16.933227398082916,353.2205985373254,4.036285529168356,6.553606277105402,0.5214295140575911,26.595969059630306,35.15085760143224,0.35349562529711515,0.8555763969643817,0.4012614946830712,1018.9894682170511,2.0341813680988285
2020-04-01,1.588264720892352,17.382120186360726,373.4514726454353,4.011634867178765,6.869770437326228,0.49818817441237484,28.019995865810206,35.275724118500065,0.3867608341211261,0.45893958037967253,0.4736581938624811,1018.1054344978172,1.354375751989547
2020-04-02,1.5266183699678746,17.47329297943337,424.41590416561127,3.7729488987757245,5.749782904070225,-0.41511340039259925,26.598497075870014,35.33292564942804,0.3115201844732827,0.5395992522012745,0.4910841141907508,1019.0659261924071,1.978400758235325
2020-04-03,1.3665445824712796,17.497657892794628,335.7880092487018,3.8328128638759202,6.522521553805992,0.6287746439615672,28.806544073840463,35.379680048493775,0.3721889152402736,0.46037851599282426,0.31551969549226483,1020.6860155583303,1.879086749842967
2020-04-04,1.517882019541949,17.0224171318459,372.29892420755993,2.83712781438089,5.472520534439019,-0.6636318325362742,24.480832460780277,35.244069197813864,0.27799352528388754,0.4722782011216299,0.40325408195298407,1015.7105321450191,2.0576937038653043
2020-04-05,1.4801617460357086,16.805408754019155,343.57026334405293,2.5524687312087435,4.7507799880822645,-1.5524188564888775,23.33085879008996,35.10521899668779,0.1708928094175915,0.7929367482193924,0.25163920876107376,1017.4376532312727,2.367305037861208
2020-04-06,1.2745434455586266,17.61539417383209,368.7130890938311,3.5435279368244488,5.093551899516125,-0.6115742500569951,22.04010756741675,35.09226881565072,0.2883705676803323,0.7780238939055835,0.22438288505831674,1021.8536385531492,1.897817967850102
2020-04-07,1.1480402271939463,17.591117790604336,391.3225120423519,3.3992343847852573,5.908263453365202,-0.19637762275215653,26.589619117674136,34.918980985271524,0.3323488513852268,1.0661255195500607,0.3233929664816977,1020.9331109432538,2.596249791941327
2020-04-08,1.0330181457187932,17.599560823233496,397.750529521519,2.8819167740515383,4.862163218345345,-1.2381363293021594,21.897415138593914,34.968123801898976,0.2640411407004848,1.2120985535468938,0.4370542907246389,1018.3845428358214,2.477722221831001
2020-04-09,1.1417626401959167,18.21750321849354,347.22604396616646,1.980511826378674,3.7206501201713307,-1.8896456609491619,20.248061533068643,35.00587382175127,0.23047522736617268,1.076329943135074,0.3388364791926968,1019.6553417118773,2.428653841486399
2020-04-10,1.35048527676125,17.630517166278757,382.68678576923116,2.572598149224398,3.8370211877296327,-1.9778879909182783,20.98752236525409,34.84138241355029,0.21266631162946317,1.0179021946032534,0.36988638980070004,1019.2161498830408,2.1236563831937447
2020-04-11,1.20810004851301,18.245513569594486,395.65046312489653,3.2676215104348554,3.785026678575307,-1.450512100093188,21.86661275249995,34.9692549256651,0.2241448851887239,1.2584658683484065,0.2919694284637974,1016.7156325418135,2.4980169512115835
2020-04-12,0.8783671434889541,18.41863967580948,386.3715581192555,2.7678126839775863,5.997229824968152,-1.2024225108199103,24.354990696269528,35.18415489681343,0.31569719322783096,0.7674626886874278,0.40637652659329854,1015.2956221800504,2.128087503884986
2020-04-13,0.9468568915269922,18.30883571676798,338.61618399035103,3.149796670243261,6.858792738206541,0.09874371368671131,26.308456588293097,35.15210010474698,0.37415501242018967,0.9049728461837014,0.32963957698388063,1013.1136031488954,2.0037042826394105
2020-04-14,1.0320720177718334,18.860543685055692,441.7615573844491,3.0760929509232957,5.207552276947849,-0.6723505442741703,22.38117540796064,35.06515567605703,0.32892989465874956,1.1429217480916214,0.4381561376833613,1013.8272440569092,2.3811376730140084
2020-04-15,0.9367983375533694,19.27650498346067,452.6389945140788,1.8414206833159852,4.986666052615712,-2.2753922757099074,23.45904409137242,35.16151783542785,0.22433555164578337,0.8532700731006674,0.6827022367715827,1013.200634087208,1.9334386485192583
2020-04-16,1.1091199858716885,18.889228056231133,476.1567776835612,1.6152317633834439,4.222924291247393,-2.1312736794323905,19.402534249646376,35.23581253508196,0.24622469782183018,0.6406100489787883,0.4140344377537762,1013.9460817341046,1.86668184966244
2020-04-17,1.0854867243500759,18.128932626617413,408.70886457346353,1.3869448572278107,2.894423592117977,-2.6781442919563907,17.76396092828626,35.092726312112305,0.11711159956028275,0.8056698511374315,0.3233522383412851,1014.415049698184,2.0831755534903094
2020-04-18,0.8934122015748872,19.234002606169078,525.6559718762112,1.4625791000370876,2.7310033410224297,-2.6760049219014372,14.678212964224134,35.200724728334556,0.14880516479636924,0.7008669419996214,0.35600835098293826,1013.4852839131397,1.88970189085892
2020-04-19,0.7585689066401669,18.95474601192389,455.9640747741,1.2512208320434584,2.13868071478073,-2.44258843323093,15.556043670812276,35.242390762327354,0.12577504703739487,0.7535742297096275,0.3635688118503858,1016.157936892458,1.9883832422124628
2020-04-20,0.577460337623579,18.826378283979,485.5647084728056,2.7116175427828964,5.445463588339602,-0.7427628089204645,23.11486973447013,35.31765964362941,0.25658144499286256,0.5033893320306252,0.39119589296836127,1015.840258690437,1.8892432161014143
2020-04-21,0.6811139034647992,19.207763821681723,466.5521169812746,2.2606046414699623,4.711457969294965,-1.3969757939960359,20.313055900360578,35.28385156075724,0.27129960958962995,0.5998976412968492,0.41002709625376177,1017.4120935104472,1.6293598498300452
2020-04-22,0.8859609045933898,18.68223573772312,447.5519060892851,2.4740368872956657,5.237453425530714,-1.3979161436604113,18.674411996104617,35.147118709554974,0.19716600393500888,0.8044863082620044,0.38065608869353923,1016.9073209853267,1.7102059808315595
2020-04-23,0.933550099292791,18.993418728231,491.4401692507373,3.5293137990213754,7.220250584690981,1.041412973632242,24.49047356048946,35.235524645829344,0.35117395254255873,0.49320238539047184,0.4242821781536721,1018.6603492359528,1.684780048487763
2020-04-24,1.1337213934354922,19.512028107240678,429.28992281238305,3.0934225357498057,7.29994235514121,-0.011440844100332609,23.52615447736951,35.331732364077624,0.3391557609942692,0.5461271115557733,0.3687305996886099,1016.6400101485038,1.7885311943468014
2020-04-25,1.19018839611737,19.32318956927125,414.37281637579923,2.858279110197635,5.963843967842706,-0.7836312946445156,22.178265697812897,35.42105043140615,0.32148041985624454,0.46368644948447785,0.36556868525883457,1018.5990775136231,1.7831960545923462
2020-04-26,1.2641665198026424,18.833331195282,428.9049049732705,3.859894605848998,6.192950766712024,0.3569084040580533,21.65189495202941,35.25908090232684,0.2791049992793769,0.7153043378017729,0.3264566787236354,1017.8807255932487,2.111162680980346
2020-04-27,1.183114366560585,19.276519610789574,440.68325255790904,3.6139724504568473,7.962567984488487,0.8525405582424816,25.385915294501977,35.19243038389271,0.40689873002755433,0.49564905089396377,0.42417368173435627,1016.1644713718462,1.8557176077219675
2020-04-28,1.3879723012186844,18.873386438177864,482.28503075122285,3.1800380908215247,7.002679349317669,-0.00041236899592786425,22.844900610458485,35.090145053277936,0.3918020774127629,0.7323956658879542,0.22799712974794084,1016.9825600784617,2.183938718562202
2020-04-29,1.5173828494348154,18.96630491805671,413.04721849212297,2.169177405053404,4.907644175748357,-1.2125884758067131,20.62956418124907,35.17184871624753,0.2664063477973828,0.8007869434437567,0.36390243773389724,1017.0475109737686,2.1210977563945232
2020-04-30,1.3557165130480546,18.95462086327267,470.50796074431867,2.7425512817306177,4.008540156987083,-1.0866495732566344,22.095242717595724,35.1797066390562,0.31592765665976275,0.8019140035615464,0.21964508314533207,1014.8172668162598,2.5295284015912536
2020-05-01,0.9666552648070262,19.329532059154904,493.98760638998056,1.8489324568787293,4.181921966504014,-1.6470194779345384,18.56987940615366,35.31444825837137,0.2242052269210091,0.6154152646931054,0.5126295746319313,1015.2431013756666,2.1279475181846106
2020-05-02,0.9458569419234398,18.99932105159398,445.390162369267,2.7237286090921304,6.689249069466331,-0.5028492973889175,20.89963058008454,35.25009221172731,0.3014919953193022,0.5989091286064517,0.31449387565731884,1015.5126929762451,2.420806485593618
2020-05-03,0.9822696863275404,19.415447258139487,495.398044273236,1.069223352767867,1.8881702371255396,-2.6865980758132615,15.674100738958629,35.24186153663317,0.10564488892011671,0.5677896129008174,0.4095948054731685,1013.9719146083473,2.303568817262294
2020-05-04,1.00689400678417,18.926171242091023,461.4696752675385,1.6654762060159438,3.6462790854692275,-2.455778134301027,17.725684593117187,35.10137067060545,0.200532857429737,0.835546479615098,0.2982491388773371,1015.3437120113791,2.3645523831065716
2020-05-05,0.9864079333923218,19.184725627980082,508.1370581500328,3.2905129519006353,5.955978694085508,-0.674603111224176,23.540823271141072,35.153972151360634,0.28278649937194694,0.7519185485716943,0.24431373837857917,1012.3584922015278,2.849317972647725
2020-05-06,0.7677718098760702,19.346222157207926,507.9469340099533,3.8202673859571883,8.360959000174745,0.327474736748839,22.15018212054778,35.09853741488944,0.3804801082920462,0.7641799871120126,0.3771207200992913,1011.57332577378,2.370002799359061
2020-05-07,0.983795075417213,19.459296343291975,495.34980294384354,3.9912730792373066,6.443937556291049,0.3616390501332726,24.792294074367888,34.93826044576411,0.3065926955219017,1.1420987258672588,0.3850277316314539,1013.3700685337485,2.615934200587475
2020-05-08,1.2857029019715587,19.22333345103516,449.4526545290524,1.9918597161438918,3.716747179037822,-2.050263489039115,17.819155411627573,34.90688168754072,0.13785009849258767,1.0353291450247921,0.2337987388513594,1011.8101504224139,2.5245007310375884
2020-05-09,1.4208047533102925,19.675141764340424,510.68453744208495,2.7742310979126263,5.533449814529717,-1.414576339157199,19.822868779583924,34.94912330977677,0.3224325792321821,1.1538684598366937,0.19103613787363,1014.9077871374543,2.5911116648628583
2020-05-10,1.3092286476511341,19.903903193590565,488.6110294335749,2.618873233189563,4.497119777042109,-1.4828296499954385,16.48538625734623,34.921019316947095,0.184541041969965,1.4075495849615844,0.32172207373429706,1014.8932037799156,2.632601721356993
2020-05-11,1.1295735603606796,20.154360689404324,553.5795415213101,2.7653411159546253,6.084447210755819,-0.8869756948502119,21.051920925194356,34.82115387130489,0.37835543861386556,1.4212965586095723,0.32927530543391675,1014.5523072558775,2.0544225749964538
2020-05-12,1.0243516876316525,20.086544887218654,470.7520943229856,3.018756863852709,5.776050844574795,-0.3834351263124271,17.8522544158483,34.89346632260062,0.30359648573439446,1.4511965882844775,0.39848860883290393,1013.3582641494461,2.505222966441111
2020-05-13,0.9855840627459452,19.820851008592356,511.7567250589361,2.2533627772289253,5.446059593324295,-1.7652210144232938,20.27641966846191,34.9558246242873,0.26969904351589225,1.0035282931280602,0.4366516128680594,1012.9224247398083,1.9921896671683457
2020-05-14,1.0350468154202341,19.03224955225202,466.77130109555645,2.266004600862408,4.162649133234886,-1.8254011404267283,19.791604591446063,34.87573791434966,0.2661865822869193,1.1399261548239554,0.24227891869446933,1015.8442510309764,2.3637971391378803
2020-05-15,0.9618803894323616,19.439041381099194,397.8434180459832,2.840633783484309,5.798518536054022,-0.6163802859019456,19.266536833734992,35.01945287619184,0.33463622901147305,1.075587043215898,0.15240447234615803,1016.4117429137186,1.9997797444836267
2020-05-16,1.1746089037516174,19.861245486894628,469.30359099375045,2.150148846518241,5.306700377821608,-1.0162119453672973,22.90515446840514,35.0562618233576,0.2991580878727038,0.9501953910386588,0.2586612599764621,1017.2884496248874,2.3544655085907125
2020-05-17,1.2153632764827305,19.430896515071566,513.3125726602924,2.7278293869784687,4.209915387608205,-1.1445240175746838,17.88361628727672,35.094509915287254,0.31535121759972157,0.7790272751427929,0.46699027003558,1018.5219860582686,2.413180632893071
2020-05-18,0.9588294788410264,18.680103935566237,442.2747354633898,3.436425465299623,6.082213408841179,0.159043365213428,18.517550179912103,34.98618997562216,0.3567768025962924,0.6247058898391997,0.1377190838874098,1018.25573970253,2.4938190327258805
2020-05-19,0.9394279528005693,18.67867295342836,425.5621703017099,2.6422077886474504,4.919851277147905,-0.9097206961916292,16.696026292719843,35.08733808815475,0.25099824811062693,0.4949833820131529,0.20127674738529472,1019.5484822605607,2.31601624407831
2020-05-20,1.0625296597282592,19.293802757217772,446.90139056721773,2.9785333463763037,6.741142770652907,-0.06142392579423639,23.33376950762885,35.1547330861504,0.4298334926622749,0.45751178386742125,0.23070912542291327,1019.1616613001423,2.396358342842315
2020-05-21,1.17873812709264,19.5234297469301,548.3495219647193,3.436047943199154,7.98599872802816,0.8657821982323454,19.984687205099007,35.2672426287867,0.4412155336002253,0.7536012548343087,0.14575848644735173,1015.9765989786542,2.4028349806431613
2020-05-22,1.3576129895117268,20.337873024451422,569.4791310849855,2.823063238726655,5.937948739502539,-0.14188710952715267,18.254619721813274,35.24937144696997,0.3494424989499907,0.5834732067236078,0.5442215004794275,1016.0521705625789,2.4512120829928357
2020-05-23,1.6244917091351467,19.754019755344867,492.4201735832974,3.160835355925684,7.495349405039249,0.2864605479907883,20.310766213191606,35.224281519004194,0.27160850933069025,0.5649570093901386,0.4108921677719877,1018.0151986007381,2.2900850391728524
2020-05-24,1.4935870455457196,19.95192164849296,501.7862365752199,3.061350846886751,6.360337548939811,0.08297137725031169,22.31305108786126,35.23636649845511,0.41480654677393614,0.5244498996644448,0.35862471947145325,1013.7289669736462,2.2166723569464106
2020-05-25,1.504718784872759,19.543697633981036,539.0614337260157,2.033218806009984,6.365852925211635,-1.0588271901805948,20.807953337801578,35.15584113694009,0.288429494389185,0.6678937653620529,0.3071983520792402,1016.2715088615431,2.400925068977689
2020-05-26,1.3165270831292133,19.45557520810143,501.84128239542565,1.0619648524424057,3.713495946759838,-2.4517531295863995,15.604707238255054,35.285506542124374,0.21753719413117678,0.2256208308491382,0.2743572634020782,1016.3967207373557,2.2487652874060946
2020-05-27,1.058615425102381,20.17074278841693,528.1512666991873,2.149010458647705,5.801704258272236,-1.1674772794405894,17.22565244146866,35.18878675212047,0.32813584205992624,0.5819403650048814,0.3269013507161414,1015.8431025120535,2.2892925904552865
2020-05-28,0.825719811111658,20.33154068995048,501.91546214521503,2.254743966331191,5.084044562965717,-1.544722343246104,16.51709150932335,35.16828001620868,0.24708575755812648,0.6059618011070006,0.3205706116332444,1014.7405702676506,2.5382466353397812
2020-05-29,0.8279832369466095,20.091460258284354,533.4511372192003,1.4286449053561499,3.9785889566155404,-1.7846850398376102,16.512280937347704,35.22335381577969,0.24555966030155704,0.6247084771074408,0.39065631085277763,1018.2582602516725,2.751935647287458
2020-05-30,0.9650215851997617,20.18325016044877,538.1013353312118,1.1990260188888051,3.3471479628905265,-2.09421709228645,12.595295543737205,35.17525023838997,0.12628774765286674,0.7801533825276571,0.28558806585228413,1016.2869065137777,2.340585068975804
2020-05-31,1.1347921708208826,19.636984619171514,580.051043776048,2.488893391618638,5.17047783942292,-1.321487671374358,17.300527786199336,35.12857421753018,0.29410488987645583,0.6892958044188393,0.2879734305173098,1015.1620313168597,2.6107982729933568
2020-06-01,1.1940019417120682,20.101456319058002,594.9783305007281,1.2012979595732767,3.564901170011072,-2.19540482549546,13.117076865184133,35.2280463680678,0.1822854109562448,0.5554376283961034,0.4667579636411898,1014.359728294688,2.2268262527201044
2020-06-02,1.1035475016811462,20.56025525672985,527.4114149552503,2.151350876743475,4.442547892867416,-1.4243311614440737,17.798006339497444,35.268387492276986,0.21723653421945166,0.749404049859877,0.393615760889245,1013.8170745805139,2.3943043973792686
2020-06-03,1.41435191287948,20.898992645910486,607.1990910925828,0.8821131677795853,3.0726982104879905,-2.0109946638179004,14.440140243342887,35.294206133125435,0.18741342272676792,0.832819597700944,0.48043366677995,1013.7079032225038,1.7946430156327087
2020-06-04,0.9746473770790834,19.932789184258933,471.42948325083205,0.9826408360618497,3.1080766050258846,-3.135634311464802,12.49385069683593,35.218738141687474,0.14802258580934408,0.7256967063031776,0.2779105536391292,1013.4684451881163,1.9213258928991777
2020-06-05,0.7938263750590292,19.643796036724297,568.060320449322,1.641201010562655,4.059518879505774,-2.243470932667074,19.547548150046183,35.27165230899526,0.21512215449608846,0.401095277835453,0.21026588689378667,1012.9738943295284,2.1714216998322984
2020-06-06,0.6415811858633595,19.733676207214398,569.3102378501886,1.8397711516153652,4.481604336489087,-1.8481936996456625,13.450052483539565,35.209575499417696,0.2116987923998347,0.6865316655334619,0.29189575466857676,1015.4124735152482,2.0145710710637625
2020-06-07,0.6562270015375397,19.3722766623572,546.2580672227728,2.875955357941628,6.448385051272706,-0.47928399382825115,17.784260481416773,35.06348468566132,0.35126952976921255,0.6060443879618881,0.2981942830540174,1012.6256979486961,1.9373786589925044
2020-06-08,0.7244295355520183,19.471764684127532,485.66346764552515,2.503101360649008,4.93480627569276,-0.9360456159957421,18.473830556824623,35.13752812305837,0.2640587447556081,0.6532876531431353,0.31096785972452856,1012.9170459960727,2.1092139901813387
2020-06-09,1.0552641410655725,20.12761942664514,577.9308482688989,2.866266963171111,6.844677236793778,0.25543510366458416,18.861252892151988,35.292894768098385,0.33824953460565477,0.6513781664386626,0.3003209577233157,1011.762609467303,2.111864372158291
2020-06-10,1.4505277462543007,19.13319553755937,525.3761864656392,3.4507302673067493,7.511948632682725,0.748616071384755,22.28063544871388,35.20817337867711,0.4521675752381653,0.5311951877905512,0.30232234130818414,1011.7323925322572,1.9146828153311795
2020-06-11,1.7538613730949784,19.309151731153325,532.3502045681333,2.5524759075544803,5.437130522840068,-0.9962060111742357,15.31117509393876,35.19149239435789,0.3075860659576084,0.5628196753963142,0.2472755542006212,1010.7302831025406,1.966693678859217
2020-06-12,1.7802867490564183,18.928050932664064,515.5493754781221,1.971536579697261,3.8905371699368176,-1.958764271686122,11.359206804789242,35.09049859828621,0.2010958922710387,0.7783901736456882,0.19043166337570525,1011.2317941978804,1.9959590627112132
2020-06-13,1.0041005541502648,19.85062205358737,522.631326664485,3.3439757453523464,6.160141401832377,-0.18505395410129638,16.781039072525683,35.01116613299218,0.3148909506451155,0.9082683327201723,0.15220854889262783,1010.1335719397118,1.870628103559008
2020-06-14,0.9366440238849982,20.40075502473286,521.7075013620072,1.753619600607081,5.072740713140882,-1.5701338080231548,16.265542724363993,34.98292023929797,0.23305425393847595,1.0337968160300217,0.3348212857895779,1008.6080975706215,1.8792860621296623
2020-06-15,0.986074065328486,20.798902209863343,606.8920618645643,1.1808651730646342,3.3490514375054685,-2.6234061925492904,11.329416176229557,34.921713508949345,0.2034591271487563,1.3391301472674544,0.4618525820868031,1011.4906671104885,2.3484343708615443
2020-06-16,1.0110755971967196,20.29380210385074,555.1010838408189,1.7807434493454897,3.1103064103483833,-2.539394678417498,12.716530195399534,35.04118248631197,0.19409098474149342,1.101823879271881,0.30448113358270423,1009.3809535272462,2.2338445307493675
2020-06-17,0.8537103813651299,19.65532937229529,536.3569353633246,2.4066353480194325,4.718174362489124,-0.8153112563676592,15.33501246821296,35.15626407825737,0.29663726903737736,0.7859468657663105,0.2888796612799895,1010.3336694913968,2.5785832305352603
2020-06-18,1.0233568569417866,19.60499616041778,523.809663561616,3.584588129077277,7.92520064024368,0.9742026411007306,21.11703447161944,35.16369126040449,0.4610487057428881,0.6440501422964454,0.26724613604047665,1013.3162111694271,2.475593570179002
2020-06-19,1.1467618836559044,19.876105829400522,524.1350321289686,2.9081069601190803,5.960078627092569,-0.42610301383297106,17.40275268459887,35.19665468762825,0.3046140987015281,0.624508613755244,0.20942332024625948,1013.848891706765,2.1076917484759075
2020-06-20,1.5358728306220286,19.538825718961277,494.14181266825403,3.0929318149213745,7.105741883661915,-0.2215227588807127,16.01199578796282,35.17444704999967,0.3151642372154316,0.6193951158957107,0.25883253264694095,1013.616811790444,2.172783645810059
2020-06-21,1.4545339819222827,19.597545489649065,522.3161612933303,2.799498627210196,5.372119114901699,-0.3995007652651574,16.69936449067113,35.02063624685678,0.4236786519815233,0.930668157070313,0.236373305998959,1011.922672277617,2.5367680799517824
2020-06-22,1.2777866159965805,19.674455792334292,541.9818973021812,2.3005063668195946,3.4892977132580696,-1.424129198347838,13.583327547611479,34.976540290973894,0.281094336934719,1.2793703042106284,0.20242725007955942,1011.842003292627,2.514632406246036
2020-06-23,1.084692723980216,19.19745726920824,522.3514558373188,2.506245480040334,5.6678273094022655,-0.7080193890915787,17.03606546475429,35.02771988875013,0.27873996081751656,1.0475324992894588,0.2823241435002024,1012.519200496977,2.4073755391624547
2020-06-24,1.0570237744923863,19.615180761222973,532.3818888199052,3.0678612167609303,5.857313565950967,-0.36585524944208625,16.51654875424611,34.92884513869057,0.36738047166955096,1.2967022728156816,0.24384954085372237,1011.7811818153394,2.2179251480340536
2020-06-25,1.128088749697665,20.040114032432964,538.5119587483954,3.8378783131992025,7.282851758418203,0.01211285573775063,17.072816201345635,34.8358401100924,0.3432600161033492,1.3412152395974506,0.27333134133630727,1011.0548364064759,2.3604523574745415
2020-06-26,1.2851091833862538,19.870870486251903,589.0574491748777,3.670748088923107,7.253177894236293,0.10965482171343405,22.514240631825047,34.94367420910325,0.40053668920667623,1.1002566671565406,0.3333999658627559,1014.0729744569613,2.5362709976736735
2020-06-27,1.4552660268054396,19.03859754327246,500.96610284398673,3.482243671873306,6.258325282449647,-0.564289374101277,17.334983148574644,34.79754510893633,0.32173190693379045,1.2223669219597397,0.3126362691915697,1015.3462305180635,2.5478874031699763
2020-06-28,1.9205528540569847,19.369701106581402,512.8933657332677,3.484361842474537,5.6456935633318235,-0.9560557257043575,14.882612806615896,34.71073976229302,0.3319658463916629,1.8723165053786397,0.349669565269084,1016.1707157966698,2.8872048877079326
2020-06-29,2.112067339978137,19.974875872458785,568.455723938042,3.9913624899768387,5.691666785778506,-0.10786741263058441,16.490897073578605,34.5784813316871,0.34393844746924335,2.025753150570617,0.5181646034929087,1019.2003425383081,3.063533882789158
2020-06-30,1.6452651344466658,19.464043468413298,608.8401950403537,3.857246885356694,5.700515555984618,-0.9339471030795049,16.232023812081852,34.49490129975396,0.2966461135107983,1.9200096728600242,0.26245438976476193,1018.3978232285956,3.250093825964198
2020-07-01,1.3916149896583525,18.80628502655586,520.5696302967427,3.264221150055783,3.642264842095371,-1.6678952679603807,11.922556295235491,34.55621508852618,0.24645498053963147,1.9496562033486147,0.2514274297533043,1018.2804274524804,3.1140272350751346
2020-07-02,1.418659392104053,19.1543992392833,484.3122235832104,2.617995248340895,3.8882819688913712,-2.0651448822316767,16.118976050458887,34.6011235594969,0.26770525149050944,1.8350983084940053,0.3541659815116463,1018.7475029505299,2.7653378842534724
2020-07-03,1.108916308182119,19.206536126480422,521.7339476039946,3.2400156560419173,5.8706118693697675,-1.092796231945039,14.391822287983603,34.736840966488,0.2880366844185929,1.6392743490246782,0.2855543081044712,1017.0803172142465,2.5265803760708314
2020-07-04,1.2141534999115928,19.150114966528303,569.903600096504,3.352171979872879,4.898551838875884,-0.8898546232795258,14.291062013466647,34.6874631242866,0.33854711009443905,1.8311736288317957,0.38256204349696704,1017.0882061156595,2.760874075606277
2020-07-05,1.1113122597751428,18.815771210885853,510.06611001282,4.743447623056944,8.372925455504866,1.1598684244846074,18.23279343885132,34.71562791930697,0.40350082657521213,1.8176940725134139,0.2974161739662862,1019.2604316664258,2.736564065402238
2020-07-06,1.6077720516804588,19.025495276439184,527.7431779729669,4.351487612213448,7.340074949367361,0.7572355832222196,18.14295761408226,34.706823203795196,0.3727033480127686,1.5561974213496994,0.3271263195334888,1020.6305715223846,2.716983127154928
2020-07-07,2.288866082314438,19.09351683384746,556.2539931603285,4.079542970725553,7.858054001790718,0.4516660412774093,18.085625358531804,34.75388492366221,0.48533157713046365,1.779464677361438,0.14981730826431489,1020.3514236946005,2.6118107888530173
2020-07-08,2.6849076689022446,19.015398834590943,577.6057820970817,4.551845987565617,7.205755359539974,0.6819500883052789,15.937839631647162,34.76739320931501,0.3636140660376694,1.790263536300319,0.2787302872232346,1020.2504335939892,2.808010114297808
2020-07-09,2.541407781517228,19.80361941651838,586.0381072640434,3.5319372617621663,7.605793052206565,0.35339175506741727,18.048867662784424,34.99583218361768,0.37997596694962676,1.4939472533860556,0.4832661142537335,1018.708946162762,2.4174962118028858
2020-07-10,2.521385353785323,19.4220185654614,563.4291425900982,1.6393317468391364,4.340529207105774,-1.9987689479773392,12.192262032712966,35.04752905260146,0.2522131714361232,1.132942114014578,0.2874546350979319,1018.8690474441021,2.287662216257321
2020-07-11,2.155498254547429,18.866493701929187,542.0426671348885,2.606481283518283,4.016640406023509,-1.5351408501662194,12.897842484936673,34.94325148507532,0.15960376590221279,1.3739305334662772,0.23065149340962526,1018.3090462874197,2.929519343138934
2020-07-12,1.634736631763574,18.73780772779377,523.7979370912961,3.1330984864417046,4.350744969545831,-0.9634010328703374,13.202569755210938,35.01438132081254,0.2311224765583606,1.3145819047155207,0.38359307151108774,1016.2553001436111,2.6493834840630996
2020-07-13,1.2341443206585982,19.35432163519023,509.7076517639332,3.0891914791956405,6.435791243466675,-0.2931358293362326,18.10473165232055,35.01090844142923,0.3212032048001994,1.4370779805848992,0.432683156847778,1014.8268205677615,2.753728472337782
2020-07-14,1.3200805357340104,18.917677284340616,534.7623418407516,4.368637621660573,7.108572685093849,0.42011706766452395,17.124137391034804,34.95154906733038,0.460353551178488,1.3670944857966683,0.3547682968210912,1015.9742634177243,2.7790696016178917
2020-07-15,1.78263876107473,19.0783769192853,499.81000346246867,3.0002943388537773,4.848020457170206,-0.9089818778274963,13.91698164209869,34.68142054152569,0.3256149335202527,1.6636939574151128,0.3161672605249388,1018.8740906804301,2.839331925979206
2020-07-16,1.6400551579904838,19.070315752158905,545.725881573693,3.8132910577237484,5.912107553313307,-0.30011595044305944,14.509249328745332,34.785226062846796,0.36682830900015323,1.5905509487806542,0.21999975927868118,1016.4977151572429,2.49128566307011
2020-07-17,1.7141256922372425,19.166523727070803,537.3473536465415,2.4693990377685355,6.494591979988891,-0.998827024281196,16.069994231672368,34.98391942168923,0.35749560745494924,1.4481843567834627,0.384717046120979,1013.3051382204986,2.090639717208211
2020-07-18,1.56070569544946,18.7406627338808,501.56916839586444,2.623754871512733,5.462137319321884,-1.0930474553844831,16.16202533642063,35.01763096815684,0.30675924104310315,1.3874517521516125,0.3807030539160842,1015.7184812342368,2.094751905646622
2020-07-19,1.2177592757033306,18.576608914690365,485.1139489249594,2.786681284429588,4.7833106264528285,-1.3154324377126736,17.07065142942441,35.1220276746158,0.2322801745923021,1.2724739468826383,0.39784754594678207,1016.3519263048017,2.044324733362316
2020-07-20,0.9779609770740719,18.49757122717632,561.7039095824687,2.9417531801056356,5.440100963387217,-0.2799449875328083,15.144062983343414,35.02604749425691,0.2879811602640298,1.1716746113419836,0.330247471811351,1013.2292535819361,2.165395971947497
2020-07-21,1.1600939481522343,18.77895218395939,537.4090478406895,3.364374539323754,6.521550897139969,-0.03564046317850596,19.44295461758493,35.33003344246573,0.38599615284661964,0.7584241479103333,0.46501494957775935,1011.5058456509742,1.914729592332528
2020-07-22,1.5116538422554429,18.491946242530855,468.64522304340863,3.3575338892066835,6.732948463665058,0.3075337046649734,13.603298433431966,35.180296763797,0.35343222572363264,0.984620905351169,0.3585925810279877,1011.0079835440288,2.0552987468792683
2020-07-23,1.9151608252086152,18.919483810534338,481.6483626364525,2.990566089339323,4.218716948796615,-0.7687115885156314,12.55845428488051,35.218867494629386,0.2528127530140124,0.9112606850222795,0.40877038274224287,1011.7693279545667,2.021703247088055
2020-07-24,2.1423119705467424,18.407629721550737,483.13077961859534,3.3236460002492305,6.083494466828545,-0.017481145125245623,14.313456472972442,35.016253462146835,0.2601556597803686,1.1860461971317342,0.5097704310469894,1012.8573954350144,2.4234096201868196
2020-07-25,1.7243698032466424,18.677916573706526,588.4251108401772,2.861639772220743,5.89750481892448,-0.9837254879900686,17.288788482006346,35.14234863475191,0.3516092907659304,1.1388041833322569,0.2342657429324945,1012.610169448232,2.2009970352621804
2020-07-26,1.5018257724310842,19.17064864130806,530.2732633222241,3.273838250545215,6.642960293324434,0.15727660452852488,17.668858528877394,35.22009645666689,0.4064953856011751,1.0134526931595003,0.36357099348682786,1009.0711187486047,1.97403844997713
2020-07-27,1.3736740417168973,18.62913570354869,531.1033445561412,2.5266927409399256,6.53776742937624,-0.7662125476155117,17.16298720327041,35.32012433219009,0.32699389500849396,1.301426674987848,0.46314360198963617,1010.282786089194,2.2680570605180517
2020-07-28,1.2867846846640252,18.274700487428834,475.76321802086863,3.712218326760856,6.148391665976303,-0.3056277947796437,15.703116029995588,35.4215312764493,0.3382501975836285,0.81058599713113,0.3736349714207464,1009.4326755583569,1.826748343759406
2020-07-29,1.6191418899041607,18.896507577906778,519.5492022452783,3.2196665456952034,7.059718570175457,0.41778777343670204,17.723672469940745,35.506822434684935,0.40598824464610234,0.7253044404943255,0.5531603143161096,1009.5939980220858,2.233596318313494
2020-07-30,1.608212100687598,17.843935414171742,517.5173594008853,2.7512176850028953,6.1166365469517965,-0.010201191854673552,15.558458601971893,35.391400423098034,0.29801198480638735,0.5440881490967048,0.5198433791746433,1008.1320554855022,2.231471502174503
2020-07-31,1.9599604492226144,17.965831984010194,487.3588694423941,4.0286611379437005,6.826639655223561,1.0334141238118957,14.235993397042451,35.19854502572356,0.3527890179157508,0.9742764616421978,0.17995088538659965,1007.6070779633357,2.771204045971687
2020-08-01,1.6717364465813394,17.791325735122868,421.7822135259688,3.7955039192951934,5.115192810235031,0.11319543708538277,14.632875671563601,35.055550781458095,0.33334091791811205,1.1078390096097488,0.3239694554878903,1008.2972447789682,2.598995121106786
2020-08-02,1.71810354866444,17.519710106210013,408.91726718069623,4.580915056890543,7.771877411142811,1.112588362120483,18.429165520689335,35.04483829700653,0.3401388662991023,1.096810832349456,0.4592054580348045,1009.6902294376513,2.395734816115874
2020-08-03,1.4624336527929926,17.0734443864185,404.305204305022,3.2937500316880026,4.201016051582482,-1.0899682260088412,11.48142708457586,35.13563129075839,0.2803455379338982,1.1988837653481048,0.42865874371783924,1008.83157196455,2.633246080806742
2020-08-04,1.4440981533158226,17.21252908859247,478.07552750710516,2.879937702959154,3.087217330056361,-1.948976971223704,10.455798142956812,35.156684090304154,0.1972818305181527,1.085529942943779,0.33520481960934034,1010.7948011444439,2.920629841911469
2020-08-05,1.4130128478468238,16.881502730021666,467.8295882931988,2.847413362796465,4.221650962633037,-1.1041855019983742,11.355946069095884,35.14978374401771,0.19655666582524184,0.6683883003468547,0.2952546994470523,1009.4623726031359,2.376811795600422
2020-08-06,1.3676443009670964,17.321955896171517,427.66628462429264,2.2745827886847625,3.6909144904972644,-1.873611876735659,10.564368448932681,35.01546209480091,0.19341810649469696,1.2704350947531604,0.25008289197217975,1010.8699476376237,2.6545762300858278
2020-08-07,1.1165428082368867,17.21069113879925,378.1464985630819,3.2240877244416835,5.6378706328097525,-0.847181986327428,18.665818581362334,35.03981148713725,0.2284392029878301,1.4554935230263344,0.4121098289624082,1011.5340480680131,2.9633407340862177
2020-08-08,0.967048677274819,15.999542995241878,392.57230963483005,3.9035844672025597,4.919642116567488,-0.8932802464525843,16.657884927066902,34.87297216070298,0.28429330573594647,1.2533429955141275,0.25795889208425105,1011.9194179523129,3.2294511227047327
2020-08-09,1.0763364759220102,16.737794019480344,371.15509418231557,3.337659754531942,3.715394382136946,-1.1318504922706774,10.634475615093292,35.00761371680427,0.18270056808340931,1.5336921165235096,0.17823334095964039,1009.8828811018918,3.428687011279433
2020-08-10,1.1993784439735315,16.878707875045347,489.4211544267887,3.105829588666072,3.626399089259939,-0.9433461384512725,12.50759478592024,35.05282609410216,0.23392788036799703,1.015687984999939,0.29918233840096403,1008.2388108774697,2.9847937896385406
2020-08-11,1.3618603806792189,17.00085707712057,460.98774987731935,3.7470437061082214,6.558055367272765,-0.09446760192456022,15.872564039572541,35.280042373207884,0.3920361330899853,1.0194324446208134,0.4687013581136971,1010.2176459139313,2.6371603462506363
2020-08-12,1.3408550928532317,17.522105264334993,456.04261925049383,4.113636812702,7.591186603798446,0.8783863970190584,19.737466167827556,35.27461899450809,0.39963600162355983,1.0768704512104847,0.6323721839808378,1006.5518000054924,2.9047635472392006
2020-08-13,1.5664355855321526,17.49038812782566,484.0091768308841,3.595607131666625,7.204332026476228,0.5053890922134805,21.91431981697499,35.22619028122671,0.3501238133234402,0.9712630833572399,0.38794176543688763,1009.3888128959479,2.7915750333711205
2020-08-14,1.4703610578848254,17.277782923565887,476.9937644829168,2.6029983759967212,5.428876364756286,-0.8881917587449962,16.786372857893344,35.16249782674935,0.25081890859464956,1.1598670370910746,0.42360831222460654,1008.9287142167556,2.910681788014196
2020-08-15,1.2582885217316173,16.72127884177459,427.88574140437566,4.554555117573888,6.798452873062823,0.9872457077576056,17.86851042876135,35.30816084102405,0.39167505546868747,0.9849525098984615,0.28751725173760234,1009.8716837010169,3.1202191902457543
2020-08-16,1.1770082044167636,17.033888763716174,435.9396147121786,4.020172009337265,7.145989155418206,0.6911741012969318,21.244608271720796,35.26662700029622,0.3578670072115856,1.0557327789227007,0.3723123101370863,1013.4600243470918,2.9790534021968416
2020-08-17,1.491675835293307,17.154516753447552,436.5791221476526,3.885451660548359,6.168882429247338,0.34378273301120676,20.70412860487549,35.29260636268561,0.30289567570305126,0.9228193992424507,0.41191303128737605,1007.834869065457,2.7854601861646064
2020-08-18,1.8406307232880224,17.30371820959746,477.04314338691273,3.9613008369968643,6.567532012810116,0.3219994270586817,17.96179455336552,35.35820046537939,0.3477441667654548,0.8599135657299805,0.5822662726729153,1009.2591349812946,2.627459808946814
2020-08-19,1.72321044243327,16.97719562078896,467.70649421772686,5.432569695111201,9.305601044542723,1.8520717521794658,21.821335862051995,35.37263944674853,0.4999313252743285,0.6837805387924438,0.5185482665748311,1009.354307721845,2.398473447883395
2020-08-20,1.8153907274409888,16.60019906424413,466.0609306884853,4.254210328966597,6.954613286282843,0.4987994951208139,22.231550450984493,35.3560738798673,0.2858655272149069,0.8535750772362148,0.5162988860899013,1010.0277506157797,2.109432940648623
2020-08-21,2.0706987465663875,16.693202056521994,421.6804382325985,3.912972762501603,6.42325680692728,0.14058654042779234,21.733250714727465,35.388134371113786,0.35390201362208057,0.8706714003860138,0.47231435256174564,1009.6000610274989,2.3301787617681975
2020-08-22,1.8705605220960486,16.484450621254094,460.0531294822858,3.3298534976714156,6.584711896935283,-0.5488641633533383,18.934693271350994,35.40440911369417,0.36786287462210526,0.9953833077254534,0.5089292729247665,1010.5656151871517,2.537342345821046
2020-08-23,1.5797012348256672,16.97426047614999,429.5885254785897,2.95222308598685,4.519288378727417,-1.185281991433462,16.623994173725315,35.26599514749561,0.2713674830355455,0.911561946170004,0.5502605197883517,1008.0066705077717,2.6560225893483786
2020-08-24,1.4406576263319582,16.396188390275213,477.6486368227571,4.426951001503122,7.253672106769095,1.2226491241840263,24.444589542449485,35.29836731875015,0.39578636878603346,1.07273672798185,0.42632262593771764,1010.555113415974,2.4621025635744562
2020-08-25,1.3789168480225185,16.517610822291424,440.2749578585713,4.268715665252074,5.610581999702149,0.27041329317680596,17.819908194338996,35.322410461121784,0.34139120401705836,1.1013358119722885,0.46690318971192196,1008.6900051747714,2.568309259003264
2020-08-26,1.4349810806334302,16.417062136965935,442.94396369056955,3.010862412302638,4.1579986075351965,-1.4318656917214407,12.80291887644337,35.26372954385982,0.15217054736355612,1.3348896610497096,0.4361918453258285,1011.7954448006491,2.861157539084523
2020-08-27,1.4799351903169307,16.845048085197945,389.49829937336415,2.696764973428219,3.4915393692117758,-1.6461179730269353,10.829127732190239,35.18862376686763,0.16126133426000783,1.4004872490363631,0.5879341841951109,1012.1339372405729,2.6554656781303256
2020-08-28,1.3768809766492673,16.818259557747098,414.14906658760987,4.555495332018714,6.558980613033384,0.2927134183723174,16.06091475447983,35.21528254928503,0.342755553609595,1.4249343157954177,0.5187869764143022,1013.2060712124695,2.3744563798836205
2020-08-29,1.3467555902978894,16.394856035932065,415.2756115422987,3.970272232253381,6.307802831938749,-0.038277112276082936,16.68581383076329,35.156150419625206,0.34200924442587655,1.4065526838521818,0.3642013669725941,1012.0463353351953,2.5741898484964794
2020-08-30,1.480095492501492,16.12908687683474,427.9056758481227,3.9498013529202423,4.8988307618670275,-0.31360744650190286,14.559960235415183,35.126087370399155,0.2798125223928866,1.5327055157321268,0.4967687757468062,1015.0457187361711,2.7930047967035927
2020-08-31,1.505796889525463,16.477729257194397,401.3741516468287,4.060508670563939,5.441446485706026,-0.2864091812307214,16.685634554487194,35.13647153040027,0.2811820075084757,1.4966058206965596,0.5870668721470483,1018.0568462955847,2.768112260013057
2020-09-01,1.6125636401123258,16.095931966900316,416.40859273230177,3.026982380414257,3.467831426435313,-1.2350198852025227,13.331955377264714,35.23727211760512,0.27140340715184436,1.409113065063071,0.5681783417413859,1018.7926334829372,2.2195080903731172
2020-09-02,1.2713738087505573,15.686645457953347,376.4820003138041,3.76587618288465,5.492553242556681,-0.038728986106185276,18.142042086184514,35.3726830541178,0.28017206233708697,1.0462305818468545,0.5548631208867456,1016.6940497333188,2.4160636576483285
2020-09-03,1.4782152002830067,16.042221492880252,418.97396232580843,4.112171335963525,7.00471951657786,0.1301628682049013,17.920856108189703,35.37197524642745,0.30552083599429347,1.0241327818147639,0.4252841058524913,1017.9075540097232,2.3084789221838986
2020-09-04,1.6748731123647966,15.589246894838823,382.9579123418921,3.984373872868348,5.9044230042324894,0.13379593651430227,16.263250888287438,35.45465454204918,0.2533762052081603,1.028489585222536,0.5334657779554485,1017.2529032259482,2.280621159406094
2020-09-05,1.5581438943099253,15.06468208947147,372.1557707613287,3.92674030269502,4.867660999168596,-0.5036739323945713,17.428509071725703,35.315982350700416,0.292093925075424,1.0086477677360257,0.5711487663657732,1016.2967781518187,2.188450296162345
2020-09-06,1.4872550233641186,14.681592067219588,325.4903775719676,5.710398372343757,7.2291210423020775,1.467051706992787,19.418682879479682,35.272318637177996,0.37816559416411755,1.2040288698663029,0.4375630058756622,1018.63227716853,2.1867835229559676
2020-09-07,1.2510590844174825,14.214012625554588,279.5868349322441,4.5186294136352485,6.9969651871356815,0.2790332603981476,21.764383470734256,35.19241419621486,0.28626641809857384,1.3119061580935922,0.345228133971832,1017.9644491820966,1.9989692626119309
2020-09-08,1.5619437309704676,14.947129209900698,357.2203352244562,4.779827399556765,6.720640854944589,0.19812479130020055,21.34789204328582,35.12272289774686,0.3875139950929268,1.390858557762732,0.5977416946137303,1020.0971408600881,2.7199130179196516
2020-09-09,1.7903215559787276,15.016697420487674,360.4310591205252,5.272439918740351,6.539174012301613,0.5517332526345472,17.61759314989963,35.05679026204563,0.29020346773020494,1.4486613937363142,0.6304418423019015,1017.920368778387,2.3017679558892024
2020-09-10,1.3687685344472305,14.347452667055132,350.5362454900465,4.70683253956568,4.897944217157564,-0.46065422783846677,18.874155911082276,35.07883152306344,0.2956290543211785,1.4421170142299582,0.355627336068377,1019.9098718460601,2.2586889273264936
2020-09-11,1.6788017206190982,14.60922289289728,307.16602464257767,4.418683394440235,5.726436558126174,-0.274028474398388,17.79158993473906,35.108739285578885,0.30373752575213836,1.4021503164955293,0.47525722051265307,1017.8887943262162,1.7903108604245603
2020-09-12,1.7543811301303558,14.219551810316336,353.84877984034824,5.5336017609754835,6.6608589200934265,1.0467497861882202,21.62573799426252,35.05784786647397,0.36723876534445243,1.5802136060373018,0.5370240693265127,1016.5709072682363,2.407164872516944
2020-09-13,1.9263724137510783,14.19633353814066,276.1345924735166,5.299023268178509,6.068445797519559,0.8535327948129516,19.805272483773614,35.009090372963755,0.3135232620305449,1.4442709930789361,0.4530059242958879,1020.2540024175274,2.3357214426996324
2020-09-14,2.073924920646272,14.063538537759706,279.0281891693916,5.287113124323722,7.344238232160109,1.4198047929460282,24.42254104768295,35.06384001649614,0.39643261039897115,1.7356739254418905,0.4672955202672437,1017.7658593477057,2.1457228198079865
2020-09-15,2.0558871545183,14.431873597313567,308.8308870215441,4.562227339607716,4.88716363482269,-0.7249220378195027,17.97828298749794,35.0658488527681,0.2317384142511064,1.5994010780201071,0.412459891298869,1017.7096890276858,2.287611045555333
2020-09-16,2.1038674975404232,13.887735418488612,313.8702664805531,5.35741927964138,6.037032227792278,0.38345533996907083,18.67872371512518,35.0662354321053,0.3194771523092239,1.3814268546721857,0.5346579997088177,1017.7090830104642,1.766197174953876
2020-09-17,2.051526591142167,13.865598161856004,339.2198098273868,5.936433856872135,7.024332499530123,1.8684149388908482,20.224082381650238,35.0259398033051,0.38276047046765477,1.5672704191402487,0.43895899556255,1018.129564625148,2.1815106686708714
2020-09-18,1.8078738078788499,13.543473854189468,277.19633921513946,4.748841285035301,6.280889380937717,0.05709161151822814,19.515707062739892,34.96071372760147,0.27915409808757974,1.7991319484675026,0.3607059877820057,1018.3887019368833,3.046373396755915
2020-09-19,2.201416123700617,13.180046470548767,232.36754781019238,4.9811045206773965,4.240980298734673,-0.5748416024937983,20.326813321463156,34.886094283116144,0.2738447596471514,1.8645542776745956,0.4533130012588877,1019.7211968754608,2.964255147697315
2020-09-20,2.375166103355698,13.580889336993804,263.3663717817101,4.531542764660169,3.076162281956625,-1.0023820657397713,15.928164435172844,34.89159501459618,0.22557405135944597,1.8797736991734555,0.5027579704832551,1018.6546659084069,2.917130043406437
2020-09-21,1.6908699071091797,13.043528417115986,276.6233505058609,4.022628078849098,3.863581567171643,-1.1105518500354121,13.876711209487436,34.85482359663076,0.25313974102138814,1.834905623729103,0.31505169126863847,1019.4400572156579,3.1411457993209155
2020-09-22,1.5224767126000276,13.282953564631459,230.68647596730264,4.784647395641917,4.390666214344585,-0.8684837455239668,17.40832213426163,34.92196462179617,0.19852356450787614,1.801576903783954,0.5329416223147442,1019.2989509847616,3.1686526762730516
2020-09-23,1.7947154797979936,13.477841775500975,288.71182570048234,4.704771403999708,5.852461816588967,-0.22802765104178976,17.330168197213375,34.9390451576793,0.25395939321364025,1.8352684257586296,0.3804299084587272,1018.514872520067,3.262124432045914
2020-09-24,1.5900909486678603,13.63539481019472,256.49376753040985,5.509681500165499,6.043137322050619,0.6870918475744262,21.902477134768628,35.02552583990485,0.3310749375284035,1.525379015810492,0.5373706656048242,1018.2094102910833,2.749364105581775
2020-09-25,2.0439767775790254,13.510253362677092,247.2581446459686,6.150779653488374,7.8342093034978015,1.5314888617794449,26.008724264643952,34.977043894401795,0.4576693197778917,1.7211830348595294,0.5383247519465649,1017.0172889363113,2.735451811833515
2020-09-26,2.138368671845265,12.972743769096926,287.8468155382618,5.545965092625905,5.737939698795711,0.268937629728507,19.752378366647893,34.799550553257454,0.25465459069578045,1.9927134849742667,0.41987697471941116,1019.6514010205293,2.623466685244524
2020-09-27,2.3226545136529055,13.01135144833921,211.75880634869037,5.504126996677114,5.796717032276757,0.2354748873025423,16.518080543462556,34.93489481329073,0.24863153431654125,1.8285866114578304,0.538640139332219,1018.7370862431073,2.7950444582950342
2020-09-28,2.596701398607514,13.511339709143652,266.6309748915378,5.993621761047459,7.632266223497024,1.546411069171331,26.131594679364667,35.0304329410862,0.45080262960554346,1.6852234212459405,0.5468192795828253,1016.6000159167443,2.515417807926445
2020-09-29,2.261427358629328,12.914246023567397,220.48200708852096,6.440271964471547,8.499468000997336,1.7903061697149714,26.226475686758214,34.973360590178594,0.4334122635701577,1.665304308378191,0.38301558767311095,1018.6195870356486,2.3047102272029147
2020-09-30,2.182659938060582,12.226028470748783,205.63155356685522,6.733358536982187,7.646491002315927,2.0445973086011118,26.03496280063538,34.89273842558903,0.48251331274405573,1.7763031535905678,0.5458710136331054,1015.2903918848568,2.5790405624590034
2020-10-01,6.926634054986868,12.251039909071316,238.86037834184657,6.183656108620074,7.175078315596156,1.107413865528394,23.59280271535314,34.89476369389199,0.425670687828335,1.964822219494142,0.371450289013632,1018.8469335046437,3.1629051075780255
2020-10-02,2.2640526365149563,12.414364718509477,238.98616000540926,6.414652304992113,6.22989188715999,1.0118930729754776,25.725442888551925,34.848983849528665,0.33381138167074187,1.8558553277687773,0.4251377646824408,1017.3869450666464,3.2762299127685757
2020-10-03,1.9716181087989184,11.919049752768032,172.19051891778108,6.018247522824987,5.584490428671856,0.6692968476948647,20.92463570651645,35.02856769608509,0.3185769783981689,1.448128492416565,0.2953533658888228,1017.0294312221549,2.925100419497217
2020-10-04,2.110354692133158,12.248671681978616,198.9769808064388,4.9541854302899075,3.9770189048603135,-0.7482072308865172,18.55322151515358,34.985317824299585,0.2208395302038676,1.6444641219333314,0.37825031478994353,1018.7260386062007,2.7262234375587893
2020-10-05,2.04318499934768,12.187412689172639,230.55448147147882,4.933733477998423,5.188088841137924,-0.5817898190115587,22.816074848560746,34.899167864511,0.27578116398725316,1.7196128820688512,0.3914241535263763,1018.0381329679083,2.7430358589479433
2020-10-06,1.7252688052250627,12.138860879050247,231.54817889702554,5.192610079160612,5.450872363977697,0.1789362966782778,21.882958488493927,35.06635705573678,0.27997639323591356,1.6836112267694245,0.515117028776754,1018.0761778613738,2.4825951319014874
2020-10-07,1.7984218799155691,11.83837588719081,214.6088560899666,6.143067835775736,6.232075955174708,0.9058363600991753,22.20060345729937,34.994016385883505,0.34661927281966864,1.5872725488609327,0.45640413011506353,1017.4019968085803,2.0650832356216458
2020-10-08,1.7348698757930159,11.67288835518237,225.3314287408941,6.108697611871401,5.919321379729536,0.7062220056459929,25.933144266661692,34.92145314432541,0.32221421213542806,1.7402435161631316,0.4192802331396235,1017.3495897880939,2.5172944921505374
2020-10-09,2.1038184948959593,12.523580051601053,236.0107489103961,6.680579923621458,7.352154029760711,1.125340395885848,25.93015649184919,34.76157869517373,0.4429517515871877,2.4444443990691056,0.538315853484312,1016.749163424281,2.9047946813473864
2020-10-10,2.3284989867581873,12.161674036375743,204.33332664301523,5.34550725832886,6.809563298805937,0.044942279636410454,21.559500081481968,34.75852056612196,0.2976636911869382,2.607696785070454,0.507477320067183,1018.9440051107548,3.282236852250175
2020-10-11,2.5052060888157666,12.59351150156314,198.18651016285526,5.070133360107844,4.068343411208521,-0.3417570505633417,19.757734056857533,34.83697767824684,0.21655872454084477,2.3339393957657357,0.5929343657712836,1016.1358987697694,3.1532913110079623
2020-10-12,2.086104102066057,13.055015916406992,241.5850610138087,4.734697417696138,4.75043107988286,-0.9587481473531865,18.50540142036041,34.9548020961192,0.22901260512797111,2.237261971951095,0.8018466918666002,1016.9915469169985,2.946515145638859
2020-10-13,1.6983731317990225,12.490880832463331,205.93161263007738,5.698210139269989,5.670106974267411,-0.14324440599651242,21.232056178553865,34.74855997136228,0.3196305849248824,2.4977477365231113,0.6488420874759416,1017.8321294325643,2.870474348332597
2020-10-14,1.478189561301604,12.038687304823684,284.33900290875755,6.364298148109566,5.724383056730472,0.8618670931505955,23.51571858567886,34.8185350804006,0.27171820654253537,2.3457489270331737,0.5449649577176289,1016.7337434702077,2.639796318887662
2020-10-15,1.6920777279305297,11.896867719974198,141.7885809984781,5.8691595869648765,6.804122960540366,0.284478254214095,25.261816018616518,34.97138387832723,0.32785240733829585,2.1835318203147285,0.5644491660020852,1015.5242355081327,3.006185377051387
2020-10-16,2.2589482502990985,11.155135336538894,162.68494574478973,6.397227423872336,5.324251632245539,0.8667059842270317,22.94018551458387,34.934068651652645,0.22763859240292328,2.0323007323498947,0.5349869595059943,1017.9052863009701,2.6969075899948183
2020-10-17,2.3218881079229168,11.32906825274421,187.47480035573503,6.252685472424073,6.214925655316036,0.45115224241545293,23.93738691003715,34.94527211724728,0.314067825151073,1.8782122048662973,0.45472144787223295,1018.4440269634068,2.758323473698724
2020-10-18,2.3886019561050635,12.236736950609039,163.43386230890252,4.718071830216278,4.587528277153311,-0.4315464256523475,22.941293674408428,34.92788114363794,0.23182156687481303,2.328750569381831,0.6846648809691014,1020.1072527369238,2.855686903775403
2020-10-19,2.4525491781393582,11.998169527124354,259.5238463824197,5.639944757535823,5.826983684425517,0.819379940685835,21.69193967439406,35.13607301985689,0.35110509509399856,1.655993590229522,0.5075067446148956,1019.3070391187962,2.664202462036745
2020-10-20,2.2418389040732074,11.776380023439213,230.6533126358899,5.035499715579023,4.501139747131337,-0.6150627697315852,21.843375573679136,35.064879267062075,0.25886006070813766,1.7462325564240064,0.5631725668386891,1017.7938798621317,2.863026165626739
2020-10-21,1.7547111930622756,11.86922488710247,246.23661202653977,5.633607968468082,6.426686962416263,0.42731419216244837,28.977740976769716,34.873523255872726,0.3761184642302427,2.0249532075164813,0.601323819735174,1016.0561668627003,2.7375210700853727
2020-10-22,1.6890775473781132,11.311735906911021,139.46630642650373,5.173052818044833,5.736407754233426,-0.6732762574724109,22.83791905522764,34.93662467975003,0.30871322298930354,1.863745889015238,0.5515019703575208,1017.6833852780238,1.8413466259591884
2020-10-23,1.689968069957726,11.714648112249257,197.95911104250894,4.938132371411939,5.791208955347611,-0.2719280329078058,22.99769034138413,34.92866212473939,0.268308044991734,2.0611667021459965,0.6393799312345864,1017.4741498478003,2.418671966784834
2020-10-24,1.5282718964055466,11.97680926774695,180.4874821946036,6.3432152010623915,7.611757145552022,1.4070185860120212,28.83489835029055,34.94400360030644,0.30884453671625095,1.8234563434122124,0.7521646219960301,1014.7397749511711,2.11117377795752
2020-10-25,1.7996352438414984,11.513060019623307,169.8611872471159,6.502116476619272,7.0894736143295445,1.20618195929453,27.607850166900853,34.855724799915265,0.35845631000495887,2.171799109118735,0.5402159383277801,1017.3164550189327,2.985511932918496
2020-10-26,1.6049944952091046,11.63270228752089,163.2446807943933,7.362046400049503,7.179486609980514,2.096817942103984,28.417237012986167,34.92124988404886,0.40405935017883055,2.2110723262456684,0.5209631310191859,1017.1098796331516,2.598867692420773
2020-10-27,2.196310946210575,11.058463801234572,146.975385696896,6.759929474939223,6.783801671886062,0.9968714860208079,30.91727989284446,34.84190336320582,0.3490159246476335,2.204222859948228,0.4405162360781303,1016.6528026403159,2.979184935599059
2020-10-28,2.727079378071912,11.770406689577335,189.54620979681945,5.29462715227544,5.485770317354945,0.17641270752512214,28.258291397920328,34.97578373244455,0.2922324047617661,1.7744320779600833,0.604794104585747,1015.9048541565538,2.486074178379028
2020-10-29,2.564290109092129,12.50003337887955,251.2273300654591,5.405224485974688,6.146124182307932,0.3485605443709275,26.128357652868043,35.06891156840416,0.2879484663425098,2.0162526466803388,0.7836171402491883,1015.2393327436694,2.739143934317725
2020-10-30,2.1572428507292023,12.129318253140097,176.57684102198948,5.364691500308237,4.900784266475542,-0.4915783634810245,21.36889233675374,34.962998858066996,0.17525142588439796,2.1025525952155713,0.7400737402253722,1017.6044617390991,2.5021723141208
2020-10-31,1.9102954473781972,12.001182670612337,193.20107243520556,5.456985208173401,5.407937527343142,0.17259855479606187,26.671705844785546,35.15551754101976,0.25691900791460676,1.7167776704302187,0.7852624904092723,1017.3072348319154,2.4838461432879932
2020-11-01,1.79015978516486,12.071573163290878,181.87167456537236,6.034108286519319,6.450278703480187,0.5994676695834478,30.955038983229024,35.202955410405515,0.34497030635197884,1.7317093001055923,0.7533736922773859,1014.9197521485097,2.5548462647033445
2020-11-02,1.8936863553987944,12.595131040452907,177.47901021702026,6.40318192405991,6.359862541134118,0.8835737717312322,26.86392554471418,35.13987299412948,0.3446624292696729,1.8473050087006189,0.9786842837418309,1016.2155030398632,2.565329737950456
2020-11-03,1.8733931752084128,11.960300171629147,164.89911184288482,5.022139263598352,5.29203029015175,-0.517781727686601,26.405192192514654,35.187872782855734,0.24477254369595153,1.6375892557888514,0.707956083044334,1015.6081566455013,2.5637562211452245
2020-11-04,2.060894097495968,10.74957273237166,150.1345997786707,5.376842802663847,5.287586991009032,0.3338921221524098,28.899722787741588,35.12227251817102,0.29968660528876645,1.7587076396071046,0.5540202652403742,1017.0503570592531,2.6441232729772772
2020-11-05,1.6072944122976522,11.595260881559389,145.83054320483143,4.463216611276481,4.807294606454848,-0.4527323742007465,24.905392288694884,35.20138242342404,0.2280637340221938,1.6764046602424634,0.5963892210956018,1015.8622620800631,2.774118514824833
2020-11-06,1.7290321407703007,10.943000087159279,115.7234718317577,6.394788100810324,5.2658046877698705,0.901608634449658,25.91934387769308,35.124321726898856,0.31386657927928546,1.7405859881387773,0.756543653259289,1017.1224410664514,2.622633560222207
2020-11-07,1.6722824693140654,11.147519335747756,90.0987708621785,5.577481684577805,5.168856726352905,-0.17443146745166627,26.238147985747307,34.91982097834947,0.22491119788049518,2.137185107074019,0.6500268664349513,1016.4004488804976,2.629095651843433
2020-11-08,1.6380238308098733,11.202517413831124,127.22039279411027,6.387392476380688,6.78375949097808,1.2528317856277584,28.290002192304108,35.1233411927073,0.3661250895963184,1.976653263456798,0.6588211888511747,1018.3698886622478,2.8609886118334593
2020-11-09,1.4606840062429418,11.56998708199622,207.18277976815898,5.345520936177681,5.01076529509807,0.008770341501407541,26.1343628497196,35.08084361348775,0.24448461529106486,1.918233193968901,0.6438462093616422,1017.8904418039231,2.460623960448218
2020-11-10,1.2356557278897011,11.655638350088584,181.16922947845268,5.204892348064552,4.981609321532399,-0.06910771744800066,25.07299897763237,35.13256328645718,0.2635272199859191,1.9857183624324939,0.8561011929187352,1018.015600702757,2.9775848351196967
2020-11-11,2.1886551332393127,12.026992824670597,170.7891481806637,4.484761119833341,2.067492203870972,-1.8940589530685865,22.20779201174452,35.15385159589336,0.08247477352841492,1.9389588590045084,0.7919737727191369,1016.0276500054345,3.0563255046604128
2020-11-12,1.6830389814617828,12.118508251139236,180.0833003270835,4.8713424646029635,5.087949927309393,-0.1900033746439176,27.184505396123807,35.173530258482685,0.21093615448905767,1.5248342896200202,0.7904181627993037,1018.2653663619488,2.712970156937725
2020-11-13,1.4031499048958316,11.379531669478588,116.38556973241886,5.19239587561948,6.185633636480523,0.32243509217402827,28.335082142668703,35.22689620585383,0.24989655097837754,1.5878929153104244,0.658682166000688,1012.9849657552144,3.1148929339279894
2020-11-14,1.1951226219918065,10.936249774255508,139.97921200933956,6.145749395081877,6.577578522224181,0.5653857307203959,27.981879284925636,35.22134386506853,0.2848806883699114,1.547724061646676,0.6040069291406684,1012.2729133889013,3.028646906183737
2020-11-15,1.3717118124593606,11.19423795178761,105.23359946313266,6.488171838743683,7.178469772676351,1.1471279932166054,30.427863923357606,35.202688898707926,0.2716326526494366,1.7244132639725716,0.7899056620943543,1010.7464816043334,2.9919711340462216
2020-11-16,1.5272620611343757,11.275549885438759,135.90586612014738,6.089241050193787,5.846598442292512,0.4523798967014475,28.70318577143193,35.2795017876475,0.2981154390093288,1.4708325026645837,0.7964136840074675,1011.5821567519065,3.079997644568885
2020-11-17,1.742244359408143,11.39099749695589,214.62649213754636,5.990741622917221,6.731844958825556,0.590713000077916,27.812078435553808,35.136773512478364,0.32417437224068923,1.7870620375777533,0.6628761973194925,1012.2114233044502,2.9646890898378593
2020-11-18,1.9412464290860991,11.67820742130747,182.63434094607058,6.6201470476733615,7.058980702162184,1.6614193742239476,30.055185492025423,35.083426128591164,0.3319987428388673,1.8283244938720236,0.8354015750740948,1011.8467362029362,2.912676083282072
2020-11-19,2.2986539586629418,11.025875229431119,95.73169334516068,7.879484850921966,9.82497347668062,3.008772296472979,35.48012594339717,35.18302829327318,0.4979775386812266,1.6248712548763526,0.6112904909404717,1013.045063636667,2.8162146752379313
2020-11-20,2.5661846084518176,11.187416242878342,113.55886507129613,6.660289381013927,7.503819808806086,1.824215436405179,29.992608605894414,35.205650487576634,0.37516491822634995,1.8304175623743677,0.6082682806822945,1012.7750889153291,2.3810175412105083
2020-11-21,3.194628116207428,11.331177101115868,130.36996966923266,5.875906750728457,6.382372034406338,0.9301093333554902,34.04745973144499,35.31210670436165,0.3223248588363936,1.4586566617963692,0.7508536816398943,1014.2406471994485,2.5892084885016557
2020-11-22,3.071190903980769,10.91627216768634,155.939843474985,4.296619091462337,2.444952632784093,-1.3611652388199358,23.835765777114368,35.36181383432067,0.1545889949163832,1.3181441448348428,0.6601224741070845,1012.3690962282667,2.65984554190802
2020-11-23,2.494852779111897,10.603013964190785,91.51843504207649,4.967473144029952,4.856658933901291,-0.6329095977514657,26.625937174949314,35.20601340315415,0.22983431310566257,1.4910906334305678,0.4432586873319095,1012.8964382871186,3.195590262390538
2020-11-24,1.7880633570239828,11.04010100436676,50.13760410985453,5.528444822998301,5.518796587382053,-0.29096134337314034,26.774652357702543,35.16259748325143,0.28543979841864053,1.7962270818871184,0.6963070586474853,1014.7003588955109,3.3180068221805157
2020-11-25,1.3930638879646133,11.546457352406563,145.61758473043824,4.806726757424789,4.9381440897281985,-0.4435076209137515,28.125538803174017,35.45564801366214,0.2885119197207306,1.2304280791364846,0.7623966608313152,1015.3008215596648,2.2272113033216634
2020-11-26,1.2582269350055688,11.06173659924415,79.51350809494714,4.753720940517298,5.543285592903132,0.09442257506584664,25.90426177902691,35.271223042800514,0.2668109517576043,1.5651596464187996,0.5922342676531548,1014.3249532722637,2.468950691211906
2020-11-27,1.4255453483373905,10.810448748859582,134.29570046756191,5.297650104787344,6.559420153215655,0.6203666100687097,29.962250638316316,35.31495726924491,0.2834759375007251,1.4381094243677133,0.5365137708500584,1014.6007104592063,2.4562623077025005
2020-11-28,1.5705397168043262,10.3848844302529,69.51213848302653,7.477017069603084,7.502431099801483,2.10128839728997,34.860215745950065,35.33121497820873,0.3852853095550133,1.1036913637083978,0.7658597262851954,1015.3333331726078,2.7149970470717477
2020-11-29,1.5486823768459201,9.618980283815395,8.0,6.302751154192943,7.416751458825273,1.2689975290923068,29.88782143841556,35.26321570102734,0.32489058560727235,1.3093877033001933,0.401956399887399,1014.8341138116646,2.6002150100413304
2020-11-30,1.9566494010510853,10.344380931705517,65.59704219136167,5.093831889374923,6.622766911667766,0.03075334651161593,31.013493446063915,35.23953232018869,0.26288543599718384,1.2984461202354787,0.5193341076839837,1013.1658438334608,2.6625059987446886
2020-12-01,2.5102816518810283,10.154785008153302,92.6515485434635,6.079270422446137,5.786586052912046,0.694512552336116,27.300883155181133,35.02459096603349,0.2826794866285588,1.6079938505467004,0.6021583220424543,1013.5542412857284,3.011606885935174
2020-12-02,6.071011464485892,10.547273169507672,117.58898465134502,5.954750125660829,5.930294044156001,0.3743550664877436,29.973510271350012,35.23787915373503,0.33050061855621826,1.4828257721144409,0.7332039320488536,1013.9360878736535,2.6609562378894167
2020-12-03,1.9289346575770678,10.62957584141052,168.2315027305881,5.536445018438228,5.8981720502075206,0.15004103363598942,25.749089199924917,35.13611771654099,0.2282354343962103,1.4882829137607103,0.7958202879176607,1014.9989653800372,2.9599737058941304
2020-12-04,2.3219325308508565,10.663104161331434,112.86324363089334,6.164781130725384,7.2520626619967,1.4420938924708593,31.132722926528626,35.101234301408354,0.412281264031038,1.7398681539418446,0.7133624890764949,1014.747653090625,3.0218808809407656
2020-12-05,2.6012806374197566,10.607323207576787,94.24190123961067,5.673074154195072,6.515443117244247,0.6651340904834953,29.818870595017383,35.244764518762224,0.2666771355530654,1.4949624304415001,0.5703897717582815,1016.3541391098526,2.6650419416622912
2020-12-06,2.557814651235404,11.785980611643094,88.9560733065503,4.053640199869191,2.888783150943937,-1.1252087247711005,27.478514443154445,35.46903900675486,0.1322609575241845,1.0181365484229086,0.8634006285951052,1013.3945372155339,2.678567853137291
2020-12-07,2.5903461354359596,10.664066443129121,47.18373924796508,5.717150560183763,6.1839318972112824,0.9288100544902784,30.844330044133173,35.50586748290564,0.30966386207811264,0.9228588960186046,0.6281647957644114,1014.0111643660492,2.6304964311159136
2020-12-08,2.0892199495247956,10.575010335485073,104.40939542794814,6.76476969093504,8.727038160024073,2.3370222169641512,36.1875426670451,35.48978139022198,0.3954711016527523,1.0144417871637552,0.5988415465118339,1014.9616976572061,2.481490811090343
2020-12-09,1.8516488122113361,10.25406051658502,49.24610278997112,5.441945954157153,5.3931192308992335,0.208963399971091,27.66781911735399,35.42789306685235,0.2900209692663972,0.9418031224529156,0.5245445246076628,1012.9149350075068,2.710471351653577
2020-12-10,1.7734210671837112,9.991891120546134,82.52499429492448,4.8631712250804355,5.8474032090070756,-0.2641713542795622,32.70606951620701,35.509185260303575,0.23459869806341951,0.9344051099749455,0.4693131668031646,1013.6238492051225,2.672610566551686
2020-12-11,1.9272684801159796,10.806767460530109,48.588794998432604,6.426405925152225,7.162212357272688,1.3863264150200758,33.504617377271934,35.26830049126182,0.2971124459447881,1.2919210046695369,0.7160632032343304,1013.0807462107248,2.923917101438947
2020-12-12,2.053269104265087,11.054682004396419,142.75285041392385,6.012468395028626,6.250154572215537,0.7466428682847662,29.58442038332336,35.19221462856073,0.32368325127691866,1.4581105337714872,0.6690123326561948,1011.9193804387479,3.037794645320511
2020-12-13,2.113568424237707,10.520272075888025,100.08037922776487,5.597173305306111,7.020112579837605,0.8599033653755319,30.987876665101343,35.19046153003898,0.31207264001918095,1.5174123760792904,0.6833661785947986,1011.5949298107162,2.2512039297987285
2020-12-14,2.8374100628596866,9.893195710333131,80.8343903898855,7.035782371100248,8.313626068623616,2.2747068921464115,34.58657151339518,35.2403265336429,0.3761730698813539,1.3880668656968407,0.503235614360348,1014.604333528977,2.6470963638508787
2020-12-15,3.1350746501595497,10.73631704621366,44.58022745973102,5.621551466479809,5.5930561457303725,0.6876580957850406,31.547678787903756,35.213612979762736,0.28664995940213356,1.3683697709753075,0.7602984956967358,1013.4483929363763,2.318440046639093
2020-12-16,3.1083399326806287,10.891906314166452,51.42680843081796,6.064287506584416,6.291636679756513,0.5464290984141785,29.792097280476078,35.11469402082476,0.35535999030690474,1.4710311487784025,0.7439039828582314,1013.8756608218716,2.5551684495740363
2020-12-17,3.1968885899749875,10.463703760469015,61.09675586737254,6.968808526683313,6.392209964418596,1.1015127362345,31.69339794077892,35.01295400197098,0.28573167480681894,1.8829120327593354,0.6929270896939844,1014.2976991869187,2.877954746563565
2020-12-18,2.581327509368222,10.657094993545428,59.391691813628555,7.107457316942846,7.685484806882685,1.91895342185174,35.796205004848765,34.98697640162882,0.3980255077220351,2.1550802748241864,0.5933655350167167,1013.7099840037605,3.206518861007058
2020-12-19,2.7176911169339504,11.00278367100569,79.44387447447113,6.190275754119039,6.984337095256711,1.1300665678908812,31.28815724908041,34.92927032477938,0.235404243054072,1.9592322841677359,0.8903703515253204,1013.8873313247033,2.6834478999722218
2020-12-20,3.148151133809087,11.176258033487949,63.99179237868554,6.432464438753223,5.8226702054601445,0.27867957860519943,32.10607401368436,34.81724917101564,0.2967512899662934,2.5563403752443246,0.7665571582320616,1011.3167099076456,3.2383222881208193
2020-12-21,3.113885943875003,10.817983634493295,60.963193784430736,7.152226059622631,7.788780882781761,1.4185673732192712,32.91165701136009,34.75766528149622,0.4177817243354431,2.546322738954658,0.6083330645044025,1013.5217761540214,3.3904162613877764
2020-12-22,2.617196641633695,10.926108900471489,40.44527062945511,7.023118231944163,8.182904909235937,1.5827347817129152,38.23115422996401,34.807309121715946,0.4632515723947206,2.5696720889270703,0.499068613605853,1013.5398760364969,3.286932030378985
2020-12-23,2.776279368470476,11.238342464219395,112.45476331933008,6.755221391698472,7.584657502996441,0.8505205075748119,35.55450036011958,34.775706284238844,0.3535588780361643,2.3618822316399335,0.7683062954345633,1012.1992831887702,3.1599792320656928
2020-12-24,3.052795197537427,11.57790711223989,166.4928389876345,7.369234899233929,8.052307895882521,1.6404672436907002,34.62336984630537,34.902397221168656,0.47501476142782234,2.0800803460715622,0.8416170799093703,1013.3419020476312,3.075379195107735
2020-12-25,2.247838301316399,11.402412071696267,144.13768622220135,5.996003941923247,5.916990679995662,0.2268149896482179,30.62068499114035,34.87740503779132,0.20346514474100486,2.3931870358113216,0.7525323071297322,1014.5570953419509,2.779898896641092
2020-12-26,2.9367646233900357,11.861266545983456,134.1328897864507,5.856251531175293,6.055606103060127,0.40043972845326287,32.10080389743546,34.96541196575158,0.22103399247412514,2.258876544934328,0.8732531810284803,1014.7530092708739,3.4676072415749135
2020-12-27,2.575209568772734,11.61816976953667,97.30236460842784,5.562085002420733,5.468794897444821,-0.5812394881493034,31.201727384761654,34.95177408182926,0.26620228642474486,1.9943315849049175,0.8235449170660111,1014.3512356267656,3.146581659482503
2020-12-28,2.2760054777089653,11.817950651216293,113.53393175485809,5.543427761205153,5.583433277131996,0.0016023332136818613,31.295495644164085,35.11299064567129,0.2657045621326076,1.9082072695329688,0.7590131640870349,1014.6290556142144,3.214566993293349
2020-12-29,1.9982877437498403,11.723297720185826,115.85634665562694,5.535787279440377,6.794894596008506,0.18398865710760787,32.036718867799685,35.031111005028606,0.31659812741850824,1.7777346584461435,0.6606583705416234,1014.6759539548906,2.6830811316983714
2020-12-30,1.7053991559003445,11.357733810241626,127.98020827225854,5.766816914462417,7.020646203748167,0.8021001927183267,32.08233351209394,35.08864566458839,0.28655334316568526,1.864372725090438,0.7000239294290922,1013.9162573994504,3.3031756828079466
2020-12-31,1.8653818762798011,11.040178899158288,117.24788740847174,6.481432598812271,7.282831443089511,1.5421237113794233,32.35152154383698,35.06197764155232,0.3907352399507119,1.7326280280571282,0.4370338707905339,1013.3429553771026,3.0435637730165355
2021-01-01,2.144018194690708,10.548213451088765,97.51420698707044,6.569460587881539,7.53981681997168,1.3333325365614068,33.12986535124545,35.19916664772202,0.4006870585797262,1.263925448932775,0.5926569766892051,1013.1545324165209,2.7550969877385354
2021-01-02,2.686265756301457,11.1790109892211,54.299303523941646,6.1468494263551126,7.324597050398458,1.2000738597409584,34.43259495679154,35.20233363390083,0.40109022170549724,1.5012099295505958,0.5885693199960542,1014.4885763608496,2.7057229652591417
2021-01-03,3.006903404275316,11.540285261239582,89.02049466067055,5.404084770637323,5.7068913943988,0.18340309693237197,29.58714522707723,35.25390703940735,0.23033704724817988,1.5892632703445386,0.6172364387481871,1014.2804331654753,2.410347897173425
2021-01-04,2.8233568728710434,12.13071790776058,150.1418789363695,4.2253215159114905,3.550912721594452,-1.2498005195254274,27.088269494773247,35.408979838439514,0.1426485969137397,1.2058872442613724,0.6778105359341983,1015.5007271203743,2.1782710783832706
2021-01-05,2.2748158616699388,12.362724349907106,134.85861894137378,3.505788580500285,3.764199868016739,-1.3079836321605138,27.98191002829105,35.487869066358115,0.22913606668677836,1.2024052631668498,0.7597840879368065,1012.8950113913264,2.4752416416887004
2021-01-06,1.9000803290695327,12.45145392513362,152.26225509280127,5.3107907084217425,5.4406225540394,0.19414389466561222,32.87438785500889,35.2275340122127,0.25898297347100363,1.5353244275026945,0.8854414458570328,1016.0843192313167,2.7120908839907503
2021-01-07,1.3584654951551545,12.997022350208885,190.22393923938395,5.234735586087746,7.1387345456475595,0.8250834580705384,33.157129500590756,35.34688521489604,0.3619149391065541,1.447128985935593,0.8679728850440561,1015.4988386587158,2.5271326062414587
2021-01-08,1.3847085546472342,12.359102079866298,119.92471298186976,5.3871055036591535,6.531821251926751,0.8951311821859669,33.260126313717,35.287158442516066,0.34279713256514577,1.5731740258039677,0.6919026776240851,1014.4894119110759,2.5569548958174995
2021-01-09,1.7068914141853018,12.570919836652864,118.94196084346436,5.198240989216638,7.5265237813264845,0.6363691052575245,32.83788562996838,35.44994180913275,0.3302531762092055,1.1465273626360488,0.6704397965489635,1013.1007801231981,2.2647763828402185
2021-01-10,2.0170481903554967,12.403083195214897,93.67890745027007,4.824692348651055,7.033475659338615,0.1853579363443505,33.70442434619976,35.31141645915087,0.36787506662333186,1.2417182409493976,0.681616040678022,1012.6790159346781,2.4897126051041574
2021-01-11,1.8845754251698197,12.33864962150603,115.18082640384876,6.420877201724877,8.469322236963741,1.91177088710752,37.4099651199753,35.31527373772543,0.3981044632970909,1.0873701994158043,0.587406165156626,1012.5082486664877,2.4313666413258437
2021-01-12,2.3224943731335883,12.566808096361752,135.19647755817755,4.33138974002903,4.895226467697193,-0.24226197098646346,28.882563778245107,35.52621962645956,0.16708561438377514,0.7956444379782002,0.6241293882994023,1014.6359368823885,2.1939331928501753
2021-01-13,2.489675246679189,12.56565273408337,80.71642252404845,4.820114788494584,4.711348724018538,-0.048138306905214034,31.980749220152827,35.487391448561254,0.21889055420938452,0.907473890621898,0.7077502715825403,1014.4424788830839,2.0477342573615323
2021-01-14,2.1664170719522917,12.519961081737746,156.1416540046016,6.259645881082292,7.57648160501005,1.6598561652773474,33.28417838347879,35.20175155480309,0.381607532190111,1.4472707322801508,0.7486563033040783,1016.6317684028458,2.1860369557570745
2021-01-15,2.0677735579242675,12.173197606880864,174.8677512239501,5.877669364270811,6.795604707889374,1.0419796939775898,31.94010032354494,35.04522942819912,0.3122355192229085,1.6084335451851073,0.7711266138809596,1016.6382456576314,2.520482886592499
2021-01-16,2.2685773128280466,12.827501685851495,159.85311196010613,5.130020944174793,5.483002130517452,0.22318721480986925,29.918453615095622,35.218730553442434,0.2830704591570885,1.5175470497991836,0.7034024302987121,1016.8041353796823,2.611118893578427
2021-01-17,2.339906058054984,13.608466386754406,248.648141622268,4.504478006706871,4.803074695260225,-0.8915398375708008,31.353948116425006,35.21063344279307,0.3027407132976744,1.510548058097203,0.9577280899553378,1016.8216942532129,2.874235192611949
2021-01-18,1.978530405125441,13.499062513486892,219.47082700315843,3.789391395543616,5.478660277389006,-0.8330446330206465,29.054331725306863,35.26459763494348,0.21345727888812838,1.6216543874186284,0.8491957306903561,1017.7900222951454,2.294608895744722
2021-01-19,1.947314872961032,12.90955563480134,150.27120886977542,4.456101610066144,4.8378399389697675,-0.6549057823026088,28.193092809840607,35.18764336306208,0.19877658760337114,1.53608907745073,0.6163845052780952,1020.4553787562529,2.6405805883990228
2021-01-20,1.7756100049589176,12.516442502413662,59.09180446082988,4.999707545361501,5.19542512822896,-0.33769792775596574,30.456045763628932,34.98286225268432,0.22830519443845043,1.7195894262198876,0.741441551571103,1019.7272902051334,3.195524016896183
2021-01-21,1.4880224343820145,12.246253853818807,137.10883942365265,5.445413006292906,5.411890391062591,0.4050274592590149,30.321804878773538,34.91415815929414,0.33436382518346763,1.9627552850075913,0.631014727306927,1019.2784917430622,3.3301225149239007
2021-01-22,1.3535055747358273,11.83383695889656,84.75794289545522,5.83507524588011,7.238536843005031,0.5683772888385471,33.63237291369511,34.97740058707171,0.31180883398281656,1.562981006112127,0.47169543704758743,1017.191638475937,2.6117167963958106
2021-01-23,1.8922370841570986,11.638413077512133,101.94234800545206,6.241839495565455,6.586234005440368,0.8381615009947363,29.976046917317717,34.91660898436289,0.34583736555051736,1.788188966438184,0.6895820934684159,1020.1629500676081,2.788307214210817
2021-01-24,1.9496659778009342,12.123934980307403,112.82417641471181,4.527721646208854,4.243923429695385,-1.301532547426513,28.49602984339912,34.93936268216861,0.1743318482132565,1.6647182301504628,0.5793960078070931,1022.197658936727,3.0667009879343032
2021-01-25,2.328329461132178,12.35249050764389,85.3880281543866,5.431927286684663,6.3091222527578354,0.0952866015639266,32.08442427153965,34.964010769168276,0.299294284010762,1.7053304655622201,0.5191517153758342,1020.0350607711908,2.7958577903547015
2021-01-26,2.0247983047794134,12.888923600683,159.0877716523799,4.9724759598120825,3.9711998099147436,-0.829863017760169,25.755851286734746,34.99746634030003,0.15971943830836866,1.702516481423676,0.7411437823316676,1018.8510138913981,2.7218055478892524
2021-01-27,1.9712264705631828,12.713072976523291,110.76107597741245,3.1173679356110715,2.419977579107072,-2.238365562525661,28.8014945156136,35.10841470248265,0.11078238578801677,1.681972103694927,0.6223547618213763,1015.5927394674952,2.666733382982143
2021-01-28,1.6955514731109618,12.13661980294019,108.74243105079873,4.474047292583151,4.673750577626543,-0.33330336906577507,30.82749915476296,35.15761315699034,0.26726278149112626,1.1527739271950992,0.47703915925098533,1017.1439179284546,2.7138174028539153
2021-01-29,1.427713267018076,12.165290932858893,119.04523186057591,5.39941656109478,6.1643076744001934,0.961391827472018,34.51174825533295,35.098458480987844,0.38666664382541566,1.3333256822662143,0.5997117189010586,1018.4373893321928,2.5882821177421773
2021-01-30,1.3083706907294683,12.377517159579577,145.90558366907902,5.450627376846135,6.192872841105354,-0.18460007960728103,31.624221653647425,34.850903569880344,0.33033810907176747,1.743644450338819,0.4036344539919936,1018.4957326658832,2.601868680933371
2021-01-31,1.6716825756726168,11.67319902723644,73.41056713982802,6.241801076212266,6.844989779919665,0.8023216392341102,31.963916475982963,34.86519396629168,0.34214122519899326,1.7444846781657584,0.4521244243747042,1018.2745492903293,2.1879026403771675
2021-02-01,1.788950897074988,11.807985220936237,77.3161636968262,6.284873101845586,7.137656755650424,1.0772027952761811,35.06491269180219,34.825509092362964,0.2932887124381722,1.5482795135674694,0.6541845092281137,1017.5133856596569,2.4088043371371555
2021-02-02,2.4608824449745756,12.241952601405133,100.26565312945186,5.849502578712626,6.361469230270588,0.6049479206544305,35.421941756460036,35.00246235225675,0.3345436193166918,1.7619822926259048,0.3510751056383466,1017.5343724192786,3.0773103452451145
2021-02-03,2.81101806836557,12.495640349496032,157.58019146014053,6.180120058448842,6.935774276312115,1.361923282495338,33.04823338142776,35.02285605821215,0.32415702900184834,1.2736901212088605,0.5444139046223703,1020.0531912347983,2.451104260377287
2021-02-04,2.6203132355032874,13.339328822753412,116.431477892891,4.750332006768595,5.736610338721424,-0.006459971708476647,31.390422088229464,35.188814647261346,0.3441999892084282,1.5149589811781548,0.6372804577926973,1018.9291551607745,2.582671343005123
2021-02-05,2.0231778372829456,13.523032516950959,156.09678726001414,4.673692034008346,5.4159903712192214,-0.17302588275371633,30.88302427396972,35.38341925325491,0.2806843694062876,0.9861504908691956,0.5607704440047117,1018.9476374021436,2.2009110669098195
2021-02-06,2.053060194052939,13.068280043225483,154.0360597818923,5.166558445605329,7.330550058940853,0.8240955876481841,34.76384744105116,35.17232671781305,0.3971302804706869,1.185339906024931,0.5890837902223279,1017.4581050998952,2.3772211819347833
2021-02-07,2.330906086386928,14.080408668748653,218.65250767348795,5.157286971494328,6.45199612763993,0.6736154732352553,32.8499200000375,35.18892206790119,0.32061038003209436,1.011229194561197,0.5915818717253254,1015.819244924358,1.790599228737097
2021-02-08,2.4211894150918183,13.429923138405961,194.5818534557761,3.724043602731415,4.648028951247023,-1.3320027382637685,26.681621273745023,35.251772309237126,0.21721377783478113,0.9801350919964134,0.5590657635282511,1014.6670159473847,1.7981405448275558
2021-02-09,2.0943062474935004,12.95072040416668,194.2084328368024,3.9797984255293364,4.141489094550941,-0.8359624245169124,27.339961882941935,35.21653229137649,0.15788618412946087,1.1566659182773078,0.4822718639000393,1012.7087800714811,2.1576294581107236
2021-02-10,1.9339099294920534,13.74604923440682,162.91026095395026,3.925432586532967,5.01613560632363,-0.5299905922863832,32.837411929572575,35.30193172106781,0.25439149898020125,0.9767860323577147,0.7238291086119344,1011.5002286971434,2.3458754917923126
2021-02-11,1.6329287445709597,13.099903281734699,114.33265411089769,3.695700338751289,2.120790952345939,-1.829562017911593,25.209539386885876,35.13435562655864,0.07824315085473096,1.1929375324523526,0.605859404353259,1012.2329211203978,1.8900331498401257
2021-02-12,1.0984145231053746,13.230947700682181,167.5231689376547,4.307591301976325,4.297107326885206,-0.9043000817495258,29.06493762462905,35.13553369297077,0.26630510756430403,1.2164790330354138,0.5590277791410865,1011.8972427669722,2.236578646521603
2021-02-13,0.9801613969040945,13.81217450799512,109.03942740535447,4.026214127229441,4.891891592610207,-0.01397787340768289,28.446826725633617,35.296713624420576,0.2454936755703746,1.060714426046769,0.5337424677785774,1008.6911413546077,2.5186461875309787
2021-02-14,0.9480485597288001,13.37768019274256,199.33496498799855,5.282509176545528,7.339954104112528,0.5121808192755422,32.90028720722076,35.2809559290146,0.28638842290064825,0.8243992880926428,0.49195313549800035,1007.2065558042236,2.110183307535265
2021-02-15,1.2584305218194447,13.147375209477746,202.49216704986588,4.430731421544635,6.005575118282317,-0.4549125208886237,31.461901005059648,35.34837878434606,0.27702525930295246,0.8680241039837155,0.49801224907769864,1010.046240707479,2.085640200977761
2021-02-16,1.775925508715638,14.264481131728626,220.08727928733245,4.884579412397287,7.8067515257861375,1.0058999824841186,33.956907431508164,35.22867268873899,0.4285423686431192,0.8187223577227704,0.6200277496810614,1007.4653514175254,2.5628473470216804
2021-02-17,1.659056060249293,13.714951438462384,136.11544595598158,5.815949894400888,7.208280735600441,1.0317147988454296,31.711146152755447,35.128395171067645,0.38866425889011913,1.0989905463686036,0.5457641954785133,1009.3885788330078,2.4724266137123188
2021-02-18,1.8816144116718885,13.228804077516994,161.84362894656095,3.9527355221181346,4.195177999557193,-0.8900908368972306,30.047021262643252,35.07463291571841,0.2167757571793381,0.9926845873554473,0.46748082488034404,1012.1439159390948,2.9189270173266046
2021-02-19,1.7875702552722377,13.859197200616867,218.85344709809027,4.06265164154673,4.551042322186956,-0.9011367415445489,28.37723641320218,35.1598628367066,0.17165587937765264,1.2322874015836462,0.4677463455934295,1012.1367134555711,2.4940981052649702
2021-02-20,0.5245933997593741,14.327686044071811,224.09588869621112,4.805609322576396,5.4291456575256785,0.198083095664525,33.4747497002639,35.20360683482688,0.2706732295259669,1.1239701477014363,0.5016866292052868,1011.1475736298956,2.631550519822424
2021-02-21,1.5435554727844225,13.742142467706365,176.32310772949344,4.4445416238914595,5.338524662013774,-0.44998500661613905,29.19077729126925,35.17582880662185,0.28338638714566533,0.9719627513908985,0.5115628397326206,1013.1521554838848,2.144142439512607
2021-02-22,1.5247311265557848,14.207836445525473,231.89084850957582,5.042431932404242,6.584484701891878,0.9155737007147037,33.40987588931321,35.07375500429373,0.36681634716591,1.3584207570821243,0.401202584636276,1011.7944106137667,2.873354816100783
2021-02-23,1.4134698959446892,14.88482107105695,255.0771161439137,3.679002299822374,4.675158874039217,-0.7758279363786034,27.43439791194982,35.22645171813104,0.28240289708657623,0.9979199028824358,0.6154899045562584,1014.8166787019036,2.4587770244060105
2021-02-24,1.5613211145432282,13.839166680658058,210.82263712159101,5.134550377301887,6.679241976442273,0.23037660832349832,30.58609134381272,35.05295816339141,0.2816400445590589,1.2932659808046845,0.6272840117065337,1015.1041241792449,2.569952218757623
2021-02-25,1.6899379851352432,13.921708658254037,137.6687573057125,6.540793120425461,9.259893172007276,2.389521382851427,34.08592384184786,35.07007576415638,0.4565380133726408,1.1359325085561582,0.30770847793075484,1014.6102289380757,2.539036686843692
2021-02-26,1.8072470733130188,14.61406796309711,180.45600582047533,5.441155664391421,8.271613574099558,1.6051266882570907,37.68915324944133,35.13338968316918,0.42385059835896477,0.9849845413409555,0.5354230499643724,1015.7176311333917,2.4322245354406946
2021-02-27,2.31271081218208,15.408110620736863,239.92576774310277,4.365895868259701,5.2171974095375235,-0.2940243456745474,29.301088107605974,35.10189124631327,0.2646133598893585,1.3731626039308382,0.6842537267542758,1016.179726945189,2.4819793877726357
2021-02-28,2.7614681047442504,15.748586066272823,267.43731164167644,3.6556538317084675,4.720800070299904,-1.0541543150657413,26.584988395659117,35.083068045020426,0.33803101004163255,1.1754679564243715,0.5816078639928495,1014.8361165770099,2.525991390205609
2021-03-01,1.843976187717446,14.944610422679892,229.77376998328245,3.414000964594944,4.715890780608731,-1.5953050533396125,29.406428387375826,35.030119267432646,0.17279963600835718,1.4006393607515173,0.4579853954375446,1016.7104036253033,2.1182220504924447
2021-03-02,1.4296198606854928,14.948024707147908,268.6938127713071,3.876238179520578,5.453901621679755,-0.30366534870402834,28.33869693476672,35.123862624438985,0.25120811869154147,0.9859691052321307,0.5499966348903724,1015.8844909067514,1.957582888778863
2021-03-03,1.0211713868572545,15.747238747521159,291.6834056807862,2.2668372779705908,2.6140365781915462,-2.2029850033382887,23.317638545817207,35.269601512019854,0.1809021351480901,1.007279623517625,0.5750718665783983,1016.0315313130847,2.39697335749981
2021-03-04,1.1289279874786855,15.57685199383965,243.24826490390393,3.391357264306755,5.50680902001352,-1.2328531578447888,29.420516172488345,35.232333267753035,0.29757807058677566,1.01946833575323,0.6066681360973114,1016.428011503848,2.2152920364328668
2021-03-05,1.0258669257926145,15.109840733606484,223.62915151584045,4.519907028402826,6.1929688213044445,-0.4934777263322473,28.122080901080672,35.00747581131863,0.36609238913505104,1.2902795884925036,0.5164758335000315,1016.3044212498158,1.843833305811036
2021-03-06,0.9117319136084198,14.646240051455294,200.1914258616623,5.056208331330287,7.020003057106409,0.8333167665670721,32.17548710827819,35.04116822134383,0.2924765562201736,1.0975947429188113,0.452609669137851,1014.5908757353154,1.9676308216050071
2021-03-07,1.0503957598167757,15.06263100664846,214.21132117005538,4.23023641374033,5.087644807054951,-0.6271408371970513,25.07719811936613,34.91255394135595,0.23688078549848438,1.4746503866059728,0.3343836234607742,1015.8554659209877,2.4599297169813275
2021-03-08,1.3676691071457558,15.60459226564992,221.8203232208912,3.352001355117487,4.50003201289019,-1.4791289100348075,23.404313261715707,35.123712633529806,0.29793273683717025,1.3741814233552632,0.6146143649871735,1016.5588511374515,2.2827068868205718
2021-03-09,1.3873633994343906,15.474809467155065,325.75984874314054,4.554611432760589,7.245543849637897,0.44979086801467727,32.44204104874048,35.280771446096814,0.3199709080510846,0.8017980813478193,0.5464656041582558,1012.8616294587083,2.0946763743600987
2021-03-10,1.0292321839994631,15.15696428001626,284.1153116186035,4.271669559560829,6.140557766971404,0.5822225529775187,31.362546296580234,35.18017176763182,0.2627817885605412,0.6570065608648991,0.4265789056802942,1015.119510636999,2.1751272449436803
2021-03-11,1.1367234460356004,16.111983520894242,322.5500793170602,4.303875811863104,6.765740550816978,0.3933147311515669,31.825573695246113,35.265862199545055,0.3263639373268587,0.7850820892488962,0.6568132658982836,1015.4738303451913,2.255871605123653
2021-03-12,1.3561366209935033,15.832623398089636,288.2465189837971,3.5031778522578088,5.233034009284721,-0.827730624646156,27.841481944127576,35.24103230766086,0.27060416309325896,0.9222708410480149,0.521598934908399,1015.3983389936208,2.0116323849120965
2021-03-13,1.7736033391446497,15.535450909199021,321.48202757062853,4.208010749722316,7.3028412070925715,0.8366613004148229,30.181992112774342,35.30240881493389,0.3863446466558462,0.6676283796898509,0.3087980396617439,1013.776904561979,2.0699756443566195
2021-03-14,1.4755080834543626,15.265270772717123,258.0696890205473,4.2571884123103025,6.518682898091349,0.37975529548415576,31.093523382765085,35.163834131450045,0.3487507816495674,0.8213287057244307,0.3434714284871807,1013.8671980578702,2.105220240409581
2021-03-15,1.6410813378357265,16.112100785165612,230.8300028629189,3.5211794997338366,5.5268768919701925,-0.19400519821942772,29.561313959856726,35.23195783995564,0.31742719629393956,0.673322268657088,0.458989114188953,1015.0981153157165,2.14256900660065
2021-03-16,1.7430149705251854,16.716112474878138,337.29981046381505,3.4413188642945167,6.11071397641367,-0.4096426982808184,27.988239131828834,35.41094858691628,0.2905728701138723,0.7396709141507929,0.5146349758494476,1014.0099967182703,2.244452003974604
2021-03-17,1.5137051034462914,16.575631714280316,275.2148754618952,2.6973131765282754,5.452357467989047,-0.9333207711419922,25.757118117784803,35.429692210953256,0.22371673262981084,0.44197676405065134,0.463467077336562,1013.8691866739333,1.6927831634797084
2021-03-18,1.3093197628324207,16.418580856948818,305.29537997188027,3.973992026828796,7.158109411243147,0.6916071151840901,30.480142262145158,35.550123705979466,0.35402555474657005,0.268041134112546,0.4685043401505152,1012.2594821443814,2.4569347643578143
2021-03-19,1.1510143959667738,16.599150084763906,342.94664537204477,3.963235068368199,5.7176430865967784,-0.13682320441960966,25.18539827611068,35.374633399232536,0.253094158701773,0.5354984251743181,0.3296884062805504,1010.4977059070178,2.0253288434345036
2021-03-20,1.3002515556791738,16.570586968733213,269.65707600349566,3.923603430917882,6.641467289276973,0.09362386755263846,27.574162528190463,35.16296230948956,0.23862896288851393,0.8421011697360743,0.4141012501368625,1009.9382374326083,2.360390996140673
2021-03-21,1.5874989277758411,16.463357181803662,324.2532084193947,2.7325434656502683,4.648966598873789,-1.3555466156070386,20.573938681658284,35.20862307190945,0.18706882256120322,0.5688190735745249,0.5209171119405175,1009.4000001872782,2.1354450513808696
2021-03-22,1.6318579271609464,16.30066492480443,304.7116032279187,2.713865233215988,2.5417879906948295,-2.127283530400263,20.85179150732182,35.21692838574829,0.11929963236243907,0.9228661549267952,0.343559468665759,1009.5046630265064,2.026152228162349
2021-03-23,1.3462989155356049,16.33370510314435,320.0093833530766,3.3703777835987467,4.659742693242208,-1.0008940086117784,26.537389259532528,35.147736044389774,0.21237292690158704,0.9217037953313777,0.5489581855159233,1010.7380910810873,2.008033361411444
2021-03-24,0.8926698763178222,16.761031999568814,307.7719771166406,3.4618209993741136,4.092093244386346,-0.9977136985146453,25.608094409447673,35.14409499726159,0.2915504057044668,1.1479333707697994,0.45811951376731175,1010.2746019895766,2.559525215681227
2021-03-25,0.9207045394753053,16.779412546962817,307.81955966023213,3.426365559541492,5.2471820861085,-0.6803617990749723,25.642265933148657,35.00342166581373,0.25686359692956706,1.1984099597963298,0.4371128004708283,1012.2169229664626,2.5673780885815396
2021-03-26,1.0058942509165296,16.83509131531011,303.88239814719964,4.484484395080739,7.691575485302059,0.7959920740565273,29.507508536821025,35.104665942276775,0.37249870499725535,1.0176877054938684,0.42647158674482954,1009.2096019951047,2.595386337402932
2021-03-27,1.1932248372752101,17.278042119084024,341.89057649359245,4.263890217596306,6.932341949695026,0.4880925219008289,27.006632543512925,34.98930910925944,0.31113441524269914,1.2406038030520794,0.6294736319237113,1011.1836516335259,2.521855367276231
2021-03-28,1.3846176906198455,17.607062199408446,311.92587356713966,3.633878233292046,6.024568969901499,-0.5891582861891739,26.77073375730338,34.97228619295554,0.31789613629216495,1.3453677423391728,0.4325205749410125,1013.523031213968,2.6445844796681452
2021-03-29,1.5750110859216868,17.003088630885788,436.44643882363954,3.2563579745200997,5.91611806594536,-0.9175892339833178,23.974764252715044,35.03772046729093,0.2693985379350076,1.1534157746201892,0.41387355247916946,1014.8575021374396,2.465834632346142
2021-03-30,1.376501844918488,16.679476477205977,301.9736387654294,3.7646801738674065,5.563376028459097,-0.3412425388173359,24.74594299582683,35.02656941482902,0.28491241410499335,1.0635684630082267,0.49256517485158413,1015.0334579213919,2.4306980950745305
2021-03-31,1.1539385971478973,17.116411414936064,306.30982893108876,4.620672489353296,7.458765101732354,1.01945206451318,29.657326018716834,35.081553758477774,0.38254133535779666,0.7413069854495767,0.35822743157107256,1013.0019508093765,2.742286274404957
2021-04-01,1.1664338143749071,16.7420227327913,349.66613070701095,3.52501183871672,5.222617666782487,-0.669319520221392,27.42557468869604,35.08613151889575,0.32409721517108275,1.0544280777767308,0.2808091969876411,1012.5968535347411,2.539218776593616
2021-04-02,1.05908657416151,16.838437449140997,355.78066715685446,4.280824973039633,6.33801559121574,0.03282314335804075,26.60241203891182,34.97823086470566,0.36979925848403616,0.9412730482033836,0.3963021752742055,1014.307714104706,2.3679748841621615
2021-04-03,1.2412005022748551,17.253238438302976,298.31060427180114,3.266098355803206,4.651924695898019,-1.2768681786164962,22.323614208044937,35.00612013751042,0.2511426465832199,0.8769550719959512,0.36367021529086146,1013.0553763471835,2.2774296324743535
2021-04-04,1.1621524587264762,17.06037758822621,348.9686357176562,2.899213013397488,3.951476876029427,-1.205819321157892,22.078246964232758,35.08138579478306,0.22455330966620887,1.034999075054053,0.34751448646657435,1015.5228600808335,2.338856065777612
2021-04-05,1.1326473208294283,17.231806769318744,326.61717602704107,3.347899969595288,5.778055603838538,-0.30931979271276905,24.538973494133657,35.155798976724206,0.30835163977271846,0.926275962467612,0.3216742482123607,1013.1372288751334,2.5310156102520196
2021-04-06,1.0159316025642238,17.619971973192936,387.9360284470562,3.7614513736278568,7.564480034048571,0.5144336985216182,29.20345703606057,35.167445494205204,0.3344136443569343,0.6029802817656992,0.5077759712876637,1015.3013980869559,2.556036963884782
2021-04-07,1.063749310314443,17.311746299372068,384.51222603484945,4.628309478844995,8.177013391234174,0.7197688009968266,28.13228467321163,35.0089094116862,0.47149544118679976,0.8260920790591194,0.3531274426614004,1016.7926813907518,2.5092603936610036
2021-04-08,1.3488506617246636,17.84178977475726,353.9914525659217,3.3631137988086723,6.343921711610713,-0.30693864270752014,24.62634913056786,35.12099244037966,0.32473776567738205,0.8284517864249711,0.33476484933849754,1015.7771744525518,2.3394830224792704
2021-04-09,1.382660514996551,17.51978049781323,324.61661509130624,3.845417563298732,6.288994235659999,0.22653032359545147,23.74485678583044,35.06141968376912,0.3481652700596022,1.1615236598241472,0.38963958791716935,1013.1992379533409,2.6753765587130562
2021-04-10,1.3346463329087035,17.530477465758974,374.1992835940017,3.1960594773592064,5.536404561155153,-0.5078844639693196,23.42208407213259,35.03048446929616,0.27473449797010385,0.9983843712832174,0.3266109377660073,1012.8221034151167,2.1633303871695473
2021-04-11,1.441305792678564,17.028884042069016,281.4580749167461,3.5207995419300757,5.388495852718633,-0.048968311394750996,24.662677220066428,35.01960098233975,0.3118992586008776,0.6000341791470427,0.17634902206692554,1011.8563486844704,2.220507733335741
2021-04-12,1.1518178082050514,17.551617788279128,321.5430319852477,3.434732670485289,6.170653659295446,-0.26972740292624203,25.40195499403282,35.130752531097414,0.3969548336834612,0.9215887095173272,0.2821743511977049,1011.5459167658579,2.330746981125482
2021-04-13,1.2205334356102076,17.68644136786786,376.29631902529854,4.3585041443978785,8.44668478208446,0.656833658222423,28.50497786388785,35.16791399686733,0.44913191326875734,0.7612164076309931,0.3060134339805972,1012.573189573537,2.4810403440252697
2021-04-14,1.6573593614728568,18.14578497884229,438.1111714353701,3.0361702026422672,5.67469941469906,-0.9290426150091254,22.407608047954135,35.13765845409167,0.23023531756005486,0.6725302755862845,0.3179318408919795,1013.4937256003608,1.6999156727489682
2021-04-15,1.77447180314284,18.369998962750742,432.3184084711972,2.6389200746703807,4.89191102768327,-1.0465468310409294,20.032147692085406,35.292270594891626,0.25050022206594547,0.3911583983677126,0.41817800915899744,1013.4763088800001,1.9608959990420263
2021-04-16,1.3921002502770796,19.1472668425609,464.40341998390636,1.7119251208308335,3.257609522704247,-2.379038986219172,20.196573669816573,35.2394607580216,0.07865278589043397,0.8206592608936567,0.5717618563121214,1011.1592148657949,2.0456648141670377
2021-04-17,1.2016129989759965,18.75747283934188,439.8694919374771,2.2911533499426815,4.709655649232846,-1.2202936864464236,21.149533649503383,35.37601310824056,0.20964642930067232,0.3984328713004561,0.2910924449673298,1012.9980104751384,2.1684578970215234
2021-04-18,0.7844372257495491,18.387790516280727,427.0268334720886,3.7280262560797897,6.7065639241165185,0.7323235063933846,25.65333216536443,35.435161483979215,0.3872861433011431,0.28655249825137635,0.3025204526555224,1012.9573163120742,2.0403809370889685
2021-04-19,0.538447365446678,18.180370170440597,448.025047286438,2.7855756984653928,5.940922106622184,-0.5547093616482713,21.162103207473358,35.45834196810386,0.3219917154826833,0.15179726790133405,0.23900202526821784,1015.0708842515464,2.0854593519965308
2021-04-20,0.2769263869253807,18.119598728547704,430.2197395233085,3.2552563121414755,5.986678924684689,-0.0016037003665881344,23.041858949692184,35.2881865762616,0.31192088983539173,0.2878819232247247,0.3275987240747455,1015.761424901187,2.7000789049764222
2021-04-21,1.2707551174520404,17.81074651156199,356.84216194946777,3.5121162481249417,7.261750446168413,-0.056623858944969074,26.463631428370178,35.0955784240891,0.3577067095883268,0.7446933200946849,0.10307400554563234,1013.9355450941329,2.942923401951473
2021-04-22,1.406015120976203,18.26452213783423,406.63777722519535,3.5022721478161434,5.3572408450151325,-0.7485377018628937,21.16163919985964,35.141347091167425,0.282773030788238,0.48868834116194815,0.40149401378615507,1012.4215084982878,2.7535059980000103
2021-04-23,1.4628921135970778,18.21192454788663,418.91036883013976,3.2390379181043816,6.174829480259098,-0.027933010565087374,22.665364009711645,35.23209265115875,0.322776084273489,0.3920621592092808,0.16230328668449026,1012.980482169479,2.613471933149673
2021-04-24,1.3167901519339942,17.919995961498525,370.0892936883233,3.376167039396228,7.2861613649869055,0.13800590741012392,26.167077715187247,35.14401017304316,0.3706250091753322,0.4183568192094952,0.1651501857603761,1011.4757815643632,2.404805490933712
2021-04-25,1.4230181925559962,18.730422599640296,425.92289829702423,4.71937825218505,10.047414588278938,2.149703196721436,28.199924715142163,35.15853102799819,0.4701238531577785,0.6149240298550549,0.21011918574717436,1012.8002239785236,2.8045990318687575
2021-04-26,1.7578579183525571,18.72844599648257,449.6459208979006,3.4185243912260477,7.559036632488474,0.9438910135014906,24.402563681661118,35.17768325059755,0.41593577323583575,0.5066764542826329,0.22619125550382696,1012.6023184179531,2.5484009449692904
2021-04-27,1.6495965096893088,19.00988854733683,484.78194380818985,3.5846129877877053,7.131034488797041,0.3040548158930697,26.52501969721053,35.07931291956532,0.41174037788968615,0.911439645672048,0.37524992835236914,1009.7424050676988,2.6285849100898937
2021-04-28,1.4857377437456127,18.63522334204346,480.3042952385477,3.827062208017732,7.866922038962374,0.5172695947008413,26.453062178051837,35.26636908355893,0.448001807936399,0.496649489743058,0.4025039494839077,1011.7650803349771,2.350770541982203
2021-04-29,1.4259195786467704,19.271470169387808,410.44468276279997,3.3799948272185523,6.396643912097261,-0.5676103237006666,23.394184916253742,35.03081752280036,0.3462012457162617,1.1605155484814045,0.43443419433151725,1010.9705958874607,2.749048841874203
2021-04-30,1.5033244782629482,19.528698662181974,450.8844772070926,2.6197916553833296,5.536937465361823,0.07026299644523049,21.694431994838983,35.148696910528045,0.2627606679108136,0.7796452302165565,0.5520389495932334,1011.8184775220366,2.631840309160357
2021-05-01,1.1408466702774314,19.24923088723276,463.3308927679716,2.9011044657535354,6.581356664374716,-0.11184657386058855,23.452900363042886,35.09087268574485,0.4109595464732232,0.8228233604169432,0.3168478422887242,1013.260610739982,2.455623814643474
2021-05-02,0.9906046252526698,19.51940915065962,504.78935150994886,2.4946152020892534,4.987522063214019,-1.338440887622541,21.36745137476693,34.949506257997676,0.2943218925814357,1.116312884840267,0.5516545778167161,1013.7218801750208,2.505281480245411
2021-05-03,1.1600697382667164,19.408739079800785,469.24927864025744,2.5111387944086534,5.949471397704824,-1.1106431910435564,20.87881708870102,35.02595686667331,0.33496691794337935,0.846517194388355,0.47273467805671454,1013.3968802811225,2.6891615468858303
2021-05-04,1.3680555671048815,18.799754533056937,406.09024068762517,2.3998588347659537,4.776009483593574,-1.4071537952210573,20.224856329341026,35.10411576735672,0.27664237541728587,0.8103931182639298,0.34961579859670755,1013.8775964690005,2.510333255759763
2021-05-05,1.366243498683311,18.914666255215653,507.8937355914583,3.5594197254260895,6.183947755908298,0.061579967480274445,22.805202840215987,35.039267245583034,0.3432678008826432,0.8903893037073516,0.5454186255333279,1012.0013705140967,2.532405498147391
2021-05-06,1.5526201307453904,18.753641157780734,434.1787672256039,3.0120753832646705,6.292046098906854,-0.7601542877154033,21.72357277577085,34.871407553412496,0.3501426245341883,1.124536317263529,0.224710182493408,1010.8170280661292,2.708049737196045
2021-05-07,1.6037152421200378,18.73909750835699,437.92608962960315,3.1879880108227927,5.046378019281987,-0.8639967572246171,22.7198129101928,34.85902024539337,0.37485305119250373,1.1574221042035435,0.326356670495236,1012.5670089639408,2.6565874532598674
2021-05-08,1.4354304417096102,19.42971908956164,407.0800714723287,3.0139530867812456,6.080872129513051,-0.9224071844995746,18.850190105015923,34.869867003141586,0.29819135868949337,1.0841957721158222,0.19837368078992995,1014.1339106029397,2.338837759496361
2021-05-09,1.2383104203533304,18.504618979269715,422.1613616519797,2.277441396584071,3.8512158107385677,-1.952596464905233,16.012611000137138,34.88113064276839,0.23899073233622303,1.1288096613338683,0.1871773856947005,1013.9781512715132,2.6881241985297946
2021-05-10,1.2109254557851192,19.205066504773963,496.8112792398244,2.558700140606999,4.467032923874538,-1.4854573765388008,19.243643407455536,35.18158352345864,0.25461991609599344,0.6877099635663185,0.198525745197511,1014.9049451743318,2.2656654638273426
2021-05-11,0.9620220919242031,19.308926019897847,484.6810486051153,1.5813120742955538,3.413075641708767,-2.4564448097301383,15.345015844301143,35.04747483211601,0.18505805508505793,0.7975547670266472,0.3179731509923098,1011.2203520527692,2.299961420234016
2021-05-12,0.9720451145682885,19.18406573020779,481.521791874309,2.4681787241295012,4.44567627597405,-1.235877211826109,18.56343390323238,35.13282428949362,0.3004969026711375,0.8713789633140567,0.3723778263551866,1012.5860080675945,2.4333683594438424
2021-05-13,0.9143324208071618,19.33331869335174,528.148919986084,2.225904051444952,4.584620032035787,-1.35124255053433,19.046991439932544,35.03248924170931,0.23419814547120738,0.9012332825204352,0.2883996372451694,1011.7952676846884,2.6889173509367557
2021-05-14,0.8958419105470793,19.21954184897666,459.88034339928384,2.7558625326106654,4.5652138632328985,-0.9617611837916844,16.368593273591024,35.02765758440425,0.2640088942443121,0.8799640107240064,0.3010372208921101,1013.4230492631965,2.1174708614356885
2021-05-15,0.9323704413865966,19.82972413660839,436.8798772363588,2.8959633881200317,6.4620084305140555,-0.19742748067112395,23.242305600832324,35.10499655071034,0.3134614932380651,0.7969847539174583,0.38392074980010965,1014.893087998383,2.5489065707896508
2021-05-16,0.8964737046000653,19.07514334073394,491.61438362198663,2.880956435239311,5.551075425103,-0.6776179224173501,19.504902130491253,35.10704500838984,0.2931271934866088,0.6190263524579579,0.32647364548560565,1013.8786380749484,2.603566119794035
2021-05-17,1.0759761972948478,19.557042633698707,481.14605818678115,2.4123935675251804,4.788287197755678,-1.3167875813980492,19.403851917740084,35.092642382226074,0.259932458351253,0.8371962116710007,0.3810785074685265,1013.0408100153834,2.147332193565063
2021-05-18,1.0540937243970057,19.115360923443873,496.67433179467514,3.0678028950043292,6.9648312465419675,-0.2292952594097271,19.66726772241751,35.074481935198904,0.3822767872378584,0.7315982340198605,0.003117345248255632,1014.525158188569,2.0990986223830124
2021-05-19,0.9959503210082505,19.15088248821491,497.64673194523056,2.7655237831993937,5.39158660069133,-0.853676746881798,22.017278083232092,35.19572169242219,0.3206817813423236,0.644612218040436,0.18723146108164618,1012.4922980022142,2.2020411081934133
2021-05-20,1.0850923156339356,19.53907447068638,492.6735151687528,2.198483047942636,4.4145837167413395,-1.2058786433569861,17.597579939917203,35.27737198118115,0.24314754618024786,0.5539161545603546,0.272754126036693,1012.1247683781683,2.2007510796170417
2021-05-21,1.111234117345788,19.93257485319536,540.8609612764833,2.0010709302048757,4.901679021092705,-1.3518793053025522,17.89167194944605,35.50591109850892,0.23497810399845903,0.0,0.3452455950041513,1011.3401716058369,2.0718812957418473
2021-05-22,1.0398246813184366,19.373428707369477,555.1872963967994,2.1123844850146742,5.653893043167659,-0.5647714364685146,19.92105346888905,35.36709586356792,0.31311793077415595,0.2714783469382395,0.4972167284672605,1011.0475894682595,2.058781089783258
2021-05-23,1.1291413775994035,19.790572293229385,508.1547177698706,3.098446160270655,7.7189446973447335,0.23981274608665068,22.16335557490616,35.385064591724046,0.3511577479590676,0.03120262046456157,0.2403207039493461,1009.9620139444402,1.703373104005879
2021-05-24,1.2366948566142195,19.935117030511655,535.6963597341608,1.9904888904819125,6.02220473423031,-0.5489893637585798,19.988440378808022,35.41275477677662,0.40661448867619465,0.15963134087675707,0.25927345468073426,1011.0135362243976,2.086397686110899
2021-05-25,1.3239844968124506,20.35410123290667,583.1270155577924,1.8695684096553782,4.843763947830114,-0.9264642223389827,16.737964900383275,35.420018793276284,0.2406271016534391,0.28308482305773175,0.3496306658124251,1012.9923739958637,2.388648296616795
2021-05-26,1.3700331384484625,19.940969632152775,584.532424186222,2.735498998438463,6.514953617306109,-0.240299038282204,20.476396216625837,35.434623975755116,0.3548209589492626,0.2396098050868476,0.24532239626194519,1014.5403861346441,2.3841787277389663
2021-05-27,1.2746772716041275,19.68574234751631,526.1124895563762,2.4080104887555964,6.050435130419985,-0.3882514295781292,17.46840767763429,35.313910625823816,0.3145225143172238,0.3107936322939455,0.24869652621052404,1014.5166190672002,2.3449073067906436
2021-05-28,1.5089427727661235,19.92669334525459,531.1755161157047,2.1850014119642163,6.327993522403665,-0.5862478702171914,21.367526434355987,35.434646676232504,0.3395300350015607,0.30223796259812663,0.4262870428519742,1015.9386036287533,2.1437297582703385
2021-05-29,1.3845559965781902,20.182066964919265,542.6238596962279,2.5471577497863978,5.386153733441305,0.032062568059190055,19.931849921724254,35.514540799850295,0.3797568286228047,0.2519422712719618,0.4220092783241124,1018.1313276841341,1.8437304237143948
2021-05-30,1.2788899740813198,20.04750314077344,549.1497400065045,1.4059099616057655,4.279988417780631,-1.5399187568206116,18.534726894088735,35.59787143976829,0.3265484671607979,0.04596282811525899,0.4533702485566603,1014.9095488258878,1.8658198899930463
2021-05-31,1.0460585196400896,20.555628111860006,501.7055570245738,0.8138397685927192,3.5941968883036886,-2.3993021785329325,14.107294693214163,35.678552729515204,0.1872200402557879,0.0,0.4512418112263956,1014.1359161395936,1.629325628583082
2021-06-01,1.0830168252764518,20.15313480257951,508.80105073265685,1.912720024904954,6.486760215143704,-0.5347284225609463,19.31942393560798,35.623588904204546,0.36093643140975945,0.0,0.4285712029513074,1014.4465379760837,1.8784218003206654
2021-06-02,0.9836630573703922,20.11049374306579,594.7214421314178,1.5867731101871356,4.209731405525927,-1.427557938591405,13.745253770945716,35.51474701716545,0.29643427000267303,0.16489962805136216,0.3220939472174719,1015.9175501325878,2.19993341035514
2021-06-03,0.9321639554467891,20.00354810489795,515.3768703469224,0.8111669221965836,3.293136541864213,-2.735401790596138,11.831114549421475,35.33368917132629,0.1631326415224234,0.39490078910884796,0.33072031448518446,1015.0010435125724,2.131371616536885
2021-06-04,1.0602526263971337,19.907632070526773,548.7493447915797,1.8293186926645053,5.768752606680619,-1.374398785235115,14.632837259905507,35.28338845033845,0.2843056523849348,0.3069423626520684,0.2127685230431291,1014.1362880662814,2.05871143995743
2021-06-05,0.8610511094897995,19.63747572092145,544.3912187630635,2.6535461879920916,7.7337664777508035,0.2290847714946584,18.490044538919555,35.26255465323432,0.47584218326534694,0.7422956326380952,0.32267596323961323,1012.7286659624272,2.14030301303251
2021-06-06,1.0069255400148887,19.361810063132967,575.2966912933028,3.341713767159467,8.457089900218357,1.0354246494850006,22.721334423995117,35.20546535373944,0.45229796900982694,0.5570253316303792,0.12486893920296771,1013.244508116217,2.002507240298564
2021-06-07,1.166433602217081,19.824592901673398,527.5295912365939,3.437054251193208,8.750036656778878,1.0957109647103707,22.29375756815498,35.179300918074986,0.45070067052978074,0.7047547637363648,0.25736282214887346,1011.456118871561,1.7187850854393556
2021-06-08,1.4150531447331738,20.29402286457841,590.3064930316281,2.627635181674423,7.168744155996718,-0.09396534861129968,19.05517232691184,35.253559527076746,0.40781934388425767,0.7614356029183061,0.5170925585460718,1015.651834974136,1.851102766867633
2021-06-09,1.7785114967641618,20.4142346226833,585.2028060580872,3.1339210729536022,6.764961495077514,0.039870999361216214,18.73330839370962,35.30561193627985,0.3100941058905726,0.6175326978800773,0.3907189350116888,1015.2399486976701,2.1313618750468266
2021-06-10,1.5573967762464038,20.40774434160017,582.8630367565355,2.568470917793373,6.9962220994548945,0.057247909886070286,24.207363941724196,35.44841906937228,0.4101456332508378,0.4705506715431603,0.3050255158149532,1014.1543523388349,1.7689268112024517
2021-06-11,0.9855173232658863,20.247577710430203,556.9921140346434,2.752216866316548,8.17904828924196,0.5282840374810085,20.101334482038524,35.457366750121324,0.3838618789956837,0.12917324795258173,0.23374903021892135,1014.303824492524,1.854205182853708
2021-06-12,1.7862810630754338,20.543151538021668,467.83127551742115,3.6851672131913134,8.46311406649787,0.9060813099942265,20.326937154708265,35.37846953401171,0.3901336922176828,0.4364299539974702,0.44303394161361487,1014.360946353546,2.23717273031106
2021-06-13,1.576917127199258,19.597689289440545,524.7482096951263,3.951096412133312,8.72967913014865,1.252784598175696,20.994928375842253,35.04978656416345,0.46573211041601126,0.8097272390790055,0.12126800719027148,1015.4564902088414,2.278428710762266
2021-06-14,1.4630989972634414,19.441502779629776,561.4944216404056,3.332723219688459,4.877579336817197,-1.0909406282295768,16.02501265625778,35.09754851243765,0.2900544511946087,1.0593581542237054,0.46079926309991737,1016.288971135599,2.388559194089626
2021-06-15,1.571504622957495,19.724513554057566,621.7379247768685,3.192775827806428,7.200907104699451,0.23716196667727377,19.376577833929062,35.21800374987593,0.36991774253813636,0.8341161802326136,0.23774437211220156,1016.0792510232149,2.590811634971807
2021-06-16,1.524000820102089,20.474298704126706,603.6451402397515,2.8026729440206712,5.292741421208953,-0.5383074632500081,14.737612247596973,35.25994592216643,0.28204385956164024,0.5715756384347593,0.494839478078604,1016.7760972266803,2.055091229711317
2021-06-17,1.6472122289663045,20.159555473867595,510.11295716922154,2.216872440029705,4.764236507767714,-1.0895056310765348,16.201754769228113,35.20656005193792,0.22827158499299724,0.7203510465128151,0.3169923997050522,1017.3373530051464,2.1168412630804228
2021-06-18,1.6383837000626962,19.7265183551147,590.1436577460403,2.871127854952982,6.720928687077457,-0.44236832535451004,18.06766074544967,35.2131875327905,0.3092951747714118,0.623628844529038,0.2620420342303015,1017.4855005258313,2.5984382398324275
2021-06-19,1.4012589444640071,19.370493105096394,568.9240856792077,2.7032640109137676,5.8397400135859385,-0.6686434208301983,16.358389463343027,35.097797370354456,0.2649394084435586,0.9790843832993287,0.343908224352511,1017.3168326768975,2.2477896122003025
2021-06-20,1.2692911667576605,20.315101257249857,555.6394972148508,1.3389586686377601,3.733073964836636,-1.8324478744215076,13.164843826629136,35.070943315966325,0.20678987661980336,1.050005576100567,0.31033062694979513,1015.9891909563123,2.173378071111931
2021-06-21,1.2719862621645586,19.781249899726387,560.6020893227814,1.8589044622967033,4.748096112861128,-1.520270489435336,12.848735839024105,35.14910638670199,0.24258205331069876,0.854273452586977,0.32037267641603734,1013.985488020558,2.2460112459555805
2021-06-22,1.2641633086075341,20.204158748042932,596.0589627092791,3.0523218861379906,7.539606524414219,-0.04886028852955093,17.778216034792585,35.2133469492477,0.37249129683593063,0.6463063979428989,0.3616421028098207,1012.8120941431094,2.0583868217329355
2021-06-23,1.2584544540693865,20.338497858999236,558.0176539722896,2.591828842351176,5.838172527536879,-0.5506522702806581,15.122553274257557,35.245889786121325,0.38393819168263765,0.6881556765256215,0.31499440508329557,1014.1810708541393,2.4457280526162517
2021-06-24,1.2527459553270568,19.73031349978785,640.8586126693474,2.9228254235436286,6.308058427276075,0.08510217520003738,23.038856232410474,35.30582261324118,0.3220688181134774,0.45692765037377736,0.25403446902521765,1015.745283377842,2.008119753724028
2021-06-25,1.3831672156293036,19.921733138185395,544.0613862182306,3.380262521434344,7.201867585214715,0.340703751850505,19.695865551189176,35.22735089267209,0.4005207772042723,0.7414140143673796,0.3854670762888696,1014.389882472271,2.451371118592481
2021-06-26,1.2418724605359592,19.718321573545946,540.2138083434079,2.7983349786829983,6.439960174876896,-0.11384211508447067,16.015459973244102,35.23825790778468,0.3776237654435278,0.7209827142393468,0.3502275361595073,1014.1113441314641,2.2772650728549575
2021-06-27,1.4399760043869196,18.771357358662108,521.8086272508777,2.192957158032001,4.683652144022018,-1.3475069003585889,12.733244389420202,35.31134430231106,0.2525668436669096,0.38938128156986185,0.30325940159485,1015.5611998717274,2.621278775826656
2021-06-28,1.7594888684221863,18.68076609304788,537.4624705859824,3.593156257081632,6.9474316455353975,0.4290730321373817,16.54067399515963,35.280462370325566,0.427946068195525,0.646485007563035,0.12340399115694464,1015.3697209501047,2.5151965732599573
2021-06-29,1.7577709025952957,18.692164909598638,513.8498576755761,2.8815328561573077,4.8703735261527585,-0.533789950612237,13.45495189591745,35.18381267438931,0.2909981754096391,0.618727209923943,0.32968028414746076,1013.8582920707958,2.6599392818389958
2021-06-30,1.5347800996199927,18.331840058798306,522.4357281699506,3.186583554116793,5.635868403028642,-0.7034528596346121,16.125228724121005,35.145774449180806,0.3541313603230509,0.7411873408692923,0.08854391347176808,1012.549192848387,2.3483431107534205
2021-07-01,1.8283354444631692,18.868972381687424,472.37434578904595,3.10125180700069,5.320572863798128,-0.4923162348164487,17.28570180854404,35.14612892356055,0.31792891991341415,0.7230081950302356,0.24718588814870668,1011.3849388338313,2.2291491365469893
2021-07-02,1.3682770729953786,17.859448319404184,462.5959095088111,4.12274155397058,7.289198138998806,0.47787807426706486,19.286628093201607,35.069193136920084,0.3366434525493434,0.7730974505409973,0.16821175706901767,1010.5037531148361,2.0358701577397307
2021-07-03,1.3699112452598055,18.335296646870894,462.70564815884524,3.848151070502427,6.395999833164153,0.6754791415090897,18.483703900236364,35.046785321065784,0.3460175061179928,0.7677987303228752,0.1442645883539171,1012.1590566737267,1.999641486138877
2021-07-04,1.4609972457608982,18.754668077812028,488.78850052331103,2.371048844089506,4.855186901777403,-1.454015287541643,14.960486173225751,35.28197545593813,0.2310267516452926,0.5741545073846707,0.1887725076433346,1015.2936720266473,2.1383758723850264
2021-07-05,1.4577106749574218,19.73618607910259,551.7310358709753,1.8522736802125996,4.629138004799897,-1.6540137538997008,14.10354630753336,35.09231741105586,0.26432101345933345,0.9946205565639927,0.3200402153562651,1015.448367573835,2.188473366256744
2021-07-06,1.452237898945016,19.238565763776773,550.014880723441,1.802387985493659,4.029603907207215,-1.9230433939175762,12.21418861747326,35.14191513809277,0.18746587155024952,1.001830266365604,0.45502006149674895,1013.1055029105536,2.7564444421556957
2021-07-07,1.1770599561202686,20.281683238086565,531.6680870066452,2.4174270851051327,4.82631765653101,-0.8446935744224994,15.75838402813607,35.18766927600049,0.2858003332071145,0.8508570195288383,0.5336328544158085,1014.6208408445465,2.2837404278147173
2021-07-08,1.0891445303211817,19.50203527680296,550.3863348306761,2.4855455854999766,5.40949797584119,-0.7510666646981726,13.144001078830305,35.28309333370178,0.278103390715146,0.7463759489961378,0.4229733700668512,1015.0964108873391,2.310636658574876
2021-07-09,1.237788523208932,18.99087007754239,542.7879621024861,3.1718503334084356,5.428055336837272,-0.5009448838684897,15.05571752619741,35.14875369194558,0.3374906046240419,0.8602919035459888,0.3829218845581084,1014.8802496283805,2.315720709948359
2021-07-10,1.1507523202170706,18.920216932084735,488.82057815248737,3.1672182667506337,4.702627413237188,-0.48523792454802095,14.672225039150234,34.99408044727542,0.2659226213458067,0.9267243007339432,0.4065048837464561,1013.965397352269,2.447589661484044
2021-07-11,0.9654649112493999,17.952638955979474,453.5879336862785,3.2316133899324337,5.060955943093139,-0.40995764846895877,16.46961541896754,35.07368206881013,0.33313224161371063,0.8595898770276,0.12367679007670301,1010.2828425460733,2.431268635785345
2021-07-12,1.0122278454601754,18.547318459158575,517.7270237515627,2.9669849184935497,5.0209894946570115,-1.376937337177154,14.597515814450679,35.074057891293016,0.20015368424786167,1.0669978817499721,0.28735054625585627,1011.8492932095928,2.547854290506541
2021-07-13,1.248121818489905,18.43588908653084,541.892139905015,3.3444569913801594,6.565808821372037,-0.14772488515239515,17.268508514737327,35.069151212920886,0.304073375815449,0.9469633558037863,0.34393367866294877,1011.5331238909188,2.571883760724592
2021-07-14,1.5060306471390648,18.311620534129432,545.4620250356108,3.7336742603521076,7.0223537209336575,0.3022285510287599,18.2148494883198,35.04392304584072,0.35220588207283604,0.8813621562862712,0.3366825531712027,1008.0417261367005,2.591554719262434
2021-07-15,1.8991549515496655,18.473223069870393,490.74081321062624,4.4968633300600915,7.87912072257251,1.2783366207850109,21.17167085897603,35.0571841115501,0.48991863045486417,1.1642525645551614,0.26252879438588383,1008.4924195434561,2.6606388003007275
2021-07-16,1.77352623769215,18.98882233206196,496.0399054375845,3.066777089174876,4.844255362326602,-0.8555568208404671,16.245503212928583,34.916899335357186,0.26483253797437983,1.36551170431987,0.25664070599460315,1007.2296786887154,3.0128863732143083
2021-07-17,1.8700674742325316,18.03256943226449,470.7089580887898,3.0842080560829555,4.803591252556334,-1.0859335169268076,14.746348073598337,34.8533716163373,0.28896035024382893,1.302766632513896,0.21383255622879008,1010.3984271152133,2.4811363955925576
2021-07-18,0.7168926751431562,18.027685962644714,502.62034262643994,3.7377064004488747,6.340553586599736,-0.32064944720043664,19.97651636832774,35.00195856856382,0.385612707799621,1.2317466538942385,0.2744921281612581,1011.0506233669079,2.1348425609718085
2021-07-19,1.449040625963494,18.342288692359514,483.30063096416484,4.219010632293557,7.766071568190927,0.8722453479098882,19.02729340435594,35.17065431214403,0.3571679638420943,0.9469321404993755,0.32181061013873685,1012.5304162766048,1.9031626975075349
2021-07-20,1.3441664926734225,18.06451681318371,483.2581148234493,3.2123246323915153,6.791104532341228,-0.3138289239015091,18.448718515318873,35.141027311248635,0.28502511200649944,0.9442960090901871,0.2104257103087051,1011.6883843458016,2.1159988621277153
2021-07-21,1.5845097706913036,18.28961400230798,504.60152178038663,2.2490405173260166,6.028219794621156,-1.1528082002705289,13.160748178078869,35.19308510473546,0.2981265518861888,0.9877755746375254,0.321809603139784,1010.7615611742187,2.0396177946453236
2021-07-22,1.9286928675185377,18.35999828757999,475.51115963818677,3.0202063447339293,4.286953863953711,-0.7705002248292746,15.730895723442874,35.12845969235039,0.27250080155153833,0.9829142920964719,0.32775085651445934,1010.0687670838134,2.6313963956808917
2021-07-23,1.5543256095244966,17.925703438271057,493.3564381252826,4.050714705556835,5.938027912534367,0.031659604541947134,15.945165390892674,34.996126598494094,0.34016301510214414,1.152979254679802,0.13405931750748445,1007.8723631696038,2.734383841151412
2021-07-24,1.4238565630157571,17.64245101418903,531.7992399357312,3.7236161059775146,5.744829092012468,-0.3915085608872074,18.314517217432066,34.87232989895438,0.29996677977152475,1.3576889696712422,0.2545651472925836,1008.1812775634123,2.6870691597623577
2021-07-25,1.5532031768186079,17.42029829550706,459.3513773267813,4.623855248256221,6.93358072453012,0.35775502604288034,16.691809275745978,34.75051736744273,0.3701680875123837,1.7700262605617683,0.2506808410746277,1007.1831884997047,2.5889757606558206
2021-07-26,1.4206337227514518,17.63907548633356,473.4457542587439,4.30231494590262,5.900694311303361,-0.021463669678386393,12.739820617795028,34.70487160489281,0.38192986716306543,1.8037648733217817,0.22973222946235444,1007.3794375478236,3.4105051480669006
2021-07-27,1.5486405511619403,18.722054238695733,494.4076092189261,3.6430298141082815,5.650040865033754,-0.7776781023757848,12.976087320224108,34.898418376151746,0.24914382949620534,1.5674034177515088,0.4666431502767827,1007.3964085228537,2.9532222426208485
2021-07-28,1.5386516083693502,18.338520250337034,498.8482705956024,3.60808424911645,6.498202342103379,-0.1456532446892667,14.511262259057021,34.9642538939375,0.3000244797559608,1.6095234535271965,0.2732915771688858,1009.9600320018808,2.564030656414004
2021-07-29,1.5526546780228119,18.162705093924057,543.9102304085719,2.458918317909607,3.7114681198322916,-2.024976565272517,14.69000151330564,34.76617869614973,0.2450715021580205,1.9209737472240418,0.41542367083772375,1008.9475771736793,2.5987576685024885
2021-07-30,1.4117768040457916,17.72707955367307,444.02188730185617,4.079888359556856,6.161206402466319,-0.27186637921728096,15.07243373965811,34.749185759029096,0.3507831812876395,1.7898947069737605,0.24668010704934307,1010.4261956673017,2.6226680665930067
2021-07-31,1.292095385178853,18.188163205165168,488.2616837612452,3.716693985255568,6.77688149760242,-0.6858947384324527,15.544348720841345,34.913874640548585,0.3527336174940405,1.4130424117230553,0.23714138817060412,1008.630375218139,2.431791137896929
2021-08-01,1.340394160986413,18.03083110685267,484.42954059748797,4.296451352240596,7.045658460502531,0.14983167017379437,17.481618861715194,34.96524645632713,0.4024169752646925,1.5023397677157462,0.42971834720109525,1009.7666547568274,2.5595905895763207
2021-08-02,1.546108716004872,17.500801042661127,567.0981187916236,3.6354765840978804,6.0047657615977545,-0.4916515334184981,17.86332264545243,34.92182043936816,0.282824026892839,1.5595536338291986,0.29591790984443506,1008.9513823919065,2.8145728762123685
2021-08-03,1.5248201062962636,17.790774618795993,453.9859342729303,2.9552391681011363,3.825381294514667,-1.7710306375766816,11.729318412397467,34.91853204085336,0.20434122588524384,1.8422588284987498,0.32842385463241675,1012.4592880446407,2.9154370543007078
2021-08-04,1.6756100877293365,17.506284729665094,455.7805174109547,2.9569458130846367,4.7580466649904665,-1.2983860210033598,14.478895104562149,34.92651708479403,0.3101714829881102,1.4381307518330115,0.3878133236061094,1012.6375780752635,2.7633057459467594
2021-08-05,1.4358190334709933,17.2410857778726,463.86135012523874,4.099713583543185,4.8749506132812295,-0.6977170415398906,14.875938070607386,34.83271876429643,0.26508284402531673,1.8987846999368485,0.3290124263929178,1013.7156810918771,2.8665018937115647
2021-08-06,1.2493159334683803,16.651773070049813,445.6138290036723,4.708767374962038,7.022146853554292,1.1408606847861449,19.566910152781563,34.88223882935419,0.3949396942370319,1.3941061375790005,0.3135769483628702,1011.7459909984705,2.652301002312398
2021-08-07,1.2892440088889567,16.797793989039654,451.2736777404035,4.634878866998663,6.725209914062515,0.5671382063178798,16.18137756090523,34.874179832271984,0.292976206800108,1.6050058658103876,0.11137028810482105,1011.5064426947333,2.9503772429351116
2021-08-08,1.6648000389382653,16.982826228188614,468.24172639891384,4.061404339897997,6.620708456264189,0.2081638650789337,21.77492917892612,34.971649414298724,0.36832519986535306,1.5336958608301903,0.3668591300129899,1009.8344908133785,2.991819482031322
2021-08-09,2.2760304874339785,17.642783815271883,429.4194628860998,3.748908514905234,6.600087270217653,0.15397847841434778,18.294173449163175,35.05250015869406,0.31256687635313135,1.3772059190101031,0.35653108884799745,1009.1982125622144,2.7205124785328465
2021-08-10,2.196300931218849,17.564221034712254,501.5589893091652,3.458043433540203,5.819439089246831,-0.6094419934371623,15.743684467373138,35.135081521267274,0.3245456994162118,1.4523266242076214,0.4705872555006302,1011.0671212182714,2.9375207759217465
2021-08-11,2.0527435119230284,18.338936795775428,479.01029995884903,4.000557374349367,8.32882096479091,0.6372001380055989,21.613743945117964,35.33978617145222,0.4176493854951914,1.2491061661874698,0.5118051471298871,1011.9685294214867,2.661939872658625
2021-08-12,1.7247803732042595,18.058325189384217,496.5423147856524,3.562473803716242,6.074892645977327,-0.027398565514391945,19.481557751763084,35.37677819552112,0.2860650100777886,1.0463408276758548,0.696455371335084,1011.7623668574618,2.6941178658475122
2021-08-13,1.5627567827951585,17.629717140722104,515.3534818548424,3.4377188999599486,6.373388216263544,0.048509898007110516,17.55225174995417,35.33786734796086,0.33035999394843146,0.9706577732405636,0.6667927277992368,1009.6230071690879,2.1852282042472995
2021-08-14,1.3661318978240422,17.151705348757314,507.04739671866673,4.2025752839587645,6.747621885021845,0.9534808582283752,17.424223979412844,35.20582507410896,0.3587211011539643,1.1642912546392954,0.38883016523699027,1010.3178946255183,2.387442212238325
2021-08-15,1.6371245012380728,17.02505146308888,426.3008857374094,4.399629902349552,5.716288459503468,0.29760697827317073,16.905029182719865,35.07565066532657,0.2664947802012191,1.5254047558429413,0.2664059536451616,1010.632714439945,2.784005624508322
2021-08-16,2.2819442719669323,17.744857830179257,454.43307860456304,3.735689592607871,4.86010666353886,-0.3748228909455377,19.329997390699923,35.108341805114456,0.29534923951554826,1.2368730195684978,0.658089688423462,1012.8343128517168,2.50442510723883
2021-08-17,2.2748316584240458,16.517242910386493,417.7936662588669,4.0891217137527756,6.494301800770791,0.052348520986660235,18.93140281251529,35.17169594175644,0.35578268476065217,1.1692752957429744,0.5216203449099539,1016.3496900111425,2.3770122404742557
2021-08-18,2.111956287369554,16.679774126019602,443.09152581643644,3.3726830090722357,5.292737140919901,-0.5915383458045896,18.233799819343147,35.17916263025778,0.3764246260287881,1.1889397503893067,0.4271443582107087,1015.4161072359155,1.9644326248611312
2021-08-19,1.6127285668861846,16.96334653901927,429.1180352699783,3.7135768532697995,4.926904898440152,-0.7465152841454294,15.617007230893119,34.94280896216637,0.30883573700887174,1.6281163437366486,0.43175788091167083,1017.2685742217999,2.2859583068690643
2021-08-20,1.4910541881759036,16.579269847987117,502.28386196724875,4.961999258043863,7.590522858849946,0.731822442274785,17.090998997063146,35.05741396676287,0.44326388803930794,1.2634377502171188,0.39117471738241727,1014.912872556652,2.343014993830831
2021-08-21,1.3900195714730565,16.296651530275646,381.4361751254531,5.121081206861323,6.882793995172214,0.7829904746841553,19.16821624055961,35.04989123892447,0.35247297346222173,1.3571652479199248,0.2762212639444802,1012.9717148967407,2.8292671341808076
2021-08-22,1.4551274251086117,16.04412384284902,393.86947376551075,3.9743523685557096,5.930972564171217,-0.5503889176075222,16.643466532208087,34.86136276883208,0.3143346038564218,1.5941333802825493,0.5279975502009913,1010.2436412636386,2.737384961545473
2021-08-23,2.143127964199903,15.965356091179773,405.8560116702653,4.203303615036604,4.992085502140239,-0.8370801368141388,17.948614380174757,34.786177154579654,0.266579816299144,1.9076657191532371,0.28353306161825587,1011.9593275779438,3.0410216832319588
2021-08-24,1.8672893331132345,15.848539659254595,434.45823112568894,3.8965050837741355,5.056261578433031,-0.6117398836804708,12.328379683934024,35.006931641577765,0.2746804246473578,1.6750775344419402,0.44516918910364534,1009.7373362363845,2.8658396149287384
2021-08-25,1.6906688291777254,16.91079162187289,516.929730455596,3.6032469485036884,8.304867146705899,0.4217564398051302,21.898998841487803,35.30319733172917,0.41009879662772686,1.2017975719350966,0.659128762667076,1012.9290403350974,2.6331212934835526
2021-08-26,1.6714634373444992,15.979090785067752,408.0638389293527,3.7797525291278244,6.511394468535928,-0.6840227400245273,16.995154122715743,35.09573244849444,0.3178261982101358,1.3445403673589893,0.47417309726420837,1013.6980696001223,2.3187393931191487
2021-08-27,2.03276640941782,16.110540135669908,399.13946702840036,3.5807058297075645,5.678057689667961,-0.6891453891826805,14.077812856116488,35.232914809493984,0.26589355884363586,1.166806403195881,0.5264007498839448,1015.3527747144083,2.241401194188862
2021-08-28,1.4964789117965898,16.63799724373922,444.94437220429796,4.153424870592068,5.94566812592903,0.26778711168470315,15.184817370677875,35.182015734038444,0.28734552404953884,1.624459959417316,0.504189811525769,1017.0552913707505,2.831829839905168
2021-08-29,1.4760816401279737,16.132929144593977,430.01954450212173,3.2731615525433178,3.304550361358894,-1.3213657462122421,15.19405861433663,35.02043651797848,0.23576932343967344,1.5209891814725032,0.4998742031299206,1015.9687173944716,2.3047480758836363
2021-08-30,1.4503243250717441,16.59095710416331,370.62104812948854,3.9528581368135494,4.959998289994212,-0.3245064192850174,12.981993813095897,35.09621047607204,0.26903305359578045,1.4733676770618573,0.5734899157939528,1015.7279207135078,2.5040516730160842
2021-08-31,1.5232039016325318,16.331023451577217,394.1515172385679,4.19926103430786,5.770702988641441,-0.4185206205101278,17.026424243370446,35.00927904040644,0.32969041906841734,1.6530401417242773,0.4495474811658229,1014.4620191797687,2.410610936273241
2021-09-01,1.3992426749235025,15.64513132235644,386.11066822649497,5.224329664630158,7.399339052503549,1.157648996077806,22.146298486606284,35.06713309111802,0.4073472412675773,1.2719084899498454,0.41771545903860186,1014.7374413093747,2.356812165758378
2021-09-02,1.3209088775292857,15.525134907162174,365.7169003148627,4.568260095119847,4.886949157465014,-0.22892281503056255,16.569341724057697,34.97312297324329,0.3346060440111517,1.516827945600234,0.4733590304567852,1016.1648966472873,2.540083239807218
2021-09-03,1.5859911209319522,15.696506420219956,390.1533574381206,3.9320733696531303,4.777184953634417,-0.6982202391218285,16.86203788502103,35.09654387857833,0.2135732979753151,1.5151006822346578,0.5468333484224454,1016.7052113066281,2.0297683771108335
2021-09-04,1.9911152117779494,15.32554525869065,389.06155058107134,4.304549234418307,5.704895662742633,-0.3815651898125108,15.65067236521378,35.16729241199488,0.3223608560163679,1.3350869047691656,0.3896755673494988,1016.6297940576575,1.9555715637122284
2021-09-05,2.032107417001484,14.658543881420192,318.95402216337254,4.871504830462605,6.454918795242378,0.19231132084836927,20.201068639951888,35.065733401182534,0.36493756605007877,1.367155073188879,0.2913545843624981,1015.5687827909854,2.4262147367735563
2021-09-06,1.715059661557919,14.762455092740487,367.53258625940174,4.96185999931418,7.905700290440014,0.5633359645606724,23.58604805327169,35.11086053696381,0.35204014688422985,1.3820916316482879,0.3753882636773699,1013.1512552205647,2.476149786137833
2021-09-07,2.307166264042262,15.03066936819068,266.7656986109047,4.239379410905303,5.665436145095146,0.1575633165109211,20.514972570874665,35.13379110512745,0.2751267432451666,1.3982405951793577,0.3033016014700267,1014.9089171326567,2.29256122539756
2021-09-08,1.7270875424148806,15.589712267851025,361.4785944799138,3.2976120609282216,6.351771529347297,-0.28758368861656747,18.36168334623797,35.26402326349326,0.41074669048300094,1.2454210073544283,0.569626228888854,1015.09645835701,2.0778213736366897
2021-09-09,1.5163661456374853,14.76179981837284,362.3871439964416,2.939016103342726,3.1724229572574343,-1.4817955229382855,17.981757063116433,35.037696194021855,0.17794426643933173,1.6415761873630252,0.39554366034920085,1012.5169623285212,2.161851888170821
2021-09-10,1.2245686423090496,14.23122309458695,358.85408363116665,3.9960949972416753,5.102960810686837,-0.6832048431503128,16.48848854755517,35.18818412611095,0.2708916985636978,1.3251789330534176,0.5178919415744462,1014.7315620166037,2.416870950995234
2021-09-11,1.194671664525112,13.91254987576874,319.3442885498481,3.699857396501704,4.0530368753414034,-1.228930973988123,15.527557970705738,35.270939681936675,0.16533454119613245,1.1585296250571162,0.37612764002042554,1012.2306789628333,2.292740977883408
2021-09-12,1.054328985990747,14.362814605776915,283.20842558704254,5.08262499416021,6.21053886565616,0.6674672697824581,19.782243440819098,35.14607876608471,0.3339261268145276,1.2804132287732652,0.40050691492571705,1012.9186295595741,2.572808356730895
2021-09-13,1.210248428108737,14.166895055387316,328.0259708009898,5.037946230553092,5.837979559291649,0.8091644832269081,20.143278891680374,35.21519664179975,0.3432536017315829,1.2417183784953703,0.44048102733350336,1014.9948849965796,2.8976939511149067
2021-09-14,1.4373866876440333,14.346072705571217,342.8246866101864,4.224204634978143,5.072330436671999,-0.19862541523510532,22.340695289585007,35.30457712334678,0.21587064618781285,1.241993484830964,0.4209208305317185,1014.8560107320855,2.9025369426026857
2021-09-15,1.6496334751694897,13.926690583837843,271.0680806204686,4.408809155962109,5.168559639476014,-0.18858369030793934,20.705390592808236,35.04240297525289,0.3062908770954267,1.688677741943704,0.38748377896245856,1017.7567529943624,2.818495285597372
2021-09-16,1.5801935285056363,14.471633288544576,337.3279573629195,5.883800873315129,7.882847779231091,1.9632796887844015,25.335478201752142,35.112027508463484,0.3544901674372981,1.5709767338101173,0.4868599877332761,1016.3426750797801,2.7149636224977116
2021-09-17,1.5676864899747576,13.741918341333054,309.1500145556351,5.82817416761359,6.966686005591736,1.8332671502356437,22.42448437655387,34.9720999495504,0.321334808894225,1.8609400937290748,0.4877907813744492,1017.8722942090692,3.097704526080559
2021-09-18,1.8912102355281537,13.818487671486244,362.7692037028248,5.9541310041686675,7.543148561594733,1.8191392575351892,21.426102248928355,34.91927010925267,0.3407473939887101,1.6354673092064602,0.4494075213120374,1018.0930982759894,2.814670825765238
2021-09-19,2.517793663850589,13.901334662080112,287.10567794364727,6.133053972102155,6.608020659236645,0.585721497173755,24.118793040868027,34.84359493973361,0.2840671958433094,2.0342570448451993,0.49167473344845,1018.3660067301062,2.9278191198139867
2021-09-20,1.9948251856288473,13.996546979381874,315.5933537325324,4.938876312876114,5.375084793107838,-0.5667049072616706,18.447649527648437,34.88007116186364,0.2931671059963053,1.9935559644153913,0.44222693658083967,1017.630824436789,2.9573976273583904
2021-09-21,2.1265512684259344,14.031616974816004,307.41746092969703,4.548897915041417,3.4913254741974518,-1.110974587092133,18.517840465897034,34.96936636020192,0.21147303941941986,2.134397329953385,0.5694910550535462,1019.1971158791988,3.137165829408759
2021-09-22,1.887221529514986,14.28898012549449,247.96323093467245,4.057377293794322,3.2076846413384037,-1.7587696410433886,12.559314557003672,34.84415704605884,0.1619157608280248,2.18337530880081,0.5244028918721884,1020.0679841203986,3.29901520951175
2021-09-23,1.7329888127977215,14.382047213777582,317.0656910494888,5.097353574991733,5.111124096951486,0.021586949819537238,21.907130138130107,34.853307677936584,0.22437727002177227,2.271733349641774,0.6123182537713018,1018.8964457851305,2.9407617105233346
2021-09-24,1.341844272793475,13.828108426807589,319.70485873320354,4.770523681598659,5.592248859810283,-0.35329403793709047,19.83133468791075,34.962971681470826,0.25750480552269694,2.015575929626721,0.4695025880878307,1016.9322056473709,2.8567442659277966
2021-09-25,1.5008121146175004,13.643105177535261,269.54808854837523,4.771648098580107,4.077503286799509,-1.157449737443945,17.22680048465462,34.8764076250283,0.29154365985350983,1.9978049860453089,0.4150572203885962,1016.5643870040559,3.092803253282475
2021-09-26,1.634120499365467,13.974809698288272,311.2607440775654,4.718186574712192,4.491101596350377,-0.657866648140879,19.48577998900441,34.963535050194075,0.24311550716966968,2.143286315148728,0.65161881415916,1015.2234200245804,3.298932019492676
2021-09-27,1.4651519434695315,14.563335134282825,295.17532977773703,4.666564528212485,4.90555218351939,-0.28052795404848535,19.511946340021773,35.17831667918842,0.34842690696016576,1.6465570822468698,0.8144428617440409,1014.9250476464069,2.888115631381612
2021-09-28,1.453667688099913,14.027515682756407,236.5971168742422,3.9875139641127584,3.7986156395194115,-0.894070970367424,15.583734210533589,35.14444621216965,0.15360033376206267,1.7412014471685484,0.7205194122956838,1015.8621846324953,3.11441906591528
2021-09-29,1.3207769210179676,14.216537609855088,279.40205235345843,3.8281335904353138,4.7218684454550415,-0.4314972153968005,21.906499069708993,35.24685397181788,0.2988513980120198,1.4497903946543105,0.5915468980279535,1016.0946476809968,2.794036876323061
2021-09-30,1.242767643402884,14.280924962059526,350.4177311059587,3.8801606847222163,4.025831115222276,-1.3556101503109488,18.025566393112435,35.207102692270304,0.19555790730038938,1.5678248757802062,0.7146537156824169,1013.5843946921307,2.5564375770061263
2021-10-01,1.2912072271866166,13.815912756463025,276.77144383857313,4.592776567326366,6.162299502273215,0.4281835363706354,24.29134739520103,35.3740124362135,0.30996544721818176,1.2754279501888526,0.6242174456050248,1013.8797475080174,2.3184984935725437
2021-10-02,1.1899449138156184,13.82017712356088,283.3515439568452,4.380018886749455,5.337372889599698,0.06116338523421005,21.789716295520165,35.30789832612091,0.2717748177017739,1.4397170109958906,0.700328066398226,1013.4531524232442,2.377039455391202
2021-10-03,1.0918847126238942,13.840704943142763,321.25424184275863,5.537231952909289,8.164978376067525,1.1448951233766984,22.54025472147653,35.284337170953535,0.3830837903042326,1.4208855991782465,0.6886424270955512,1010.8978433635672,2.448288963810711
2021-10-04,1.4697578826392896,13.931742724635006,294.62188026667087,4.93306923900595,7.630667141811477,0.8299866567736677,26.862542868018224,35.25980833774442,0.44860376791655254,1.227028571415088,0.6050084421787761,1011.5960677584077,2.4950939732156425
2021-10-05,1.5808653524419565,13.604183954205828,221.54991557305004,5.536091160461811,7.517960174139769,0.7509109351974417,25.516857517004706,35.15647188359472,0.3749756793742319,1.5594220158841055,0.8094091086372643,1013.1260666404962,2.7213525473184537
2021-10-06,1.604286253069183,13.359026457286049,271.1868580892277,6.054443435357618,7.433516027306323,1.6318033872643738,25.750615087302617,35.28430021612191,0.3910821302057918,1.5087071854767364,0.4617698375544268,1012.1033928659183,2.5102609746559756
2021-10-07,1.8102499494726934,13.322584240357388,311.3226981312592,5.547854244188416,6.7167490165478565,0.6790526248028755,25.776193471074603,35.23484116842523,0.3766296712913151,1.6768398942892255,0.5754263116705872,1010.7439705566953,3.027110931602169
2021-10-08,1.8491949346141494,13.481549242875982,255.5069698580245,4.102890424208617,4.2437050294142695,-0.4899534013335228,19.159841169328136,35.25215606333968,0.2645458403052519,1.5181879084943437,0.6265693258137067,1010.3512655292095,3.0868051154442466
2021-10-09,1.780719280191606,13.253380081265156,290.937660893439,5.565446449620374,6.690894976156259,0.9615041473931591,23.878038406403384,35.20319783417259,0.2961002549986442,1.7155153498819002,0.6058503701670083,1010.8023408010968,3.207314465689405
2021-10-10,1.7549527501253763,12.936559230511909,261.85002541182496,5.780423471045127,6.311368980324683,1.1954452568256122,21.817249242232638,34.97812743837685,0.33371459517408025,1.8454241782833891,0.5380961838215625,1009.5783124247165,2.8891122067274053
2021-10-11,2.0768526262359934,12.511395475601155,221.15520060694357,5.136654072666753,4.611542721809698,-0.08846724833267666,21.704192978625294,35.276558673134055,0.23970858742299522,1.3993415832613325,0.5235669930594247,1009.5466835220544,2.9821098337061986
2021-10-12,2.2418629133647987,12.103217556278087,198.25427408719517,4.631220301785169,4.809136456540338,-0.5703784892237878,21.12711385018175,35.23770434251978,0.1907486602548289,1.6123936163551813,0.40253213439137886,1013.3104873171204,2.854336422641717
2021-10-13,1.8347867180865927,12.029476713553581,151.74799025707708,5.909482195846573,7.062345443239765,1.400997921268946,24.810499512243,35.272229257010835,0.40110470266013504,1.5190978105082469,0.480868842400951,1012.2073456718101,2.6595440887574533
2021-10-14,1.5948454670267014,12.165819821713834,231.42558190472536,5.158796802999035,4.874671141835857,-0.2299683858771694,23.859988730215825,35.117164119564805,0.2310210532094175,1.6725480263010661,0.44373724220962196,1012.7164924166657,2.5497948174897442
2021-10-15,1.451385856302724,12.423216971722521,174.1520436842482,5.429873286372566,5.913553899428897,0.08549494915102974,23.259869853354843,35.13088212340547,0.30402934556996924,1.5191845462166496,0.5727245001526795,1010.2952315856943,2.9663842296134035
2021-10-16,1.420197669122841,11.970031232800896,241.96225780665674,5.946543014758701,5.593174047728183,0.6072565902685418,19.729366363958302,35.06701911239086,0.3433015961498064,1.9094929940505072,0.6267659022408927,1010.9999772401516,3.1424177295833364
2021-10-17,1.7838704430476435,12.212155634207669,195.9921960833785,5.890518861341697,6.665652421098996,0.7244846199975856,23.75688639558814,35.04073313086735,0.3539957351047554,1.758258204986815,0.7188336219203935,1008.7822441343136,3.021632730535499
2021-10-18,1.5852980881691527,11.947598496997404,212.07163366238672,5.630679731192047,5.313984924768722,0.2114180953640012,22.412304134088146,35.07869932709502,0.27189971251566386,1.7083291534267346,0.6890387807100187,1006.148250907092,3.3940127614642748
2021-10-19,1.935457012871534,11.423983152396309,227.61368065051073,6.223197631692038,6.538284798928919,0.6870436037003919,24.549164831577716,35.05420111507424,0.2838435225887074,1.898261010723426,0.5231326995580875,1007.7963351476791,2.905200067684137
2021-10-20,2.1227579113038337,11.695213867793743,165.2799518490838,5.943700305723791,5.700044521191696,0.46307054334539455,20.572685691603063,35.063095975018236,0.24858070222496423,1.7785597188203348,0.3850124722484461,1007.8510660861858,2.449288995980219
2021-10-21,1.6841286526692536,12.3499408464002,224.85439457430357,5.6972789816475515,7.400076360072664,0.9934589638372145,24.32477344784083,35.138722645481394,0.34301465617793814,1.8371121904614578,0.5040585041747218,1011.5163905464436,2.5811118354237172
2021-10-22,2.274345252164843,11.573522126436949,187.9415441437843,5.18016826204364,4.649560966594824,-0.3568748299386473,22.835960721387803,35.25662871528509,0.1852512427090089,1.4390040887042572,0.77219555223752,1012.0054754710845,2.4653161316609795
2021-10-23,1.8955465538942131,10.943667411832697,161.62373289114907,5.578974385252945,5.717754813167054,0.7114912050646965,26.32474439310782,35.20913291035264,0.3217283192936521,1.4016676088390703,0.5434467146679188,1012.6088393168156,2.530321992949416
2021-10-24,1.5748028888837207,11.043887559947938,153.63648695936797,4.2667049165669155,2.8503707073191555,-1.5771091736760654,20.475289588327776,35.207772940667546,0.1569396799869982,1.6487913415917708,0.4139887670017609,1015.8513894223978,2.5682003189063556
2021-10-25,1.6248444355004719,10.67172380613098,69.48181648318092,6.24162423497634,6.191607696459176,0.8632935824935476,22.954692411554664,34.94409471888255,0.3242203502141853,1.6913989282476074,0.4892160646016373,1014.6335836986257,2.7245730570700144
2021-10-26,1.4133111107883034,10.875491178123502,151.00575925678086,7.1047700238027485,6.361989509307235,1.1211235318378288,24.47596535856111,34.85847479699165,0.3029262024497167,1.920919889584304,0.49964836179798766,1014.8041162924299,2.733403638341545
2021-10-27,1.3763022212898814,10.888954480841475,89.83642049512696,6.6533596400519315,6.95550999500197,1.5001327536420457,26.038406578861995,34.95411503225906,0.38145734631226574,1.9556069865583088,0.4706400052909179,1014.9983745819163,3.079477744180818
2021-10-28,1.9457329112070343,11.819404871128317,141.42038223633415,6.459447094734263,6.894377151592104,0.9862805239101092,23.438533687157168,35.005049352283336,0.3633399252788199,2.130049206230482,0.5300775008176987,1016.2228204076899,2.953273357846828
2021-10-29,3.025737982251737,11.517846166880613,126.79258173760708,5.661139604190134,4.7943572699605,0.06320677390921867,23.624395801046493,34.98129733326611,0.25791403290547804,2.040556215814159,0.5577703589098404,1013.6292603572134,2.6483361104756655
2021-10-30,3.2591043177249794,10.422848242954938,121.82221943575463,6.066208073057889,4.97524314418264,0.5311347038799052,25.03431881223276,34.992765436849176,0.2566941446915537,1.7515346137545802,0.6167231193462548,1016.0202462235712,2.510737397442155
2021-10-31,1.61936929794997,11.52827206881871,152.6133425856824,5.978911108939196,5.8927095508211265,0.2590880539128264,25.26991827318818,35.097848690045595,0.3094818493577752,1.7186627562746073,0.5257095190576082,1017.0638619361232,2.8228253742316034
2021-11-01,1.6060317084463227,11.691056946754022,140.74627121364114,5.931361430891581,6.466749706220277,0.6051973655340422,25.657211039826894,35.0983795911109,0.3347310123185546,1.820509680275752,0.9503672988004843,1015.0108711795477,2.692243359061521
2021-11-02,1.7780739840046662,11.85679943563278,135.05941812350738,6.004717973072854,6.416009926087506,0.6577296122226926,26.908506386834087,35.15483066318846,0.2835070604025658,1.6565219465245755,0.7360532298492195,1015.6370797456342,2.5343215378226134
2021-11-03,1.9779839890184232,11.363600436766172,183.1114944381236,4.70071390801525,3.587254941399486,-1.1380348836824474,24.824109440606712,35.11955264493283,0.24142022016212103,1.6852878846395491,0.6660433378427261,1013.517559595248,2.814006600984315
2021-11-04,1.8409725090823839,12.033184975292334,164.1958346169496,5.616587560267137,5.2974134267342885,0.4347849136986198,27.523479902352648,35.07134282509729,0.32427247550585847,1.9677712055095644,0.6597880460243319,1013.667804497911,2.735501180287063
2021-11-05,2.201613304816006,12.312602056787302,163.56885150240595,4.9713608117779575,7.238640846702652,0.7015499033730329,26.628203707202136,35.182680826663315,0.35692794956166096,1.9065562661519508,0.7457055573740036,1014.6341816089318,2.8605873902206747
2021-11-06,2.5645503351218983,11.721133348640999,187.292193908384,7.102230332488575,8.51175139148777,2.4615695703919767,31.15576129430343,35.21083376827767,0.4292488586444581,1.7167929034564497,0.8115071400604368,1014.9242204606514,2.411402920647825
2021-11-07,2.9485279057635028,11.727206649684803,103.59959734129215,5.828245945764166,8.198788896937819,1.4080166117750648,31.957257764764684,35.28202533355234,0.3403809328059808,1.5684816611748233,0.8248857083041647,1016.7102107230987,2.4588353351068393
2021-11-08,2.6874623519957845,11.479631851086314,140.79028802779206,6.59534770019446,7.183257211026209,1.5914456288636636,27.84032845264459,35.17050394228225,0.4259481267168146,1.7419216007537566,0.7775566607348352,1014.9608092922082,2.635964572187248
2021-11-09,2.7735882478975165,11.96757649811398,135.56419188991774,5.878730993718929,6.805132616917729,0.49099832697318435,27.085416518729343,35.252787327412975,0.33069377774436715,1.7118924827697195,0.7539329234978579,1014.7127142903562,2.438411578544124
2021-11-10,2.772186791604245,11.592114629755217,148.2310330957973,6.770487503920243,7.7786386304058635,1.9978688510497227,30.539411438653215,35.114255103676264,0.4093504798813797,1.775513013918882,0.6951489068797938,1013.2086914778129,2.3450872269452385
2021-11-11,2.806685328533976,11.481201824369485,146.1059258180695,6.996979524375111,7.675033945106857,2.2149045575282793,29.980797615600643,35.12144516173011,0.44571282070392226,1.7250956575503864,0.7158616969870678,1014.6484090173776,2.512085689106132
2021-11-12,2.6077290822954544,11.574008086954722,171.52640623825235,5.735357155113822,5.966723786155554,0.3296411398176654,28.186316831904346,34.99974121599205,0.3302345969630764,2.2156828890045572,0.6572545421078237,1012.4311897320998,3.049974186976505
2021-11-13,2.808233848755528,11.29400562715324,121.9782740929912,6.427720310651096,6.059863357290513,0.8859845823327311,29.308621611686746,35.10131871153859,0.29803642837688765,1.9625299478423428,0.6048647400342917,1012.7351355702328,2.8927994593916817
2021-11-14,2.620027175202893,11.04612121249585,106.23551387370738,5.649450990125797,5.09813360101426,-0.11573215632933942,25.206078577905636,35.16050149585802,0.28574736695929054,1.6560428294722593,0.6770571339886629,1010.2650251052797,2.830381470189599
2021-11-15,2.474811952428362,10.626174437813686,92.08593754348999,5.517724867173403,5.493302247064205,-0.10948099685682294,27.339466388573147,35.23690709840779,0.21181330208591648,1.3491727047601514,0.5589260307497168,1010.2113201111388,2.6271458511806065
2021-11-16,2.066185186567391,10.531383914256386,102.57123892904335,6.2518795238251785,6.468722938454029,1.0678376867178825,27.520158242939715,35.1514053215251,0.29791282520095086,1.5034612851531255,0.4964737463781206,1010.1426365157542,2.5033187531757704
2021-11-17,2.0300629977564637,10.517572788534784,65.23237213789332,6.054132708226665,6.087483642048615,0.3227504459168749,28.855439745825475,35.17558390831089,0.348440010425554,1.6925701108943538,0.594365306871208,1009.9725033516523,2.308527305116076
2021-11-18,1.8290888097249682,10.511633747664668,42.08613956341923,6.641877085729372,7.494447133266686,2.1065350638106874,31.666026747816243,34.995092841642105,0.34236785133276204,1.501639996226682,0.6258193233784382,1010.123824108722,2.474281829170088
2021-11-19,2.419112901970374,10.317446329975555,47.170824345593246,6.093811974980598,5.599687238980249,0.04912520781121249,28.837739529163454,34.94564332499516,0.279023059252975,1.9592069285593994,0.7436278081632549,1011.4789377248695,3.0010758664122474
2021-11-20,2.942705982544695,9.918101651054187,39.21283711141882,6.461276807187735,5.860933091742171,0.7813337938608637,27.556984667181755,34.855716309155305,0.35275565187549235,2.0226469753979504,0.4568578712578097,1012.7021173515911,2.861936520053025
2021-11-21,2.8904699143361148,10.480357245384075,101.94666628713057,7.593257265855881,6.957986024489439,1.6717298928814157,31.73468784885532,34.998753858320214,0.33651602711727147,2.0025526579064,0.7015423255474269,1009.4287596912643,2.9550479970242076
2021-11-22,2.538041637941486,10.358057010570205,25.35286595317909,6.642984124818021,6.036235839248598,1.2386575101218524,29.88051317891592,35.069318064792604,0.19476515886987072,1.7799917133532532,0.6178005792780579,1008.3659389815388,2.975373888553969
2021-11-23,2.4258696286304877,10.879532540861089,86.98685801506657,6.231590280608806,6.104409623754331,0.5219284692281709,31.918235775942414,34.995457823769996,0.3245294370023605,1.8816367902272906,0.6228813868186307,1010.1521628305184,3.073922933127402
2021-11-24,2.7792169268918525,10.567290827268591,97.00695035381904,5.665683945110557,5.5406685677936895,0.4050488031736648,31.032425726677435,35.007320410776835,0.3512898122011532,1.8693307718410417,0.542620333917526,1009.7907978206496,3.2326875332355685
2021-11-25,2.538903607119904,10.788472053343742,99.46077856138503,6.894994074263373,6.078791744799876,1.05616408709413,27.650184464787987,34.95548257316616,0.26363184462433287,2.0288468985739585,0.7351097671923792,1009.4185476289783,2.727441635754228
2021-11-26,2.866592579568052,11.064862206363207,190.14338836291074,5.651976073989468,4.90856796239573,0.09326090092438749,25.155991863438476,35.15161450791806,0.26268637739255357,1.8073718437948758,0.780212112432659,1010.4413708284767,2.6164199502400263
2021-11-27,2.9281185318538516,11.372692029418882,62.8110398340772,6.166324527979528,6.231875168900745,0.5144407157561652,27.521535608024177,34.96483166586629,0.2895707410068257,2.1273569407123696,0.7376690697424231,1013.7616668334036,2.8882245894951044
2021-11-28,2.497912628566471,11.357316835342326,118.91429330997848,5.137391379690225,5.923993649189717,-0.20959461436235294,25.691224152445074,34.92686109660196,0.30334994177832303,2.0155750616030055,0.7599391417853734,1013.7527699504284,2.495393467583526
2021-11-29,2.2873578841766373,11.86236277326083,209.1903553090121,4.709658231567049,3.651800056652641,-1.3267528644042148,26.156481312985377,34.941685808691,0.10899171041883407,2.276695080860567,0.8576114614685507,1010.0093827558688,2.8230997551929593
2021-11-30,2.5212352829205003,11.033684326694779,163.98478165368743,6.151265508703408,5.451325452892983,0.13330957412819947,26.778754642792606,34.98714097816587,0.2706886317941581,2.060839968746864,0.768861178597536,1008.8637783708372,2.4766333693983658
2021-12-01,2.024774338970152,11.081960629934029,81.89148546075779,6.180168815857494,6.600158000927729,0.76797507179351,34.993866037980624,35.08787503768027,0.30499085551296734,1.9629470933790516,0.8191296039773948,1011.5480125174557,2.5750358049075466
2021-12-02,1.748957432673293,10.67969284243267,81.71571140197753,5.936841670005209,6.076179239778161,0.5149075932463761,31.69160841402356,35.12451206208919,0.2996582697881796,1.7090468599504367,0.6399912983983089,1011.4817731247849,2.716430898026829
2021-12-03,2.10091095800938,11.049696037728957,112.37859865785897,6.759983975531173,8.057236088156536,1.531609998851406,33.918991798214726,35.090463154832605,0.38623282849358703,1.935582489062007,0.659612865984202,1012.2392478759041,2.746597794057643
2021-12-04,2.521886563381841,11.04876457279506,117.66661261371232,6.063868980330815,6.196632634071864,0.714162045580848,28.978236979264565,35.113850277530226,0.3681960333137404,1.8474872099447273,0.5630387243166765,1012.5451815239226,2.641032737577397
2021-12-05,2.9659627348790587,11.17185935042497,154.31594712326452,5.659563857911743,6.078739794433149,0.07035605023943803,27.42935168867391,35.28450695280053,0.31990498655857735,1.557260335589649,0.7946010272429359,1011.3356196622474,2.661897902641043
2021-12-06,3.384285587011061,10.70131993241582,113.03366279998173,6.39218642273205,7.428068721258414,1.2233459265214477,30.418581777214612,35.03161747062029,0.3669675421461956,1.691074624690927,0.6892068822094255,1013.1335274968575,2.642289957204152
2021-12-07,2.528086452763822,10.221961897963197,80.51892043734362,6.310913703470941,7.319103109072999,1.005643906163922,30.943669349192692,35.03829723435411,0.30672298074122856,1.538897125396725,0.7048111376337414,1014.9354717859112,2.4011784691096634
2021-12-08,2.6274903624986616,9.84061952470274,30.143727493513786,7.5105711088232185,8.643289770728263,2.443565252838615,34.44272682286617,34.96588357760336,0.45499688364958646,2.0522677923244284,0.7162305934835792,1013.0663222838327,2.9753107801244516
2021-12-09,2.7111577482204194,10.744295438043421,57.749499524471965,8.025500222472482,8.93924402884879,2.6056095874842464,34.2562434285867,35.052102619982634,0.406744492777059,1.7580379371259949,0.5042923714179491,1013.1405235466103,2.55980039460014
2021-12-10,2.82626463096422,10.30734277729109,43.95089211807175,8.108414213061028,9.602053987930685,2.9516674834934773,42.10470996975049,35.02630440584837,0.5329639821478342,2.002920898821858,0.5297336574384499,1014.6850635758111,2.9211039884858074
2021-12-11,3.26902362840588,10.070411702485213,90.27374448801345,6.3762041265627625,8.499327923680712,1.8159828942931147,37.80839727117135,34.90847056855504,0.4390591555755743,1.8944027589650094,0.4898060635472163,1014.1240849161849,2.725539485515516
2021-12-12,3.7728193629100426,9.933364847895072,92.33439964397328,5.92830566845823,5.532333079484086,0.28649576811894956,30.400479602604737,34.977084787044696,0.29002575549583953,1.8890679580374226,0.6062238485287414,1016.6846056295763,2.4045404578851364
2021-12-13,3.751120910827023,10.178718213359701,42.26316080961577,6.389254889157974,7.543508769107494,1.313624934513101,34.49711794547153,34.890246874299905,0.39491806086706827,2.0088288172927857,0.6059945247873414,1017.4959794726375,2.5202741134626594
2021-12-14,3.0130469914026774,10.659765664846928,63.66855963803857,5.926825311886538,5.966588788836817,0.35678446236377676,30.206002757121553,34.96217307468051,0.29708385255206593,1.8527820599843339,0.5688831393838618,1017.1334894981358,2.623629699446626
2021-12-15,3.0357709246530304,10.79159411737086,69.88863767501016,6.427118682653162,6.786219447678432,0.8243757725719414,30.451516729617204,34.97763475515056,0.3122665783073048,1.8053555927296605,0.5912780324041762,1016.7257207928726,2.4913977872712976
2021-12-16,2.696852302174171,10.661146672147026,102.7063282247035,5.4100058556453945,4.298311667390215,-0.6876412813189783,27.60291100061387,34.9409212975023,0.27433326594302115,1.9078668596937698,0.679581009602928,1020.5512678163719,2.6663890021530934
2021-12-17,2.1363720868331986,10.052113655496932,33.23846142243828,5.6829325423591746,3.7210234188970133,-0.44322262034567234,26.33485042034458,34.86755509251502,0.14318342282289695,2.2014742356646346,0.5023883390458168,1015.9704738856641,2.929402782082971
2021-12-18,1.7472896628009142,10.656610832682365,129.3970533751954,5.227819038221822,4.321871302338794,-0.6000690850069808,27.392019339537118,34.92511484974553,0.24600281693323542,2.1251650430851203,0.6514154386796617,1016.78225427093,3.102368780377022
2021-12-19,1.3845431149014964,11.464198656586575,115.4164038189037,6.045393161702187,6.8964166454974425,0.7789476727717201,31.38599916192992,35.01328548437705,0.3543398270527402,2.0786098436209297,0.7174484359906175,1018.1429578219557,3.0337828229495503
2021-12-20,1.6642127652891512,11.03765103679812,107.88386542557174,5.929477336931413,5.981146116885088,-0.032868318728953294,30.09669725586232,34.89499264436653,0.26904280248462514,2.040944145436128,0.7258344979916085,1020.142815305242,2.8394732635731463
2021-12-21,1.6601126142319593,11.344967192583137,55.32362577562082,5.655602105823361,6.760242042949898,0.9602504198797276,31.317921316427103,35.04315861574528,0.2952424641156953,1.874342252930967,0.5733471283994518,1018.6616254268964,2.7113646033445273
2021-12-22,1.614432662221373,10.999421600441993,90.7897617407967,6.119120492567812,6.597246035818526,0.7662360333622572,30.997657743040207,35.19935189759864,0.3314429396682096,1.4857912069269201,0.7038396167579948,1015.8224524019937,2.6630710333738206
2021-12-23,2.0549239899822624,11.446385267973117,142.83926117768107,5.6969259834551185,5.825384402568192,0.5843071511293688,30.337864807577272,35.1712204870456,0.26346193934628537,1.7392660549775159,0.8697427502805876,1016.9415219125945,2.982276528192881
2021-12-24,2.0912101290587444,11.514816144419651,120.51896986515615,5.484031435573929,5.66086218267602,0.22234054154016117,33.62918560171063,35.20760903810358,0.3308426649304074,1.6754215281188116,0.8244763457374934,1017.2673740638778,2.9986589112879303
2021-12-25,1.5261285129288245,10.544432024147104,81.35795480730854,5.133274369504674,4.464838207989281,-0.8236074776798923,26.652373708316176,35.1011115553125,0.19481956624466695,1.6523311987110607,0.652094490658259,1013.4259536243059,2.886644980241305
2021-12-26,1.6273997307177472,11.08087444819633,89.00516077295302,6.311412139965251,5.998844875555789,0.723723075059158,34.544362736812836,35.100473202534594,0.2757139100927695,1.7876991146066674,0.6995113235235951,1017.9394402999984,3.3294586791858363
2021-12-27,1.789356896300152,11.3062543103059,84.45682485211343,7.06583037029283,8.863872794398352,2.7594852394524407,36.26584135711985,35.207523702373535,0.41745621381943254,1.4951376063490476,0.7159251773455731,1015.625495023413,3.0947256670762435
2021-12-28,2.3139078661029546,11.922310051570143,155.11930570026695,6.621486922047017,8.608401629053436,1.431828482315421,35.30706997638446,35.30983512467919,0.423373815177002,1.38998982685819,0.7132392691734191,1016.0715949592975,2.9251881411755254
2021-12-29,3.2496549691589993,12.689649606551384,158.49939432492334,6.752801681189736,9.85360510015008,2.5740391301396435,38.4367624942729,35.25218000523517,0.5325005310774084,1.4365795861570492,0.7901415653204779,1018.6129916237311,2.7912295840894887
2021-12-30,3.672419668929391,11.763176627163975,131.15873844145116,6.880138513793772,9.631211054884695,2.3370476726155633,39.28273252826474,35.02016010172476,0.4852088032662567,1.9590184947295985,0.8121620001622799,1016.4817967986188,2.8981757573255433
2021-12-31,4.057091672611399,12.139012138935419,101.62076738215,5.600823786223793,5.777689240100976,0.17224239500842184,33.73440557341759,34.99098757041128,0.2804544234874964,2.113061659703849,0.8470419822872857,1015.9158987938679,2.9813216454689537
2022-01-01,3.559772497490565,11.863898096011226,89.62908816426976,6.066091313724241,6.401090401844332,0.9302222625907113,33.628912278437376,35.1894656313959,0.27042343409457154,1.6341620959425665,0.6268836212348207,1015.5147968387962,3.0768960016251734
2022-01-02,2.679633664838106,12.359973471289077,121.94140789264726,5.502742311953527,6.447082323575307,0.1096424103426547,30.26706009330943,35.16670921405597,0.3609566305642483,1.5470850132488092,0.7824806859655865,1016.4640586544283,2.703737497580973
2022-01-03,2.352309776216132,12.371024151425832,125.75342699459348,6.758370870824192,9.507313149396111,2.2727729684100137,40.04889198868898,35.35216855450991,0.405454706869242,1.395121807600205,0.7267603853621379,1018.1772935610446,2.9803315717504866
2022-01-04,2.1485280668864486,11.928105285191359,89.23960832492996,6.119942442561962,7.816385574116696,1.3564369051294862,31.74494251370916,35.23763388496726,0.3113909308086034,1.3310630723396504,0.8462422306931302,1017.1789982397232,3.0483221108186282
2022-01-05,2.81540771572813,12.041158290460332,114.2435285595904,5.955670684954896,7.059773393409545,1.2121526872627215,35.08418414519263,35.29991180937105,0.32381706751105566,1.3686518077733933,0.8037853163443706,1017.60655593155,2.6962603698283245
2022-01-06,2.6735258912985547,12.041835139603721,134.2226291617271,4.9856741326479135,5.944846366117198,-0.1785189443768866,30.684945565913488,35.34365585197851,0.22795658063580362,0.9444103510341186,0.6628202137425918,1016.2560584032698,2.5012980789362538
2022-01-07,2.715621379449598,11.051462275580606,100.708248914215,5.093958587474453,3.1342138175017786,-0.2922954303173041,29.103879396336787,35.20938950523331,0.1483688860473873,1.1616157464509649,0.6730912377047679,1014.5317233467686,2.35761281257571
2022-01-08,2.3809286526989304,11.440571982481016,90.32668935894311,5.477549985491581,5.436305309782039,0.37952167708076934,31.058113014031573,35.393626908142956,0.20497876477037086,0.9117525571958299,0.6695972251274371,1016.2793319520711,2.6515657882992136
2022-01-09,1.747740040344208,11.70852538708539,137.56102843018408,4.667387934194815,3.825562813119771,-0.5705911174122802,30.94563112569931,35.16620854964688,0.24482848771127655,1.3462993061285469,0.7111804727525877,1012.0083425101396,2.8223215552462526
2022-01-10,1.544957486751274,12.319992277569568,135.54270417075213,5.327250346643437,5.559687976425036,0.11658435389778801,30.69353038708522,35.21231987919359,0.26421084271285095,1.7020426340826915,0.8244581873098928,1014.3490178905229,2.639857782013272
2022-01-11,1.8461611756232388,12.032691855590015,121.46443552524585,5.706830537951788,6.065592538672609,0.7859177500103676,32.20270112857822,35.083456577280025,0.3575514186738176,1.5900114666941498,0.6845614760691627,1012.6518588872729,2.9367543102272853
2022-01-12,1.9981784826561413,11.570824528930192,86.15218521000062,6.579456120569397,8.665326825423671,1.8064660679898155,37.79297685022801,35.07324730807463,0.4433432371966521,1.6747463112924381,0.6645913985507728,1011.6806336785132,2.4297100906599884
2022-01-13,2.1149536188780838,11.800642844014298,110.62277602710857,6.568688155144425,7.78426860353105,1.2385934608039981,35.023942704730196,35.046525927736596,0.41300020319009495,1.540837917157183,0.531074857311673,1013.5559038641223,2.191304872434844
2022-01-14,2.9366786664265665,11.214288092096684,126.48264610979382,6.561561501837566,7.631633835077469,1.1910975041485727,38.73459507343534,34.960367357340246,0.2655270140518828,1.8597983166414684,0.524558015691142,1011.566535777623,2.9830001261771577
2022-01-15,3.1303187317551,12.356085912851384,144.6688937446529,4.914346911691605,4.558349340436256,-0.1988351042285143,30.304408208711816,34.94421617079515,0.2626069337226468,1.8602719482960617,0.7397113738635811,1012.4662196750592,2.238736604799634
2022-01-16,2.619167880486972,12.567134608764189,86.04303570908739,6.075210546574416,6.928007696876001,0.9284770620421225,33.09785570117703,34.953319756488106,0.31154987843053983,2.0247833884091735,0.6551727250970601,1012.7693059473156,2.644886459486066
2022-01-17,1.900163723361653,12.727187509928518,115.7760802701219,5.4969794630289375,5.760703771621201,-0.027797480433901563,32.781087076094344,35.05661509712592,0.3036313111265203,1.8903549387364529,0.6290487898477735,1010.7690770977323,2.9061657555591607
2022-01-18,1.8625455123136438,12.16743648825033,103.28875679222281,5.527268777034932,5.769279201298201,-0.12289205267936554,30.72783855090849,34.89428551398334,0.26677175222042016,2.135049360524905,0.7516207311053582,1011.1367401909417,2.7179235693272648
2022-01-19,1.9416989092637453,12.496318875846475,104.86662520953058,5.581087320276825,6.030502249181021,0.3525366503243393,33.95776362167499,34.9202934638638,0.32144780851016874,1.8945059617993394,0.5808641957959165,1009.5273811683724,3.085855805345405
2022-01-20,1.9833512590188656,12.383091984859057,156.2087017229052,5.687777395204372,6.245580906696957,0.16432610752904758,35.3901721939651,34.89452047387487,0.3060485659763465,1.8659591363089223,0.6858017878456327,1013.5910898713641,2.5917034807547763
2022-01-21,2.195806879484265,12.098929762628288,110.58724042711066,5.634697295080051,6.142966982787209,0.397711407848979,34.169426403381664,34.87798730004237,0.23575637133023833,1.6901588276412638,0.3785221441378165,1014.2321207828526,2.2915992063792685
2022-01-22,2.3666642009256305,11.857738198432251,102.28231095332985,6.059490055844341,6.135998108249445,0.1664923469935794,33.80231706876229,34.952349939027236,0.3077762562100121,1.6839996584565924,0.5091762490244587,1013.0955949188581,2.886484878472062
2022-01-23,2.4929618674275638,11.84641888983803,74.1916897171207,6.203243950221164,5.733421053965841,0.8032374466738418,33.278284017610034,34.88227824122014,0.3107567113116182,1.8017048287133623,0.659010450927342,1012.4488398688375,2.8161365765206092
2022-01-24,1.99241899914656,11.980440088646555,121.2183173592821,4.812843366460881,4.63831897678495,-0.9857814067978536,30.217896486194835,34.91801677596407,0.19901079566159913,1.7484371045383131,0.6475052872373429,1013.7356309482557,2.6917850277389226
2022-01-25,1.9989437620824269,11.925770675426419,79.68920711269912,4.817648559746731,3.9716234597819366,-1.066968811544429,31.979479559163888,35.00089094890642,0.16488094874372292,1.427534256042458,0.5121373162992581,1014.7576471296865,2.7342334810700466
2022-01-26,1.4603542977463853,11.668978118933914,55.79568098179973,5.536447912177978,6.533797443163515,0.8967515050540191,30.554312944646753,34.984215645833316,0.33136441912262127,1.6216074622631975,0.34511003816668195,1014.3678008188429,2.7169977567659083
2022-01-27,1.5065358482307385,11.645638605840992,48.6740102405957,6.128530653412448,5.72345646692989,0.2990655418901175,34.31261659324432,34.842681461975104,0.35438708833870125,1.7634587886269342,0.43464261039331625,1013.4475773240096,2.459178088190673
2022-01-28,1.926676332138818,11.665665620178203,109.50819449124685,6.16677449048106,7.045470846645034,0.7768132268361223,34.46484126381033,34.809316053628805,0.35237080433596896,1.8999032510547105,0.25531560809599185,1013.5534949237014,2.262949386144161
2022-01-29,2.3546707543959937,12.32751432108275,50.080447822511765,6.759493785388148,7.6633623050490005,1.0947687567534679,33.94748612784597,34.797352566194604,0.37151357271689484,1.7561838477945064,0.4407491743534589,1010.7345102484003,2.7092347819632185
2022-01-30,2.107818485668033,11.813925998462944,132.4616260520155,4.796039487691098,5.693980245029079,-0.696914934654307,30.680614497324477,34.95671356065042,0.2924200165279262,1.4916655350702879,0.46213828598397294,1012.1329406584753,2.3387497638173014
2022-01-31,2.242126626910206,12.486552067505176,69.92333943058337,5.726691117143245,6.113282834742313,0.45072078052052744,31.973253277224327,35.06953160193162,0.27241770382245606,1.442375160914302,0.5055056303388352,1014.0432176479258,2.518525041974373
2022-02-01,1.6370102775205349,12.627115417595613,141.52348596334713,5.278246636270436,5.305884347572686,0.14769850684360586,29.236541666857054,35.21741304244964,0.32185126232722316,1.2977445841591837,0.5554815620108018,1014.2227717572582,2.425710926161077
2022-02-02,1.644669696910097,12.583494441494809,104.22126045238582,6.364380918381124,8.82595438041097,1.8474485930772648,35.29647406252411,35.03305835436567,0.4713404546744906,1.3391607650324653,0.582635003512237,1012.6977160428293,2.7061956312310294
2022-02-03,1.8006614762847672,12.864811910083267,128.24155860347275,5.546142394144646,7.420349910994141,0.613399955386935,32.324859697614556,35.076309006292064,0.32874771698360555,1.533470254179664,0.5542770183662726,1011.2861230347509,2.6698159180477448
2022-02-04,2.1753067093260934,12.78382072290481,131.87576996449246,5.399123636615686,7.072006851703997,0.7318363119226011,32.87497911084705,35.133269871851645,0.34277535238373136,1.3490270320091722,0.4411984322826058,1012.6733079435852,2.4704961055322374
2022-02-05,2.2508870319244205,13.235204225468761,115.41719620179849,3.5645907773997427,5.146771416382596,-0.7953071129434858,31.618836577192436,35.22304562964236,0.28393122679112726,1.1562963665888948,0.5817707292523805,1012.9333181639797,2.4661515480325233
2022-02-06,2.1619786915278443,13.290972372035863,147.76903237769199,5.039665557917559,6.956042241135068,0.6605364896517356,31.785007667606795,34.944294909722935,0.29776551947330093,1.4080866829262637,0.5309221944254717,1012.8231620669437,1.9945662688009609
2022-02-07,1.9651705345244492,12.975562908374684,162.02311089510243,6.2559320064531585,8.250338389244483,1.8366702837375073,32.393587533108025,34.937659771407056,0.3579338397251672,1.4892714357936825,0.44869187771979274,1012.6111926300673,1.8987051221024611
2022-02-08,1.8323679121568632,13.57477449910446,123.17889878945697,5.039314655223181,5.496721853571674,0.24654626710656508,31.811176172774676,35.09418941563829,0.294272928898415,1.2408540396020302,0.4759876051212639,1011.513618317588,2.1030300834675795
2022-02-09,1.9441273953095022,13.718548066982816,170.78363276693267,4.782388494265669,6.163120737272863,0.2314420561762629,30.726427027093102,35.27366220480775,0.2540677459878682,1.042453335794499,0.4603197310479164,1014.1318499492219,2.329957075058106
2022-02-10,2.455271092454307,13.888542820088986,168.74810645736216,4.92691389513549,6.217089432466293,0.11510263667182169,31.08554718553263,35.161252481938654,0.3133231904206654,1.3130905398368202,0.6137068598336886,1015.7573712823358,2.6459195940931703
2022-02-11,1.9212239745747992,14.340062873348428,197.0153443680367,4.968112381915106,5.945049192175975,0.21302790118749204,32.61638509005518,35.150775138543224,0.2947260988015384,1.357708717622605,0.5859041829803837,1017.0198954300425,2.454107215291715
2022-02-12,1.9048938704127523,13.831713222548958,161.11875079609734,5.682512036098839,6.593040982344101,0.9390273525026589,34.183240502761926,35.0518713469537,0.3468644191256186,1.5849365416303365,0.6661613154815162,1014.9677698560295,2.9714481340387033
2022-02-13,1.8436207876252007,13.89849985265818,153.7089708741977,5.563983361552984,7.332895088753439,1.0734485814357986,33.06310823035168,35.04046730688327,0.3551915674874728,1.362390354366386,0.5374306856751198,1014.5800833246271,2.2309143330466186
2022-02-14,1.9951064969760852,13.611275330445952,181.14867370917136,6.6021871002594015,8.480882575717942,1.8748595084411546,36.950220864521164,34.936654519524886,0.47118350310254004,1.5052660085931462,0.4198782486509669,1017.1748118756394,2.852947251125167
2022-02-15,2.4419965574059765,14.27091016672951,211.15620530810432,4.986697151677945,6.925425449041861,0.6825709792431497,31.334879673256946,35.0744400553994,0.31459941023921006,1.199265309813782,0.5115134524058884,1016.5885724226704,2.2278608930223998
2022-02-16,2.9713966374218366,13.509147423143867,175.71906331773633,5.102124865067704,7.438160403803499,1.0349532301574929,34.67730448220242,35.02488861023257,0.38036387622194967,1.4162906029356581,0.4874355849702068,1016.0280710379843,2.162932167563034
2022-02-17,3.071594155372313,13.178882042780828,175.5235009564224,5.419327665386063,7.952919203858173,1.115057373511547,32.68237297199681,34.89266529298032,0.3861053872851519,1.6668388112270136,0.4161154162376772,1013.5130487381558,2.300602819768224
2022-02-18,2.565525769150061,13.488458517217357,190.04189468544982,5.23548800769128,6.616204427387041,0.42519493302956585,31.03749756692678,34.9425671213107,0.33406165054877407,1.4601953855766845,0.4271663530228656,1013.2259925729987,2.5777304184515977
2022-02-19,2.411026679405555,13.36924653326786,210.1882347248168,5.323856017971561,6.139293107659684,0.6856375738577085,31.29350042222733,35.07951507717198,0.30882911616109576,1.1916012895801007,0.39228143090203194,1012.2580161167238,2.0506416619992387
2022-02-20,2.217751555591933,13.280857437705555,198.21791289425911,5.396276031522239,6.637865081091319,0.6973273241576022,31.062423507566113,34.88488967887453,0.3561030232254299,1.248882385034491,0.2779084586035617,1012.8665937820392,2.3611663972891117
2022-02-21,1.8341408460904574,14.30654593148524,206.92122132506125,5.181794407810443,7.330838743595971,0.8856639759117924,32.03314953194016,34.98839699457777,0.41707291969994265,1.4842139162352097,0.4149699869612597,1014.140802039485,2.5959904693116234
2022-02-22,2.035003192121726,13.456829097309162,173.29475049720972,6.957769528492843,9.552302093587347,2.6365645502645636,37.179637652968616,34.91316778640183,0.5386990358785928,1.7688866193372108,0.5599157147617664,1015.8484258184827,2.6951592396990947
2022-02-23,2.4871126542846427,13.892613550929655,245.79363396982077,6.391674231263105,10.069099172381614,2.053843468880425,37.09455347698289,35.11910712268434,0.4088565662404572,1.2164959044060633,0.4045179152551827,1016.9089579453237,2.472481040470731
2022-02-24,3.191693184572614,13.695470462039882,260.5184600028514,5.939142983273589,8.195368544887156,1.9242596674656438,32.37223982085817,35.18561429123998,0.42369621861667317,1.06610138848213,0.4921855815859247,1015.9570449366317,2.680751375185374
2022-02-25,3.801066988440452,14.790841838402589,209.91231752059312,4.436234036292764,7.6777846976775965,0.7977232128759918,32.06779392387884,35.15025792253045,0.37677477548875277,1.127926135018103,0.454847357111981,1014.4384847586697,2.205977093923113
2022-02-26,3.1905257183583537,14.40090360571291,196.32075436203803,4.991338329039651,8.3798568747947,1.6396588238259064,36.12032117884061,35.42236222004765,0.3672962928157071,0.7720406340698729,0.537146650399878,1016.6254246884878,1.7695323961655653
2022-02-27,2.1881032864752825,14.514890425949343,167.6482043510972,5.290824103081516,8.067805046676197,1.148373374442401,32.542019724049766,35.28055017747413,0.43059697006855085,0.7868889759886171,0.5692042501275044,1014.9478849189943,1.9042297273368842
2022-02-28,2.105635693734677,14.988372534792251,247.76923512306666,4.79399897660256,7.049590882496225,0.7686231655648299,29.603572619805806,35.35671174272753,0.3536915443006494,0.5655771413414883,0.5658933511957905,1019.4031147561482,1.7672683378054386
2022-03-01,2.2804221157267297,15.324356743279978,236.64512209386288,4.842428854439222,7.3797379156713045,0.9110732418218321,31.81711815808207,35.29758518719641,0.363511980429098,0.830891379620392,0.5777116822142986,1019.9847686927367,2.088454026750593
2022-03-02,2.2019573740295617,15.486875659320605,214.7717450474127,4.031419702395905,5.948926739032583,0.3030375762201194,30.583067137357098,35.17899062021063,0.3203766513289852,1.2340881418055318,0.4020552711675156,1020.7886315576434,2.319048217329489
2022-03-03,1.8657058417899952,14.800413668946282,266.8087868865187,3.663639091204774,4.734232655023015,-1.5151438239502841,26.624883297635062,34.9428408681508,0.17516945521635682,1.4781774623769064,0.47352587892578674,1021.2316958041245,2.816968488478275
2022-03-04,1.6105920716025683,15.336299446429539,250.16979676507106,4.2673528482000185,5.336878973854559,-0.7723297948083919,27.971375384061304,34.92580800685147,0.277317716312731,1.6060582892291464,0.6166437693050496,1019.6764938670964,2.6698866420899674
2022-03-05,1.614547105726528,14.698696196710982,277.5652490981211,4.66073970087104,7.094941417267929,-0.05472846970973788,35.010355183691594,34.943984817440445,0.43356077554222594,1.2014286542961767,0.3759478454530077,1020.4239114805697,2.490985947380791
2022-03-06,1.662101961467279,15.202334809000572,225.80221111289774,4.576562042873002,5.468414887841611,-0.3059007316990532,28.651873608910392,34.89592798138081,0.29735648074108917,1.254990443583515,0.4018015822030659,1017.1781049880486,2.2840923838147082
2022-03-07,1.561749255046505,15.781589844004248,285.20390401013617,3.821293655082392,4.611906131939373,-1.110868622901648,30.575893398673877,34.97576990940907,0.24473653799161932,1.407011592652492,0.5072622425275692,1017.5898273759797,1.8626274111063517
2022-03-08,1.676406237048581,16.379693808617755,247.22218335330066,2.7227554994548853,4.260254721176263,-1.3492870817193618,25.524247032112715,35.14714241445669,0.3022083468701299,1.2162641997566177,0.5530664403385326,1016.9409044697728,2.2808023493747576
2022-03-09,1.4451248569767976,16.223637375595345,255.83295938689054,3.8072849223910987,4.3118879469260145,-0.609226167114827,24.776316040032654,35.285841002389134,0.22348419566120567,1.0809961136816373,0.6064905224518168,1016.5201487910988,2.0755163704862825
2022-03-10,1.3103944690584413,16.248335364590634,277.81977046875954,3.2995413078065092,3.3372521575045098,-1.5267471348524488,25.325588850992627,35.08050654385974,0.1576757047495855,1.3220939209723044,0.5991231697816467,1014.1271298872437,2.0078539417664842
2022-03-11,1.1133126557740034,16.76084866359473,327.9083175070947,3.6780804865848102,6.209341420650383,-0.36573038390930657,26.173754575588315,35.14116293351971,0.3164902703469616,1.2835251957169034,0.6557178181269895,1016.0044623983155,2.060390117515553
2022-03-12,1.0362081708870425,17.018954041105538,370.3740137739089,3.380459155024169,5.282170804987122,-1.11387029812148,25.93282414664929,35.285326661919406,0.23331519309495444,1.2406518566697726,0.7022474237890673,1018.0210168745223,1.7565990532465614
2022-03-13,1.1541928976759672,17.137945011049244,284.592814080591,3.121809417475664,5.318402695175214,-0.8398323557213357,28.23050433659304,35.15378156051401,0.30082210904964496,1.183538941770327,0.5927335653316667,1019.1850204237592,1.8747717273140092
2022-03-14,1.3566552553243412,17.199341212985374,342.6432817080134,3.7939026172161476,6.650968781354231,0.08432968877948285,28.243318770323338,35.17449691158345,0.3246033572716764,1.4043348076557391,0.6066802671938898,1020.0740873899139,2.3505470985404786
2022-03-15,1.324929755039586,16.8542541296056,325.4114392943816,3.789641631127104,6.153005140792434,-0.3328354540265527,29.64878274118343,35.10978003148769,0.31535842253623236,1.1376015044816694,0.4434571683521728,1021.0891530492468,2.374155078261202
2022-03-16,1.3646369956734699,16.850081625957728,282.0753292947486,3.056411850198001,3.3623859209044937,-1.8401368438707286,25.14840481132836,35.022470374501744,0.25051844116759525,1.1499262932645902,0.3549983810729526,1018.6389874244664,2.192259724938417
2022-03-17,1.0378157318440324,16.461632097353256,304.7975216458406,4.078280995939825,5.55852687403178,-0.6264899872034085,26.975607036686547,34.82438102941245,0.3024867856998563,1.5025537654783623,0.43788143541488334,1018.472638642673,2.4597992497317933
2022-03-18,1.1064090765862322,16.450852456749526,309.66999293342593,3.700528447454029,6.344147391823257,-0.679120562994946,26.872959811679284,35.030545534498685,0.2953468852417237,1.2245006874856696,0.46547595743072656,1017.1811012307653,2.6165655285983984
2022-03-19,1.1966542927405412,16.14356420516332,326.06277963443284,3.9018323810151236,4.798418342648569,-0.6846818035027082,22.5541277157016,35.035707622327344,0.23865668629471334,0.7934450318931224,0.37261205946700293,1015.7136509754893,2.300012199999917
2022-03-20,1.1493989674957397,16.30397659931578,405.7287919275245,3.077968629365934,5.109579690114348,-1.2830119350896743,26.807163304299582,35.15777873800837,0.2598129690925188,1.1537963713862363,0.5153175881660724,1014.5763685357507,2.131025334254776
2022-03-21,1.3648701258704958,16.520416625631956,290.35863631790124,3.7192582173425195,5.65531341723899,-0.675127459388025,27.703324427401725,35.06444649706146,0.29381099297402075,1.225869034242469,0.4603581511582445,1016.1361521773614,2.4628397614838007
2022-03-22,1.1142653475271422,16.16656398360537,324.8905992316335,4.704178061098385,6.885182335387325,0.5149340606753621,27.490985960689102,35.0683024892695,0.3449869241065508,1.2605297071518677,0.4399979259674698,1016.0012218175145,2.2146470424671874
2022-03-23,0.9806567770665134,16.846714788953115,315.7679955811411,4.057775377852233,5.416901046141332,-0.20997520931859215,28.32980405318219,35.03039344538881,0.2461954896583766,1.2559243040815793,0.3932280758016396,1016.4413676367452,2.072053243701035
2022-03-24,1.1564469850502894,16.66790531299103,307.9142703735354,4.155839490603869,6.220102688129098,-0.21599163590648982,27.526463797160595,35.1195800260064,0.35585348772609016,1.0704835901481615,0.42415573824603886,1017.4317458508148,1.6222350651930013
2022-03-25,1.5760199696435695,15.671898186728122,372.83316365654684,3.561392100467971,2.9124169740807844,-1.4568718266585765,21.455569591013447,35.00810109799511,0.233306802295699,1.1988927018988618,0.3036280416001036,1017.0116935291035,1.7826096143399925
2022-03-26,1.5672877817482571,15.80508944360906,264.63105935441246,5.4000204927025965,6.429458110590604,0.8154218340229901,29.792092325242553,34.822859350400286,0.3424154297444819,1.516421104343887,0.30590726956911823,1017.5018087911974,2.0309031616490354
2022-03-27,1.2112259273900217,16.07204096824981,243.73730190158736,3.6629306213597794,5.4167718034055135,-0.24998523224207897,28.296133149909103,34.973257337852836,0.28945926597651805,1.1995358446619697,0.33865236160425854,1018.7543326641196,1.77422834712115
2022-03-28,1.3482981930433409,16.265045496412156,297.7250910659442,3.9092918860042767,6.184869143312973,-0.13075854268819723,26.179039943815553,35.11985143444418,0.33919662385244354,0.8504035207006568,0.3970866257619506,1017.9687882882907,1.5440744178879373
2022-03-29,1.5548861388044228,17.058070446223816,325.5145393375409,4.441792061648818,8.01821789734951,1.2540366581559133,30.544300651231254,35.10682297497306,0.4604573311441801,0.8762545533935036,0.5016548482915656,1019.2796345222314,1.2835848143314195
2022-03-30,1.53182584328187,16.935279302310782,346.7827677772905,4.107769107500527,6.703706557221172,0.1925672941354186,25.499016590273573,35.022487244480736,0.29171995767521824,0.9938231006534816,0.3139479651168007,1016.5995208038725,1.4705486851077443
2022-03-31,1.4161299855941352,17.348931832413996,364.1849258742561,3.764518879249879,6.091559445151358,-0.039570131935129704,26.653856799878046,35.14957875786284,0.32425544604663037,0.7766701642075795,0.44269818923424104,1017.4179554538656,1.3018964334199528
2022-04-01,1.295216144679722,17.29359893462543,374.1894310183422,3.862027795828183,5.366463772843392,-0.507981536856569,28.82805075094844,35.145774057415316,0.29158886408953916,0.8308567001990829,0.5333403903942808,1017.9234994119223,1.5615819821938617
2022-04-02,1.2015957573923906,16.413536911306142,334.1686792319793,3.6745966170925084,6.737566842842707,-0.12455065486168143,27.762425751301777,34.9805371926098,0.3477375414402141,1.0648980882673185,0.43320223511822376,1015.821950600272,1.7912489820363073
2022-04-03,1.3595337233750315,16.999034680970304,343.40906496205065,3.848059144662705,6.048181216203449,-0.46856837473237245,27.27519413285826,34.87288377882306,0.28658247381914503,1.2696492016170648,0.43429922826354006,1017.2608966657649,1.9142269461734138
2022-04-04,1.6065282030943355,17.037865957375704,345.238534531689,3.921387249779255,5.876785613626709,-0.40322012654388,26.961359986682552,35.002401028338774,0.3540141842870458,1.0090454010897756,0.2419329159156294,1016.5562564627522,2.203773780794132
2022-04-05,1.55857925851583,16.839953620463437,312.6974552801084,4.217264339365815,6.890898446032439,-0.0017408618873174242,23.57582523967284,34.97782986203273,0.3337511413398618,1.1675191269218184,0.355508304335747,1015.0179702996888,2.732929523697398
2022-04-06,1.5361971743158027,17.181614405732255,319.26072455978965,5.0252124429919425,8.336012979870363,1.197104077399265,32.24000927957412,35.08501345025471,0.4159006315609995,0.6935362048759863,0.2965787501329453,1014.119063912489,2.749224482730386
2022-04-07,1.6171871129243078,17.42121715155724,369.30426541658153,5.001444991665931,8.672503609623156,1.7314895927431444,32.12193500586061,35.14730944865968,0.4510064061410418,0.9636286122853019,0.4356220696274974,1013.6252222099064,2.653515859699064
2022-04-08,1.715603237557166,17.549799741731817,377.35466487970433,4.956151658896655,8.519397619998314,1.5398695254873438,30.892723834086812,35.023730739401806,0.3944614032987095,1.020512396882397,0.24029020870135778,1015.1594854516175,2.9211398474032233
2022-04-09,2.178571434205029,17.446521374624307,387.5377034989449,3.0122251700937066,6.794662154185876,-0.5810300535630528,24.702518881162213,35.00003799052178,0.3898309631455254,1.0916932316215961,0.4182560559609464,1012.1306155416348,2.8866093635895704
2022-04-10,1.6415029824895464,17.666951823565718,356.9126324708646,4.27039867981053,6.999882101392628,0.23852398746314135,26.005590948720556,34.959072662169156,0.3258438790795541,1.2283156384219525,0.34722761778546296,1014.5481847532246,3.1375378789963944
2022-04-11,1.4550013664616237,17.815090507147556,378.21555258441884,4.029027871751186,6.505636557778662,-0.19771108497766995,23.009512203811486,34.80933940330408,0.34244011807971564,1.4299868010067356,0.3880529175376153,1014.6003236850278,3.0344181524272607
2022-04-12,1.5803675879047412,17.497872518077752,290.76822843093424,4.342961265511693,5.847578089388105,-0.0044924243833658895,23.70194368601679,34.608448909234276,0.2826907639455936,1.6660924917659132,0.3995270276119869,1014.5609288584236,3.065684870168955
2022-04-13,1.6001314436031155,17.432026338240092,358.858652117018,4.476505525886076,7.366157051138686,0.16129586811953914,27.428360303153937,34.81495386999275,0.375752652538658,1.4532723782182642,0.2358803296005516,1014.2342959117217,2.7656842393652754
2022-04-14,1.6982728371691196,17.867075113068918,414.31228441719526,3.507923697781547,6.199713707252106,-0.4995845536597913,22.315644901514553,34.88865385038349,0.33193805226958756,1.2775272114152394,0.2507202430727319,1014.606868430264,2.627557701991692
2022-04-15,1.5683897171500456,18.509820641819235,367.00215205521647,2.965901789319606,4.088836169430383,-1.3035832572379065,20.042310291596966,35.05481101437619,0.18082775387940922,0.788991734311534,0.2987414428048615,1014.2561212265309,2.2848309742640147
2022-04-16,1.419033198264372,18.957048637075406,420.47920956995404,2.946877276266228,5.142355913762744,-0.5597898932955995,23.246589888512432,35.228924548569516,0.30575403624889974,0.7130263969821403,0.4007348302445391,1015.2038183425326,2.2293599258077665
2022-04-17,1.399395607670721,18.622504241619087,383.4546447678722,3.006619401901079,7.615071331625913,0.16382424348139554,29.978137845073757,35.357072405816325,0.33311668802116573,0.64189892814764,0.4639225884150464,1014.5013552792998,2.0041998735695494
2022-04-18,1.3888815147983002,18.54317152590353,484.34934363517624,2.0114528402808567,4.226453023076735,-1.827870042582794,18.849444478067188,35.26013821290663,0.19626948706697156,0.613792232848604,0.40181589996916683,1011.8505440155799,2.5411324135161197
2022-04-19,1.3448385431182504,18.709627754280792,428.9932081714798,2.9259554027682926,6.37034510377706,-0.5893910511308477,24.21031890394466,35.374675934262335,0.33482151961685686,0.4414822116227206,0.3495102170927143,1010.2876427710742,2.522459903650755
2022-04-20,1.1365087963627662,18.737638073587636,457.64813756083447,2.4834433207833495,4.664163430674181,-0.9539665724294968,22.202355789063674,35.40355217986327,0.2891644862874118,0.21886124626368342,0.4157921224763078,1010.0453242344346,2.5338127869150693
2022-04-21,1.1231177629719384,18.548505411080498,402.82293472296163,2.857071321493513,6.460113671633619,-0.5241756616590414,23.856789263540406,35.25806583358994,0.3290035172280633,0.5008308469350521,0.4123616434480408,1009.5541334749846,2.4249663919276316
2022-04-22,1.1343940723306163,18.575840079369513,491.8880248008303,2.736597597064102,7.559039306612461,-0.12647449619735046,22.91423545581324,35.28837004719325,0.37211496761612534,0.35209655890283986,0.4195707776415801,1009.1885567482582,1.8361301143389612
2022-04-23,1.4017755034660597,18.76122417707577,441.2071592794757,2.9856183283372983,5.815270775343813,-0.3816138633487697,23.463300762436894,35.1944201385603,0.2648571902585316,0.6509734893427196,0.39427838673153703,1011.8782332370439,2.2911254808576684
2022-04-24,1.367728753774798,19.080069340156463,499.83313476148163,2.4379554960795233,5.934439908386137,-0.7482576045104647,23.552675996102085,35.28446780065626,0.31529212232629716,0.5675070809532078,0.3993409405690031,1009.5952380202556,2.09940470685865
2022-04-25,1.2285233747799198,18.760454454550796,410.18345042662907,4.10051367548553,8.137855178370637,1.1951882977804873,28.26070669990926,35.27934535696529,0.39130843039645197,0.33445928458385776,0.3110655369697654,1009.9500843906629,1.8828874176829997
2022-04-26,1.1080095575030375,18.48345984109111,456.53062668658237,2.1117771895171975,5.592147092540581,-1.14313281109117,21.580900054182308,35.270097474778275,0.25392077810692154,0.41385536430618336,0.4422488955494842,1010.1679999908164,1.9629533915305648
2022-04-27,1.0987899160796095,18.700715930250176,434.11438913210884,2.327930983103356,5.054568566783342,-0.9600029639822607,21.247268078097697,35.31988373295515,0.32220719976151546,0.12292088273542756,0.31321494765476676,1010.3805013391427,1.722861072450502
2022-04-28,1.2897543004142007,19.167285435754042,487.09587722181516,1.7809088607889574,3.6478939905499526,-1.7697515047407328,17.772659652014454,35.33997668127751,0.16343412895162363,0.4919345457813508,0.33246422025017397,1009.8190995297924,2.38732537511272
2022-04-29,1.2384554973975808,18.855584785298287,481.90593554906786,2.69326082988345,5.052852796095999,-0.6582754917118263,20.20795910862436,35.252391333965164,0.31663279424692503,0.5442137389909868,0.3467128733474885,1010.0376548586025,2.2341377340420707
2022-04-30,1.1831064915010574,18.647918893501952,424.785152447648,2.594203701493737,4.583675133796055,-0.380001291607873,19.25762722381527,35.263055091058334,0.2757775128158633,0.40909741326508925,0.4294176656191444,1010.8045691154805,2.1825866001950245
2022-05-01,1.239956499777986,18.875723307945186,487.96295588361215,1.7993524668706764,3.315942437022544,-2.102292791448173,17.57651888391557,35.239196733454214,0.19534349392408393,0.42858283901662786,0.32859493620674946,1010.8373833871884,1.5841421213218014
2022-05-02,1.379625451686628,19.454157063452595,452.6561464020466,1.9665536208362675,4.304557415452147,-2.050444488980748,19.8070210472394,35.26884864153146,0.1795809073471427,0.46167728143881903,0.5129342453852193,1010.4377340122685,2.5808345743419614
2022-05-03,1.0407028558919964,19.220273269315175,544.7841993282857,2.1201430784067883,4.5138360942711335,-1.4878393592520003,16.802746255203285,35.30827035174803,0.24113184082977418,0.624182506617039,0.19736972459681165,1011.6205852443708,2.387281515816792
2022-05-04,0.8310306332870893,19.80623071320969,496.5612691892379,3.1409728185309542,6.34553891283751,-0.24709119150327946,22.30240452119402,35.18500704101709,0.28015606591150416,0.7836331662167406,0.3541123822043438,1013.1369561300883,2.4423160991997066
2022-05-05,0.7782504554671291,19.76773065649348,502.22413915300615,2.4078435109860976,5.243287667944548,-1.3548240853230404,20.221106562899802,34.98668585493492,0.26409732775005895,1.1779583226487738,0.30895465750440654,1013.5344394031885,2.6723699293954644
2022-05-06,0.8124407359507854,19.963746855040654,502.00566972325163,2.3064175463772485,4.833545948723064,-1.69361855151076,20.88750875029574,34.81052605860209,0.21980477683649713,1.211423743900871,0.40890693216902335,1009.9062230356387,2.5523221730121897
2022-05-07,1.0878887345404988,19.570007047651288,505.1680804065891,2.492204067876379,4.614829353880575,-1.826915767997155,16.594418003548167,34.88098345175357,0.21939400810417312,1.484826684666144,0.42318179141660167,1010.8334587042401,2.7849713097234803
2022-05-08,0.9503417448412309,20.08752217775912,559.0535264606106,1.9684228703354947,4.6532810743508195,-1.9929604869695967,15.554636414181147,34.949093289932456,0.21163705321553278,1.075765781900078,0.4201687662592275,1009.9342499539482,2.6466961585870576
2022-05-09,0.9941279239181818,20.41557718443211,552.3296958730058,1.673359527404588,4.777690789185028,-1.9661808746708083,20.145397718614525,35.10726732480877,0.2950529516089409,0.9866056821097048,0.35242812654138744,1010.2119568213424,2.246960766682779
2022-05-10,1.1230008204228612,20.0883642205592,516.3303915129549,2.351147677884526,4.08542987321256,-1.2474340839185647,17.882541575518577,35.162805411522655,0.2762186976622244,0.7966722111308908,0.46908446937286147,1008.5984831159906,2.1225585707197454
2022-05-11,1.0415743170192444,19.609177084966124,529.5224998444958,2.4705893531684904,5.556202551600422,-0.9250128123345981,19.53947637114828,35.05859250015598,0.35933935250591154,0.9609582719518593,0.2830054062280751,1010.6600151461827,2.248481199747407
2022-05-12,0.6829391165191158,19.569919674029602,461.0339969932127,2.6996217834770317,6.7397311876409365,-0.5929888691027346,19.26636720749255,35.10800816292301,0.32550715206672265,0.6484252183310947,0.3938293399514681,1009.446820437174,2.1978848570335328
2022-05-13,0.8278853362337186,19.18256583744059,511.0308685359229,3.4996391691952846,6.4524459137516095,0.2731595972789553,19.672676860150677,35.158711626437,0.3225825243793086,0.6597249847453298,0.5350188651940487,1009.9105454168932,2.5444084907004765
2022-05-14,1.1216315324623198,19.352925823177998,480.1379763068369,3.5704468104247176,7.207069199132524,0.21997581564539473,23.170276976714483,35.06890712689879,0.4067230340670445,0.8174055303220653,0.3339171517043696,1008.6368532065288,2.217392532539965
2022-05-15,1.2896452526523976,19.809230099866102,501.186520399644,3.434755045043625,5.927463415106598,-0.07018554477973138,23.996441904743197,35.118645158086494,0.3220153286597528,0.751292606424368,0.29609424906934373,1010.4715576736934,2.4320104162251868
2022-05-16,1.3388720389653792,19.950826857150687,541.7716478606474,3.1197224564892228,6.187302789723662,-0.28741154451883844,21.809971776344,35.08869593001421,0.3433981249153605,0.7782276624679929,0.4388207062450205,1011.4483673053353,2.18917288832965
2022-05-17,1.5667825623775407,19.989443306634186,498.55081566693934,3.1699897061988493,4.871603922220988,-0.8769136441021896,20.527675084407765,35.114733633765525,0.3263531009212799,1.060232166594126,0.2924342612271547,1011.2550766685556,2.5116259900174462
2022-05-18,1.3978614160240892,19.739402528265853,517.7086360207092,2.997480557276894,6.229393810279292,-1.0174423955820753,19.83189628823983,34.950139606129696,0.38727185470054276,1.108766490320947,0.21830472190685385,1013.3723026648802,2.4682024155326086
2022-05-19,1.4018441442167484,19.996549200829715,529.4209413904642,2.5598692587556244,3.9087441282214224,-1.5794675182817444,15.819900678642668,34.89346991874962,0.23681227913988318,1.4301542018459081,0.4506447357536832,1012.3278788834297,2.643572378794597
2022-05-20,1.1048391643460236,19.64114227919764,449.0098875122067,2.6404402721270497,4.897474579715656,-1.6300616460345025,15.227327466815769,34.72236105528588,0.2785225634802158,1.5119504038816476,0.3060336110287233,1009.4558294976509,3.181796873125429
2022-05-21,0.9710090180197188,19.79960198000184,552.5133489490071,3.519100862512069,6.728191666521948,-0.027499845309840676,22.4289733280727,34.864148355364776,0.3759622456842492,1.1788331335286817,0.3735976304295525,1010.8929298757665,2.8926194349507384
2022-05-22,0.9777844409650037,19.903165624412242,513.2673041129042,3.5645667635152085,6.850268000601109,-0.03366953693178784,21.977855129469365,35.074671678328436,0.3046554315779125,0.9866192847061837,0.1852419332778702,1010.010578861189,2.4769988461286845
2022-05-23,1.1248952147779148,20.358790486330395,590.033334631197,1.6249840144549448,5.30901366244247,-1.9036897494934064,16.98378098665811,35.13717701491604,0.25191281950883593,0.5805108405895024,0.355661102502976,1009.8868024393694,2.017005132218821
2022-05-24,1.4362509658997706,20.094306650438284,517.6162996427985,1.7284965120682496,4.456032111519503,-1.8634255266952457,17.349369464976792,35.173453287169984,0.19498299674275044,0.5598499482386965,0.3181223210541374,1009.2508507595087,2.0119679964673702
2022-05-25,1.2365446948167889,19.755328555934877,531.436887732354,2.885137754737335,6.4781481352528285,-0.2873872156467117,20.768193682984712,35.18406044984195,0.3613118862173944,0.7782730268547585,0.43463702547723493,1010.9338809326083,2.635447122348538
2022-05-26,0.9606532622904879,19.966696171808007,531.2219840699728,3.365464499699269,8.062813531942126,0.5988455309345195,25.18871743341653,35.07625186529103,0.48819213641398346,0.926654000584338,0.18938088206552353,1010.7367776240009,2.4659581349977264
2022-05-27,0.9562997503197808,19.695548656677524,568.7969592300209,3.2107405478779665,6.993639857510512,0.04055645261362581,22.112033252473815,35.00878988285159,0.3384756138285752,0.8704684538468603,0.2015549431198428,1012.9549082797266,2.4204860114337925
2022-05-28,1.4886307448807203,19.205397298468213,495.16467971393485,4.145885198265945,8.881410761973068,1.2619660086132758,23.84129182662287,35.13701443229664,0.4652542235636996,0.7383657017678154,0.2959310725241863,1011.2711322638279,2.2241701935265215
2022-05-29,1.6731357660473374,19.730517390983476,502.52042083092095,2.6897076308807915,6.402530934405077,-0.2394998893054887,22.393060515580103,35.29290163688346,0.310369425340893,0.49512897241040665,0.24571548379129787,1012.6377767735302,1.8096612887474244
2022-05-30,1.8868984104451123,19.56066875405652,482.55221564822455,1.9723987769978275,5.562453539515163,-1.0863057265659013,16.385966403407483,35.23349386324232,0.33688274281898706,0.3617051647850982,0.23330021078604496,1012.7686086626537,1.9568099395952565
2022-05-31,2.107328886687037,19.83910140639627,567.9929524787308,2.1070707309209897,7.239047480474813,-0.057584148408165295,20.30622218822576,35.37630977511797,0.3173959607513501,0.37544299383583046,0.2943390412721919,1013.0444099460947,1.6757491070308759
2022-06-01,2.293848982288983,20.523348864801722,539.4615135456337,3.291999331709595,8.573070122229247,0.6439486827362235,21.92753426627568,35.27773681503568,0.43559810593448883,0.43049342110701433,0.43838285475959754,1013.0785339368416,1.8265247032098746
2022-06-02,1.4910371834634621,19.96989271391806,566.5322733135189,2.68857249501229,7.468482142406633,0.09850604936961829,24.3508789706353,35.35773502609896,0.4023683967449521,0.3348916960887814,0.20739389082661475,1014.1652420612382,1.9679587491601804
2022-06-03,1.3632904566137831,19.400421553285774,549.199225347331,3.3254097623157506,6.8851827727722235,0.14857186043114715,24.666098998130707,35.05838564345962,0.39127758174576294,0.40596737737150024,0.21044472132007425,1015.2137614546353,1.5790879135841147
2022-06-04,1.4279015475226768,19.60570374245174,548.0761323292454,2.2287943569703583,4.052794024755618,-1.7745412406066479,11.479190863283197,35.105852666788266,0.26327641651012523,0.5642864221361009,0.2506968464473038,1014.6898009182768,2.157351905889831
2022-06-05,1.1605415159839196,19.215845833642536,489.24247027626046,2.809981609395184,4.569757569469184,-0.906699355135135,17.9822102751413,35.190921453317394,0.29360171337056024,0.4856569514526863,0.25743390147857836,1018.4842507124184,1.8639692098398823
2022-06-06,1.4077181012051097,19.482036647040594,483.7937813502144,2.48219123930758,4.994675117593271,-1.0158735006436683,18.083704930502822,35.10403133914819,0.2911578457263079,0.7340913327398593,0.12636075329189772,1016.2372392525693,1.5923468073090794
2022-06-07,1.4191776936645677,19.350930029156714,515.1353482918055,2.6525851804808274,4.961210536878237,-1.3914205158324562,15.967661636212975,34.98214485886481,0.2741938125583032,0.9318691014554181,0.2962319832014461,1019.2136343672236,1.6218905356641238
2022-06-08,1.3702179305172464,20.25638564963901,541.1872040713336,2.4963368169633715,4.68378916233774,-1.0964159570231589,16.73839610815364,34.9461631666334,0.3172353943794798,1.19268324516227,0.23972745148805938,1018.6357365249744,2.0766244187847502
2022-06-09,1.3460444559781053,19.913580925605494,428.440146204082,2.0898107068983136,3.462994281255291,-2.0745810909744793,14.509673673908281,34.92431754234958,0.20974196391560473,1.3014223442104598,0.36830571839498405,1020.9299381655376,2.5536360450692506
2022-06-10,0.9863257935139816,19.44742029854376,530.99570914929,1.3766371868637963,2.7491687000477154,-3.0345285240770745,10.003107280163677,34.909855614626096,0.130268965256744,1.1452414969307596,0.21815660294535621,1021.0911243800058,2.4723023336318097
2022-06-11,0.8664721389790162,19.505599828676925,554.3486925951175,1.4947754233222441,2.915489437328058,-2.8292506681224214,9.345762019879094,35.03264371152181,0.17480614064683,0.73487022901146,0.25526391619199906,1017.8788887556736,2.3244187051725214
2022-06-12,0.7246547081158794,19.71239490365056,575.4411826315136,2.5341186911093794,4.5557846953630365,-1.069809187796311,15.429284596592336,35.05519780484976,0.22129101636354936,1.1020558723367924,0.3275782832710321,1019.4257049316005,2.3441535721967814
2022-06-13,0.6521272951070213,20.181841570416434,516.2381910637095,2.2713398369487194,3.5832963547979753,-1.6702490922806317,15.445256840123573,34.91799958324549,0.26035005531901395,1.0942070219033413,0.2784790134352315,1017.3592677112723,2.039538706425994
2022-06-14,0.8256751822354461,20.567568749512024,610.2040142184742,2.305395152080203,4.788273150921895,-1.1035345803588872,12.956322335218887,35.13307572205445,0.2736586804648475,0.898892096157045,0.3660459123420325,1016.7366908796706,2.020413292697379
2022-06-15,1.1363079159204905,20.929424075510987,595.946152848902,1.8952762394775686,5.558841545497389,-1.3886261352267741,19.60828327973454,35.2309433458644,0.2991600168099201,0.6948534495015762,0.5003162773280099,1018.5992131218774,2.0783036269690722
2022-06-16,1.0688098633361138,20.539995082145058,539.1304418438791,2.2273706196652063,5.624536505878577,-1.1993309049967666,14.777735750506398,35.19443083060404,0.3476479469109327,0.8108896016526845,0.4343737825796239,1019.1272007774579,1.9469043269763424
2022-06-17,0.9552700931069423,20.02081499159695,581.7493322149722,2.370932818289674,5.051703663209865,-1.1544224428105216,15.817821407531026,35.04715762536362,0.33668530358930865,0.9507533923254878,0.4362487107368561,1016.8475973748175,2.162965897996574
2022-06-18,0.852359182128996,20.677883155378286,526.9615467425948,2.171825930124613,4.68235794444498,-1.5557464777133507,14.243280672080159,35.096943130962096,0.2845419984182707,0.9355072558040033,0.4056935042496578,1014.5828638865377,2.0560418922238486
2022-06-19,0.9730808133307884,19.586101838123554,560.8144838118186,3.212766805202001,5.659998443365606,-0.4558307396392477,17.031614340538997,35.09480913040475,0.3203756045088334,0.7999307505708635,0.24763959694979842,1012.5336798652788,2.0645534715363403
2022-06-20,0.5874168935841196,19.13625421388474,500.7571265884614,3.713880641320774,6.449925292420282,-0.14489653945518818,15.157766973712778,35.10858895862571,0.2989629501894285,0.9202375356391578,0.10285842715965965,1012.5059926580806,1.6699854848259479
2022-06-21,1.139022825412133,18.428536998535236,497.2929593506521,2.966055561838792,5.564541811776431,-0.2963163368056465,12.861027886571236,35.06076399352074,0.29963429524794066,0.7774900482351548,0.16852842234418264,1012.4308606597932,1.7480961688605405
2022-06-22,1.697041129898851,18.683857177121446,528.4671817093033,3.984118005814051,6.203754859250758,0.6394252508629137,17.61952660302862,34.99892872849862,0.3463220437194208,0.9102007840961731,0.10943453575394813,1012.0671741521011,1.9633363826550516
2022-06-23,2.201997997676453,18.986482289352175,577.0627333553562,3.993919256429453,7.668385889603075,0.9120826858945056,19.795499901069494,34.873309596386996,0.3979002546212214,1.051409178463544,0.14960643135257926,1011.9651080697347,2.170208988679202
2022-06-24,2.324087006702219,18.72842431377104,503.9123459868147,4.0992868541807095,6.941485368116856,0.5482108435825676,19.58660593565211,34.87485598393015,0.35604010743249614,1.2488761964237176,0.18990428541811016,1014.6452953506446,2.237316753208196
2022-06-25,2.007340025306477,19.12495280130457,511.7237278088596,3.760885280722948,6.755333608587467,-0.13971112576515293,17.249680172268526,34.97000455142671,0.3802644807403719,1.0075986033576174,0.0641843531301691,1017.738834429141,2.0563292585477124
2022-06-26,1.9844835562887728,18.941144474009278,591.6324107907059,3.631107883188797,5.679989603597542,-0.41497697247077725,16.753123815600226,34.889946839100624,0.3433514736440371,1.1848801241811682,0.16520798027864117,1019.194303510312,1.9755501697815991
2022-06-27,2.056729037572998,18.854009084863566,475.56712850921286,3.7439730051714664,5.295860518351235,-0.1735409670879262,17.488313088408976,34.98263427793312,0.2486295025991876,0.8930434905236266,0.14619891365747612,1018.2181316946311,2.1056358877995685
2022-06-28,1.8523594146574902,19.41353643844607,535.0994344458367,2.393267349373547,3.69369397578023,-1.8992196940755293,10.477334414772429,35.01791268828629,0.2220985798387258,1.088430362844421,0.3120852423880373,1019.5701462220904,1.6849562435772005
2022-06-29,1.9603620045912462,18.881193460823457,469.2840670996384,2.90481575024198,4.385640005022641,-1.056327019324313,15.103322742967057,35.23434723824309,0.2858045748140604,0.5313149172249858,0.3191836168802931,1019.105944702416,1.5926010057917546
2022-06-30,1.5999915917766687,19.517782634177,476.9459573266689,1.8880280353959413,3.316757523520763,-2.134847257021825,15.029769303175538,35.06421066205575,0.14444453697206755,1.038016567905368,0.48347096732312056,1021.1090305626813,1.9814932190222778
2022-07-01,1.228997835470848,19.063988626046854,478.522565765979,2.001361183891098,3.079502559331117,-2.7041836461206117,10.682892551472897,35.029786090205846,0.12703672582538716,1.061706192297963,0.20657508074682432,1016.3557658742088,2.445424804243182
2022-07-02,1.0503360861111377,18.86492580098051,509.02987092578337,3.0605436208312997,4.342388620754862,-1.1641227011659898,13.572867375631388,34.869446068338796,0.31756253844414895,1.2728998188340752,0.2069047355931882,1019.9770890077235,2.5799017933056807
2022-07-03,0.7916365559728553,18.895374542992883,487.7739189938679,3.518784415851289,5.52798049243678,-0.48486601002308805,12.593809482201056,34.86318476953599,0.27551436627000686,1.2259594269112593,0.19382754416477127,1017.9942003457952,2.5347231792507587
2022-07-04,1.039209851464204,18.981977970885882,486.663080609477,2.6484159006160017,5.371212234526269,-0.8341957719671003,16.006661938922598,35.12443171840987,0.31846789256587854,0.9371188879926698,0.26685915987480296,1016.9862451509683,1.9092619901478138
2022-07-05,1.233556459109799,18.847034748359004,516.1111125912513,3.224801926235486,5.466690903029661,-0.471109290765823,14.646090302916516,35.07553757014956,0.3241989977839511,0.9708562945648914,0.44786766769600217,1015.7562939278604,2.1203060701336667
2022-07-06,1.6774113065457799,19.014861792500756,611.5300407984292,3.539752595482275,6.769258590045549,0.2841489700856197,19.94934574642614,35.00764553050106,0.3357557275518773,1.2901361084784098,0.28701343687593867,1018.8138515896763,2.528801854744114
2022-07-07,1.5134788697828623,18.621009228219712,504.26348031038106,2.757159050780835,4.369845802259917,-1.1871501092525103,15.198792342162912,34.929704736073354,0.28193584424876095,1.3144297420891369,0.2237904901920091,1016.1647738145801,2.5513489450468363
2022-07-08,1.4236391935368709,18.63639011683498,453.6549200532585,3.9383603416939845,6.127350301409406,-0.12996054967863363,14.993600310926366,34.76117954269955,0.3466233491594699,1.5927125937043285,0.30518386277007536,1016.7383834094776,2.420614906860118
2022-07-09,1.2214501719740993,19.436880074029865,552.8160312525375,2.948875597361148,5.771826285504954,-0.4335614274369388,19.56278490144386,35.050440700389906,0.3318931315214482,1.316519141568692,0.3060989495954257,1015.9281249406332,2.7257538853287646
2022-07-10,1.255401567253608,19.633103308610636,564.4823943747102,2.907735661871974,5.6241968819392305,-0.48693195631000297,16.252124753530637,35.05202096494002,0.36288077001987384,1.3873445720977728,0.2585955798844789,1017.1489429230778,3.2680998169203175
2022-07-11,1.3183262578374129,20.00323600089106,566.591649166549,3.351546037026995,7.136848717287896,0.0793173011449507,18.667268043850097,35.08184156167892,0.32142378363980534,1.2669452725644388,0.3668537781601554,1016.6528474999043,3.025165282255751
2022-07-12,1.4814283987652923,19.74704747534955,567.5273622068947,4.123784855427551,7.08450228924848,0.6933547291680491,19.254270382100618,34.963019129778644,0.4632482008913218,1.225360764976732,0.4053200009609922,1015.3293230602618,2.733360547232593
2022-07-13,1.6347251419066289,19.50270088323891,549.4507270892072,3.7562862405010606,7.59911382703341,1.1069617201040531,21.777749223199812,35.03508916671553,0.486072503463987,1.1603435035386374,0.4155197160862802,1014.3854321197996,3.1259459435780257
2022-07-14,1.7290556815941531,19.17112315527193,559.759099970354,3.894590449954541,7.200155984949632,0.03975342845205031,17.635440974451626,34.93179601035495,0.3240092535711119,1.2276635817581578,0.364458909220864,1013.0432993993161,2.8422243184484244
2022-07-15,1.9820589744467656,19.02798341087822,559.8194175466876,3.306469771101015,7.025185217389696,-0.07148337512926935,17.7617585886398,35.06033282116282,0.3299880311944216,1.085462952755591,0.3260946957309123,1011.139058187515,2.6869448079253946
2022-07-16,1.5305931564022592,19.074503818473115,483.44953681637946,3.8795001189886205,7.215523343094841,0.16713315414138671,18.972706287922446,34.974256459503025,0.39855273935027163,1.278166799195608,0.35874815405889143,1012.6724084876245,3.015915178235778
2022-07-17,1.5209954003707276,18.535190153145788,443.8736411045979,3.116559772765426,6.148891695912215,-0.3554109645246394,18.909503816796136,35.090258140253894,0.24640724040485826,1.0628290652374799,0.20163484140907476,1012.2491605947644,2.9326682040477285
2022-07-18,1.6583958988236334,18.25335322572963,438.0774939532002,3.2312561056697997,5.488825464508237,-0.20442002222176855,16.14874041422541,35.10114590509904,0.335187195291353,0.8495671179619302,0.2351531460492631,1011.1423758621511,2.555355152934357
2022-07-19,1.4507622000460862,17.87893660904992,449.16593794511203,3.4149256880364813,6.4223778918368,0.08160154543866083,15.368329296754037,35.288404965386135,0.30317622263227184,0.7757704511606587,0.25161704096006277,1010.3811594871798,2.532143786940491
2022-07-20,1.4132499221114652,18.66995339119291,494.2035704000591,3.4411140068608876,7.016488974629413,0.7032583657608353,18.13617746273376,35.26870087174497,0.39548183685419375,0.8144708435309091,0.3371515085232484,1009.9795240842615,2.3277297110142263
2022-07-21,1.6209146256839746,18.403461133158416,506.88486296556255,3.1655412915866825,6.891497310708134,0.006497897181894877,16.272747442783245,35.2279818338834,0.31933836033579244,0.6990419745199106,0.30865470206269685,1007.8917008407321,2.3022538688674508
2022-07-22,1.953975322765011,18.020028803064786,482.30021192951364,2.0826395123879577,5.135840163945893,-1.5851503808640799,13.393193032837523,35.285144082531325,0.2764212794029949,0.46795699748584485,0.2956288439883577,1009.8582127591694,1.9110786948104108
2022-07-23,1.547241532199426,17.898348094091794,466.7407758795094,2.7737815052202963,4.41300150428165,-0.866675387088816,12.027485995304463,35.185717628008376,0.2262332260812031,0.7523259690786348,0.16542564913173943,1011.3547081771314,2.2372128094640296
2022-07-24,1.4125774109998774,17.749129344697945,509.7821244400348,3.190653935244558,4.335619982782399,-0.5416327379057136,16.469896546252045,35.29706673568718,0.22902037430036384,0.49020446725004096,0.24237791950869048,1008.6643174135273,2.1365917586334526
2022-07-25,1.2105869746761042,18.293875275932557,493.00622160244797,2.9466059929146704,6.517424690965153,-0.6755569375693017,14.73562841187713,35.40075845512402,0.2948791562716722,0.7273311264333975,0.2962939633064645,1008.0943606253805,2.6021068949201696
2022-07-26,1.2429897577782025,18.08915871976187,496.70973300802336,2.45854598600971,4.9154929610823865,-0.733863065035504,16.308048001359325,35.27922677767467,0.2743104467773802,0.5454640459915975,0.15509847285712774,1011.8594236805741,1.9692281893648513
2022-07-27,1.2725611604986304,17.575799558196564,477.2203345377372,3.4710662190392774,5.17310133024937,-0.49961164771798694,13.50245648150248,35.27887792043839,0.26139579687325176,0.9612520829380964,0.41819144227974814,1010.059376278439,2.1387036901290783
2022-07-28,1.1989189178971031,17.999481305651212,504.1635224169167,3.1843288654658486,5.463151958379047,-0.22906082701570318,14.885095091079464,35.133553814743856,0.2732082465076141,0.7682946038356202,0.3235839593556802,1009.3026747095986,2.186094471996123
2022-07-29,1.4653254706337027,17.881502721456464,528.0662318369025,3.9025107208736967,6.409447471020498,0.6263679483067307,16.759048556465377,35.13686040147061,0.3520859552958222,1.0011713317588682,0.4555903649331911,1010.3641923021273,2.314010065081855
2022-07-30,1.8709769067000994,17.977831916325947,487.5895260234447,3.421974291704629,6.293365716299413,0.07856528828209045,14.896928046734832,35.30297422762108,0.43869962737495316,0.6408969672016844,0.44044655411418254,1009.832539005785,2.269359389681473
2022-07-31,1.7851754925578727,18.240848387065117,469.5408136399555,4.46534406166501,8.25949065188486,1.254535811848495,21.71320813369627,35.267643240292664,0.4145984041285949,0.9618824136128143,0.38856496775717114,1009.117265319771,1.7592757389781362
2022-08-01,1.6362180572109273,17.495463754987956,470.14646331025534,2.910483236330266,4.7986448413042195,-0.7608572766917692,12.319410419721848,35.134415004639735,0.26699119316449366,0.9346750376385957,0.26324161946888974,1011.757060782319,2.0048077290625614
2022-08-02,1.8114244678264146,17.495141994774638,523.9274661132628,2.5399460279357737,4.451392110432325,-1.91297147680369,11.026448006085388,35.36793136385723,0.19188463999790686,0.5951013097074906,0.31403292442171005,1013.9203877155786,1.5124057045549246
2022-08-03,1.7477710586539692,17.869519561731465,528.2903101379558,3.0455134275088858,5.108599562745281,-0.9071503790598497,17.337706664028218,35.367895630028066,0.26629708822814946,0.9053025443903399,0.33529085926244084,1011.9247897526286,1.967498377255462
2022-08-04,1.1177431684325398,18.152364944045008,443.4513332003843,3.9289388026104417,7.675606582503446,0.3140628292619184,17.448080286988883,35.19019012512718,0.38085055216044444,0.9546452908061765,0.38833826023736623,1011.0368881068869,1.9810673913598424
2022-08-05,1.238451414559951,17.927547139135257,480.3666128072098,3.195373985156309,5.575636384249784,-0.7003780691816841,15.29722081603391,35.115913292422675,0.2747657825981657,1.2863062572813284,0.29659255027448633,1011.4010543453576,1.740600611070798
2022-08-06,1.3209199862131258,17.924480485826905,494.80788334445504,2.960697568920594,4.636484661032228,-0.6016518672192659,14.05926896144326,35.37606837902732,0.3291989199382735,0.865526016356956,0.5118762472114634,1013.8754138504409,2.020357790843989
2022-08-07,1.3692052972892852,17.25365398357219,410.1816140272503,2.6025427375276355,4.003548956768243,-1.874581621297958,13.050266660045978,35.29169881630054,0.21083231899315133,0.9560326294831472,0.3948589556945883,1012.3708150101127,2.0847182686121006
2022-08-08,1.2311159126317377,17.06838068364762,460.9590261451358,2.3549620430668794,3.9970429862089643,-1.9201226233218438,11.750474966829136,35.27915339667326,0.20174426832563855,0.6749329882314226,0.37606951830646057,1010.6417246468412,2.262414671289056
2022-08-09,0.9982997811424437,16.634494244792734,400.1398888798777,3.407961918952933,5.496204221898168,-0.7762824609141246,16.52916052971625,35.29424103599393,0.2846622252497546,0.9535803066129037,0.3188424288904766,1011.7601368738351,2.0626361280839065
2022-08-10,1.0840070485918727,17.548110868134255,416.60958030291977,3.235770177462027,5.802940990774196,-0.1124448571227998,16.80026404699495,35.33229940552113,0.3371867811190437,1.0991898434195448,0.43595966088784754,1014.8305570177408,2.5418474471266603
2022-08-11,1.0698617418896337,16.800855924158714,433.51227933899384,4.413079566543966,7.91986137604145,1.249355106659224,23.040118197438783,35.34456080464927,0.5021251667177793,0.9167882590528157,0.49124149831494424,1013.8098220383998,1.946837649307245
2022-08-12,1.2195474053627817,16.62608601753041,399.8535583414566,3.670080171099559,7.3226355586494725,0.8696309625272964,21.749994182766194,35.355114195257926,0.42255446719880924,0.5317673152088469,0.2556019946129078,1015.2395200311062,2.1834581545335565
2022-08-13,1.8257790296793452,16.450867290839994,474.9341563881057,4.603716215691665,7.838234990979453,1.6168702642507347,21.831828826838514,35.267417330009295,0.4214656252065291,0.7815755185204919,0.4254415531946294,1014.9632861616395,1.8121943744139621
2022-08-14,2.013507569341317,16.303325684325603,442.9449313500386,5.475829062704393,8.859452110322044,1.6456014127787126,17.826683151159777,35.069166171210334,0.4187590998402091,1.1387245769869212,0.3797466868166196,1016.4004985801444,2.2965221862026852
2022-08-15,2.0050217998301783,16.351235401921045,399.00149649242445,3.0881913765610856,5.813869567023934,-0.09660706105073186,18.237797340651575,35.01478051161755,0.3121417637453136,1.323940342238482,0.36856567971298054,1016.5466620359229,2.0201555745435584
2022-08-16,2.2198101683835554,16.566218431458925,399.53795977946686,3.5728677381216922,5.377458217574157,-1.0122826046758502,14.751191221460207,35.00137017701364,0.2709604313935389,1.4136486981071275,0.3466419187639811,1016.6347869069238,2.4132163783603233
2022-08-17,2.0989008151262105,16.705297965099813,425.98304087088246,4.419342220939954,6.557146225529405,0.09253403057250538,16.668895343188012,34.978315481742,0.32060422241426834,1.5199479103840348,0.27744470659385406,1015.7492586395201,2.1963151031670187
2022-08-18,1.4304046513336313,16.38949050538214,439.49964813135495,3.8410694462217845,4.673700243885947,-1.2386985604648728,16.28125878176137,35.020909370655204,0.24832071626333502,1.71050432734092,0.311807410197544,1014.3098361288382,2.333511994951758
2022-08-19,0.9597534102969394,16.465563528495878,390.4130861876249,4.818865523120069,7.625973975728908,1.0895991053616585,17.170065694028086,35.043130269565395,0.46318690227727255,1.2640963952949569,0.2554892651747798,1010.2981030583497,2.475861787378383
2022-08-20,1.215468829279279,16.88394936902806,513.6148683467118,3.7987000623636145,4.72116982657318,-0.41303701385176,17.376469787846954,35.15693907586356,0.27285046952385317,1.346443743698645,0.3760093580677191,1010.1052540780945,2.390745443589954
2022-08-21,1.6966308807347215,16.533529291180443,405.66564090108534,3.0886465967092294,3.1773484050590985,-2.01024823885663,10.777772347900079,34.965740255403986,0.17072489200404,1.5753300862464976,0.5033859643774578,1009.2941956906601,2.192989306793204
2022-08-22,1.5179184737333542,16.555000838719238,415.0043186824033,2.2398168982097024,1.7502710194497633,-2.654474894402651,10.214758282757707,34.897332094926796,0.12888944500205057,1.7664808319077383,0.43520061915261643,1013.9482783590767,2.4520554261041534
2022-08-23,1.2416988052907105,16.239183783718488,373.1271148179293,3.236905193198096,2.915551176167915,-2.076645022434111,10.887815843991204,34.87146595134153,0.2097223687389754,1.7524338086644746,0.40886798289231324,1015.7780808462846,2.1776641978964455
2022-08-24,0.9205073175794136,16.702465253169212,415.2328973428161,2.489358941569949,1.649196722717016,-2.5941993323909487,11.845834228839305,35.0014452971418,0.10581240030946802,1.7515210879956586,0.4183850803707709,1015.3846563069591,2.404151550464945
2022-08-25,0.8266994728373063,16.658508688840815,377.97529857305165,2.7118251079466997,3.2954380316737537,-2.2632698464497256,10.892491656837805,35.06427212497953,0.1958571853579139,1.6559911090095452,0.583145955756736,1013.175990343823,2.7225302236009394
2022-08-26,0.7319096850341019,16.07291716765818,421.46882697865294,3.5513394219478873,4.799650544170575,-1.322142452378195,15.125145558701366,34.92261698564871,0.2076399686097512,1.6499363981590323,0.4651976330329892,1011.7288349670653,2.554209854706861
2022-08-27,0.7666296463770744,15.675070570227177,400.45302475366526,4.567203173905977,5.732444136875584,-0.12721133284654404,15.637834545107172,34.8089473558287,0.2525836092540258,1.834552412396341,0.4456122124710296,1013.891406206315,2.5736193004626897
2022-08-28,0.9785964979456218,15.651399606504032,426.4073729743558,3.948677838085436,4.675523520874675,-0.8901827193212991,13.429264054465751,34.83524769275677,0.24117948805095984,1.8993724868272421,0.437091727533856,1013.8662194764738,3.1362728571672203
2022-08-29,1.030725651935949,16.465785608730535,436.0719339012583,4.733617884534258,6.358090592686395,0.2961311203665257,18.648704118126158,34.980189955203706,0.3458233100034483,1.812990483965112,0.5800736133930461,1011.1317951340269,2.966312339352169
2022-08-30,1.2889566351836947,16.0626127774417,423.98738077829586,4.985984638153022,7.713875872904894,0.8107168028903651,19.700517943641056,35.02091538835778,0.3853597126052418,1.492506369250342,0.5575904617178898,1009.8335807482968,2.777178915073461
2022-08-31,1.4216981175661159,15.85009778077372,408.8456029956135,5.096889526595199,7.163569634029705,1.0703629040688634,21.539191765082847,35.063348595319425,0.35557546294645753,1.4115343512440979,0.47259450528357344,1011.4834050138336,2.3884685148919753
2022-09-01,1.6088609898603463,15.420262829365216,324.80976188480025,4.353384642167827,4.889463848603433,-0.36849744179405425,14.919768904783023,35.11388069950647,0.2532462391822659,1.542631459876366,0.48837155332506116,1011.2921091749002,3.027420921247659
2022-09-02,1.8401845284198144,15.849209577370779,339.85477842110726,4.203331433118666,6.066988312781445,0.19838159481663087,17.80466444418511,35.107420263717955,0.32276048002023583,1.4397452596081464,0.40753098861263226,1010.7414107839255,3.059490889959636
2022-09-03,1.652315640356305,15.419042643116663,335.9918830084524,4.871573212648195,6.999752583607845,1.236880699092526,19.24672300528218,35.12130372220688,0.34341393154630084,1.4702055328926205,0.4104877677037223,1012.4907604747895,2.712257261221352
2022-09-04,1.3621532307676862,15.718910907197765,373.72803845346226,5.13989040410881,6.56830672157033,1.1631025001032014,21.30166666993131,35.19145826486859,0.40161117655742307,1.2267398585733684,0.6586769370841039,1013.7362721838653,2.4345434826334644
2022-09-05,1.3372213688839807,15.385083451140531,369.8154217260329,5.056309735443967,6.071664342040277,0.5178581976813795,19.710697469014352,35.05358324086196,0.3085138073164685,1.6537095613123258,0.5238543938106369,1012.1597209986776,3.042728399397668
2022-09-06,1.3762529599742401,15.263095874644236,347.15145521405555,3.6815704976232264,4.693676655052993,-0.5063430412360772,17.838925069156186,35.23462294563908,0.28076015722697034,1.3920187625341653,0.5793948058532425,1010.3943610639192,2.361979709794719
2022-09-07,1.4194401625834492,15.14828906148273,326.5665581371414,3.956301909633041,4.289311243914624,-0.6282911646911389,17.442216087577915,35.1150834470313,0.2630784396174684,1.5080443974129973,0.42166151370706934,1010.1878637340311,2.5829330198381286
2022-09-08,1.5148227764164157,15.150337663124445,344.29422077124474,4.628188371696195,5.170698521572521,-0.16532061413406396,19.167592325652286,35.07445898179782,0.293036835297745,1.6623393690826607,0.45260510356818723,1010.4354557977548,2.4096974999649845
2022-09-09,1.698303657127336,15.174639036767996,326.39293853365757,4.874411320986002,6.252116014298747,0.8282080078733243,18.986328422065327,35.05477506435369,0.33650084213199377,1.5819421603632327,0.6462425738292248,1010.5294994790228,2.383803725399242
2022-09-10,1.8166128910745922,14.723454504277568,343.3582470418186,5.14149681528886,7.237522277294688,0.5976694340986677,19.10703385723275,35.00436955716535,0.3611365773863653,1.6173728795779323,0.3563415848121022,1013.8708636986,2.468379612172384
2022-09-11,2.210724691522112,15.04341208441863,368.5706264242429,3.9415676145406606,4.9242913323881305,-0.7638004651258966,17.08113222117884,34.94142348922008,0.2580035410908934,1.9140158969756693,0.5693920750562763,1015.1906610410945,2.6331106118764236
2022-09-12,1.865945743829616,15.22151040371654,397.6586651424737,4.653150342515287,5.241221413826511,-0.30525612896746185,20.657477453352133,34.87396054885683,0.34250284884546517,2.1202435578214187,0.5556455140094472,1014.1101279839655,2.8030518263550968
2022-09-13,1.6783378714918136,15.558971420524307,401.2457686432013,4.856714896848266,5.723847716885827,0.08728481360908981,19.336600178276313,34.94268983592385,0.2649732002614724,2.168629924029848,0.693726449529155,1013.6760128244133,2.7998433524058672
2022-09-14,1.548574293230903,14.99785326326637,335.8198352489407,3.85661172157031,4.782605674984445,-0.9607130463943208,18.934650190630926,34.91731870226503,0.2170376553352837,1.9327404652804128,0.5690396179248933,1013.3520973479233,3.1082880560769484
2022-09-15,1.3741923571301615,15.085591798480376,399.57458851101285,4.506842819676032,5.667288205248372,-0.6445387675678308,19.97441454778419,35.00003815631594,0.22880804984720965,1.736540519979126,0.6122439835050312,1014.1722942956959,2.6306434770214775
2022-09-16,1.311132546840501,14.98581686340997,283.3157714180072,4.17938466159361,4.090796255671757,-0.8623228806415401,16.85097700290463,34.99855157870789,0.23158851377690648,1.8224618824735137,0.6211621150361736,1017.1764133186514,2.494894218240999
2022-09-17,1.03464980733248,14.737513688194062,344.5065636694427,5.0000397786673325,6.780829448925057,0.5121230583485908,20.659216202402284,35.08834230136297,0.37749624127789805,1.7002561456523573,0.6192211113638048,1017.3381362763879,2.8233054467806302
2022-09-18,1.236386592752182,14.073771459540835,323.60335534832933,4.286982340758741,5.207254945812339,-0.822478378457876,19.111676544569622,35.12201718732595,0.24763727774174604,1.3574776951942469,0.4043796535268216,1015.4348444236502,2.447008031214362
2022-09-19,1.4624662734970482,13.562660495172661,312.07138217097116,4.93860812816362,6.001587788414583,0.29518108355304595,22.745211347903286,35.00955491592814,0.3039616500752065,1.582026101312984,0.40838767415404115,1015.3584933986989,2.9641471170274842
2022-09-20,1.4445400618066098,14.086820293935464,356.9891277031416,4.563589874919538,6.02672384692596,0.31358086102776794,22.8229445711364,35.27990788307244,0.3261554161800901,1.1461617104383757,0.5894464278784635,1015.8378494407442,2.625582137888713
2022-09-21,1.5894661546790834,14.52692177911914,350.4408310844216,4.702659557261832,7.15621486593609,0.5747781481098265,19.098055536761247,35.45419126354985,0.3543345865036282,0.9896969183569428,0.5022065724250349,1015.8148261660937,2.3649939932966193
2022-09-22,1.9361583853740154,14.197756230452585,290.835458358761,6.344413524802889,10.692674205915553,2.764943842900699,28.381541876474806,35.30529657951823,0.5638428768118424,1.1974456099676942,0.4537912006607964,1016.4524764551034,2.2592732628158934
2022-09-23,1.9092274919172652,13.526776647778412,262.376098932459,4.795598032939081,5.467503469690093,-0.4069861583182278,17.300160922839602,35.16538087730819,0.26902184676034113,1.2897434636643557,0.5292041919480938,1015.245837817689,2.1803743852678705
2022-09-24,2.1598338694371844,13.289586661108679,297.1972504376129,4.572418639532677,5.0677044731242695,-0.6708299902579777,18.935212515643375,35.04362083274132,0.3392031135610694,1.4361493357021489,0.5551131324797381,1017.8757543316707,2.5943405367721764
2022-09-25,1.8984590216116164,13.365759406052554,299.93759757475283,5.706164263242689,6.8162557043026375,0.6909192605845396,20.833003813495797,35.03188224371368,0.4088185754375126,1.573206775616213,0.6109754877756314,1016.2260582801345,2.7534591588901924
2022-09-26,1.625853681499865,13.401241497445827,287.8849096649532,5.583709449197122,7.731454198918432,1.4989816200993051,23.76081937692826,35.13115385675354,0.38434002322876665,1.4196324490951264,0.49209063216935844,1016.5783326239374,2.343978422799967
2022-09-27,1.7372448446790667,12.680892074335597,269.07409383835784,6.254690175317387,8.223395176798766,1.7873641663509328,25.70787597736853,34.91754421865449,0.4363799490075632,1.6727204289721807,0.5064593811370044,1014.2717021305382,2.251356214154874
2022-09-28,2.161759857102052,12.508209585786654,183.9426357252521,6.771621624253023,8.008942352219242,2.035902265740222,24.403324938240658,35.061220890006105,0.4011981596620333,1.377647656152989,0.296058962619856,1015.5894073634182,2.5329230380908596
2022-09-29,2.130116429216021,12.44104763675578,217.30112677914448,5.82385584385959,6.8997523845730395,1.0390273956337273,24.773398787170265,34.92369615592099,0.33094215748213796,1.4984494775892423,0.3237988365224934,1017.3324797936712,2.9087450354379967
2022-09-30,2.1460448888828507,12.425804071199234,253.90104251435244,5.80183787943784,7.258451053053497,1.0732441622555653,23.304848088501622,35.15108676785382,0.3720416709313796,1.524720072749964,0.44269106692876636,1018.5113412951849,2.594032760350204
2022-10-01,2.412880907011905,12.410611010122658,222.85539118427312,5.3688716113095225,6.207005286310815,0.47371482908274964,20.088309975022476,35.08929050370251,0.3499629601086086,1.477096332222004,0.4865546908735499,1017.4770380380535,2.522646303267718
2022-10-02,2.7264207481374982,12.359533109480102,233.30899658118736,6.05822775308913,7.270341183951957,1.3764459101183844,23.85804891838799,35.16394005459835,0.3530843800775322,1.4141253127606515,0.6504823791731,1019.8046109923798,2.3886190664841798
2022-10-03,3.0382568283793083,11.754073581776645,214.60012049991263,5.361693781375359,4.868587575918736,-0.24572020401900924,22.196196015395504,35.00391322138608,0.2651558902822152,1.6987263312053902,0.38464342388289663,1017.5669855143027,2.849765912904869
2022-10-04,2.4921825323957694,11.617846268049705,254.4654189125289,5.278759322086772,5.832523666376205,0.27207032242550233,20.860592340166548,34.97548295419202,0.28286293653754896,1.4932040600021024,0.34560549973449395,1017.3341383211556,2.5556712205673184
2022-10-05,2.638081645804289,12.407564788812651,213.15149000473914,5.254807113589977,4.837137778484841,0.14740537588468727,21.51451084257714,35.01398462314376,0.24675542096276598,1.6255059868067012,0.5145237947887111,1016.8391671741621,2.7973345911500918
2022-10-06,2.275987074625302,12.220947129104925,150.89272455859196,5.726460953715395,7.000141699454539,0.809577085525608,24.83878641152559,34.98312904609653,0.33822793595041695,1.913402273957435,0.35376969169497857,1014.8259003200832,2.6959861609463216
2022-10-07,2.3610497463036926,12.281858047457842,180.84915181407987,4.88522505164553,3.242067574385355,-0.8592395567910239,19.328455236185434,34.903703548898875,0.2598935281946892,1.7795333086157883,0.3655777657943344,1016.1363505331057,3.0377791338006217
2022-10-08,1.9079702652666686,11.963565325851022,178.45647287443828,4.940450552706078,4.94154303357055,-0.39368958603219123,20.949443486815337,35.01483170562282,0.26522731199219945,1.777394001082637,0.501429366939948,1017.167290550728,2.7311963942296935
2022-10-09,1.7368311415341284,12.048304922189102,239.47065233535398,6.82461992620051,9.10368518170559,2.5264667040560016,28.298717644463824,35.12545473124992,0.46952770364131796,1.515740590504252,0.6260941684293804,1013.6676231710516,2.833825849392797
2022-10-10,2.0305270722601967,11.759747008977875,240.20485852922172,6.439478780849315,9.005044409644908,2.1543217984357046,29.936956634494443,35.03441757721553,0.44894283524291356,1.6659142878754536,0.57431676898494,1011.8782112197325,2.297348877784829
2022-10-11,2.432237928306672,12.56397233192661,160.61040617601026,5.363605425505527,6.952227134420298,1.2009224293538097,24.955063743337078,35.300610178298584,0.3655993222267524,1.2654409368563382,0.4040884756628301,1012.0805454864688,2.944464627026455
2022-10-12,3.0657500907160484,12.607090707147881,238.03144181370445,5.213138745536555,5.910130244436312,0.6844290420411154,22.75845390551644,35.412436118469024,0.3028527797619327,1.3308265527066794,0.520427002166203,1013.4741942211557,2.7009402996857013
2022-10-13,2.2534277851268705,12.879374672559088,234.82935974972477,5.313134665642331,6.629185136111843,0.7408721094545869,22.667765203325885,35.281749443819166,0.3389561881459675,1.4611814676365524,0.5836090474595514,1013.2744089864042,2.82366245882435
2022-10-14,2.2532512655836365,13.031671070286373,278.553243458431,4.288663559737623,4.531097264580019,-0.6961235522981961,26.444852335115584,35.399974574100355,0.26912733037888015,1.2111667166943703,0.8247719790082891,1011.9835991572603,2.7915376353381167
2022-10-15,1.9761979261820242,13.261967977962204,232.09386926937916,4.767283488042764,6.059489703201708,-0.0482461405937219,22.143295449587292,35.43175581793708,0.2621243163084986,1.5385385119477564,0.7257183343016104,1012.6600689835406,2.910145055821785
2022-10-16,1.7591051821098755,13.381244621186875,253.485016412449,5.53896417727815,7.643383275698044,1.0683814954487243,28.083562447218608,35.33158537853987,0.44361532897763756,2.0261090649073323,0.6837464737547524,1012.2373682751014,3.461230587645266
2022-10-17,1.62936816578929,12.990460487792072,295.17209937451213,5.603548213767596,5.367465409244376,0.4359826063715526,21.690695665081574,35.272351719121815,0.33044967090441607,1.4012990353183756,0.6308178118315517,1013.4001214621688,2.74598428136936
2022-10-18,1.9844099155240245,13.275588515741678,249.49769924220246,5.1571366370659755,7.187416927745065,0.7376696906546039,25.660910222273767,35.183415465902,0.3750616806521464,1.7770807404348263,0.7041053187712307,1014.0277997083241,2.8708950960569353
2022-10-19,1.786207147094457,12.855173122591681,211.8334815417542,5.813564661918106,8.251232968179432,1.480886922455632,27.307451233348065,35.267482692070075,0.3741130758472558,1.4111354015160487,0.6099757932285019,1015.8847401190129,2.8323000340248057
2022-10-20,2.161149982323419,12.441849785359473,222.0192972508153,5.686117354589072,8.119984185615353,1.4879542844240727,25.530815635621202,35.433194632126934,0.4346657701686287,1.2399746025946001,0.6029197347395749,1017.7498033606313,2.500624408280922
2022-10-21,2.0454499283833596,12.630820615563831,145.42073381226731,4.632335130485383,6.020775501350676,0.4393304836898537,23.737641346889305,35.5034754981196,0.30301181523720666,0.94491427974573,0.6841103075103984,1017.6508246570946,2.460406866844525
2022-10-22,1.8383875692062914,11.734383187380084,197.38719146678943,6.134130708533345,7.5150157448167585,1.6615942384540923,29.674531426737996,35.37269510081283,0.41177546491930717,1.3398683187214253,0.5757585568644834,1016.2600031837314,2.405553610221939
2022-10-23,1.6074548685223355,11.455175097241929,134.84597357868515,5.974931547763598,6.840266920002955,1.1794658006542285,28.924902521225984,35.217615008350144,0.3356816529314963,1.2921480914624595,0.5746406939811839,1017.8720668833616,2.4641392127200805
2022-10-24,1.765931677567339,11.517989640421316,194.01239817831555,5.321119668816972,5.314979314677884,-0.022244639529512,21.56243616352221,35.0667637637156,0.25111333315320666,1.7703224470455665,0.4561650675579022,1016.7652659520217,2.6344449860405064
2022-10-25,1.964454442021265,11.510972833769166,133.1698064757279,5.268256644474912,4.876865749233075,0.13311423976227532,22.715764242890444,35.080448367217414,0.2876842039229872,1.824778984920306,0.5203980566419828,1019.3342991769492,2.4399808946506196
2022-10-26,2.024271763423055,11.527315404520381,171.54828056192548,6.04353997791779,6.1423442594460935,0.5762315772884068,26.589898863052507,35.04672053833719,0.2843710296839128,1.7670265248349906,0.5706934402144741,1021.3937212266881,2.682205922242504
2022-10-27,1.7303542811588755,11.694272953070262,196.91444631119307,5.457000435357795,6.442014689771949,0.6364162471814592,24.501580291457547,35.22436070405829,0.29637909362358084,1.497928837888205,0.7108069144491984,1022.6073435729577,2.063769966557809
2022-10-28,1.8587588592355433,11.085927674190113,108.81386056041953,6.778695983283396,7.98904877646188,1.9585660791008834,27.909737633928707,35.15573796389095,0.432441889430481,1.4584766735337436,0.5352016397070728,1020.2888576319281,2.52125421964424
2022-10-29,2.0017083085035416,10.957666167884996,83.02926122517836,7.0678415223872735,8.583842773271941,2.317499082646861,30.048567032562488,35.08898032888957,0.4324352762460882,1.6582632780561233,0.478743295675116,1020.5532024287467,2.7890780880855472
2022-10-30,2.147848987815608,11.229994127985588,121.73958669554031,5.867161223888467,5.541509068264571,0.12853579054037967,25.359647834147633,35.06052463736876,0.3095002706857623,1.981009091861501,0.4343318180029102,1018.5026724974251,3.1368926068633805
2022-10-31,2.636410056287068,11.894577777363175,172.3267906225123,6.068030326585319,6.338381810380326,0.9880833209439162,24.656325942574544,35.038219573975674,0.29624495132078893,1.9022458793777728,0.6826143150170574,1018.3687523212805,2.562078955589302
2022-11-01,2.2339356186585646,12.32443431957133,184.13566548666063,5.433056456887171,4.932930641382001,0.17528681850104322,24.696141167441546,35.060426542222615,0.23805920092544403,1.9563990777399278,0.7269517844875668,1016.271770068526,2.788552978037665
2022-11-02,1.6925090791615423,11.899788104787804,193.05868806353033,5.280543823350694,6.925323940470708,0.7866038493041343,27.61491122942756,35.12349369884233,0.357402591939428,1.8152703444752034,0.7603699281858954,1016.713621951191,2.762360158192495
2022-11-03,1.9866621482774323,11.688260444349606,189.04554255014602,5.387281506208774,5.696217025437379,0.2779852169060655,26.796038902549604,35.07030786764462,0.29093625014692204,1.6025387461175904,0.6135982642515488,1018.4387870441964,2.6940515460418024
2022-11-04,2.2772291514228673,11.052498864692964,129.57417990419873,4.690763479133718,3.867078986453347,-1.3663181654126508,24.69028594382755,35.00329236174822,0.13916717355566627,2.0644739420755536,0.7149946983738215,1018.0391433025183,3.1256130057596723
2022-11-05,2.0595909906277874,10.847472542871595,105.20796773952583,5.225403818746237,2.950688108268841,-1.0432051505868616,21.282240504723273,34.94852894440295,0.1691001053358022,1.876039954395109,0.5925430969904184,1017.0346845613202,3.0880959642147303
2022-11-06,1.6273976034674378,10.475816543020432,121.15865232960472,5.825140415798478,5.242237215643423,0.2655669321497419,28.127060034466705,34.89683362414036,0.3161235963333791,2.1244188985511063,0.5120253115416427,1014.1776317706799,3.024132198691797
2022-11-07,1.587573210899399,11.319028070544853,144.75702181866382,5.051161611645164,4.8858260854424485,-0.5563444893858209,21.932473817457513,35.001833577930455,0.1746086510498166,1.9640528527556598,0.8321647900237288,1016.9735067363699,2.7263162206226705
2022-11-08,1.9171007028009412,11.21782472164955,137.14015459178216,6.218040816230088,6.267519640272588,0.8347743096716467,24.49665221187451,34.99037545680206,0.3196471960201586,1.8586574871884383,0.5840100995589097,1016.0946363309613,2.607776021745522
2022-11-09,1.6461426930915224,11.444488491848402,145.9614493295864,5.652671726896268,4.706186096563965,-0.20816605906833668,22.48362005057435,35.10327608003204,0.22436365109488204,1.9438865549296909,0.7426158872756464,1015.4190918186523,2.859024041199984
2022-11-10,1.4816357152915078,11.460185992895203,148.7528681184218,5.184798462062659,5.3229898163788665,-0.20707698060519533,26.64453164987723,35.00591824687155,0.2909439578424531,2.0654513009656243,0.5850029565745182,1018.4659686299099,2.6890558216709395
2022-11-11,1.6585832194267693,11.183963658897335,100.15924749590113,5.910616660204226,4.96818411266632,-0.1541966803472109,25.71094510602182,35.03746499518092,0.2500069535375314,2.145589677610705,0.7851415469882811,1016.0051651244735,2.7765173164713133
2022-11-12,1.6991400583651781,11.500532775734104,169.09755741646478,5.636122633973952,5.535204347261429,-0.2513757915231569,21.62775216972078,34.94701875789789,0.19357765877970545,2.171820257588094,0.6279815325758256,1014.0434487423807,3.2226433918612956
2022-11-13,1.487838171751903,10.555440286792559,66.56615157024656,5.523235647230298,4.848405010398258,-0.3008351385007996,25.35129572763381,34.982819106217356,0.2871428292462738,1.9501328398149147,0.54065081742064,1012.9389116189707,2.5988818408353174
2022-11-14,1.404303237989239,10.471343761704729,89.97272473426554,5.347535890187892,3.8807853023311747,-0.1284526825101452,25.75258328431879,35.08077020158761,0.19543385775053496,1.48046452956426,0.7409441353545737,1009.0050527445712,2.2446501240178005
2022-11-15,1.408028049185298,10.260159590987302,42.28378554687259,5.589243030351072,5.2349783334025295,-0.09866971914205236,26.727428345568477,35.202376153260815,0.26841779017158124,1.4172247586476023,0.6299601942232064,1012.2815297611317,2.1275284663308804
2022-11-16,1.5258763908943884,10.92292401797503,120.18633316613739,5.232823959871234,5.808601738821027,0.039412981662487745,24.86788494994669,35.29225084576131,0.34021033601599737,1.3408495370260693,0.5852915135505556,1011.1414850277046,2.1811986024566945
2022-11-17,1.8006652923722266,11.826865887176226,188.51783035979633,5.540602161342357,5.825777217797461,0.024963900558602925,28.048410798691236,35.113164285171166,0.2726632578034708,2.010417858690197,0.7595949728012449,1012.9547092044074,2.4462678725551203
2022-11-18,1.9009632949699697,11.207259361844914,80.10037879685845,5.751445086233109,6.978201999653948,0.7984223391983942,29.35761332243767,35.13101927010071,0.3010055541660954,1.618487284548184,0.7685652991543603,1012.4190917454732,2.547673195516618
2022-11-19,1.9765424485608662,10.661803597317105,63.91628875505064,5.798245511214321,5.232744084359626,-0.0818350542033927,27.486419690985407,35.19773280742248,0.3019825975800794,1.632057804994474,0.6136168663757033,1014.106794707742,2.3229036853693934
2022-11-20,1.902214937921711,11.429959500721033,100.7070296143856,5.136774474359527,4.505284613573242,-0.2897136244429079,24.51698553854821,35.220811231106346,0.2052727226793919,1.645188188908849,0.6812353405793006,1011.5863943704169,2.727031859756291
2022-11-21,1.8055498484347612,10.756980688906824,96.47322996912226,5.7997833557339735,6.217331480571884,0.5490639637504076,31.243873907248577,35.167342218464626,0.36717972678630195,1.6382044135323404,0.5171086367954885,1012.1428657673472,2.777865357681111
2022-11-22,1.6399589470592078,10.827227995845208,128.5030550593787,6.145029237188232,5.735884640333188,0.7726402984730789,28.635673421456794,34.98985570530606,0.26971449652399415,2.1042591870832044,0.5148972710110963,1013.2882949528781,2.9304527350143976
2022-11-23,1.5777476795090102,11.321824643533965,113.95673063607722,6.748477499288342,6.82176006509624,1.6453292962315103,26.50818127790409,35.13579449965616,0.2943255674433699,1.8950676303071843,0.645426067720384,1009.9120428219669,2.6365873249404825
2022-11-24,1.7962233979815232,10.893378563442944,130.8860127619548,6.1988441152412905,6.0643301861637715,0.6255272260350501,27.982832144898495,35.18471648758594,0.3157929575623289,1.6749113296054947,0.7741970473383285,1009.4449851608954,2.52071937166427
2022-11-25,2.513303745570184,10.258773905997806,121.8271420044888,6.176182195001106,7.0035261820239105,0.6419200242378413,26.405543968357527,35.20926136938172,0.3046253376086406,1.5391818986660704,0.4460082164459721,1010.8385308308765,2.815012717701422
2022-11-26,2.19160504009688,10.334145779931559,26.724768628307913,6.608681172044141,6.509861402865311,1.7010234420314654,30.861146939042033,35.10465293856361,0.2838426507675145,1.2938248391227443,0.510314359437742,1009.4263864696152,2.372394182400828
2022-11-27,2.435584417040799,10.012887691587224,58.53509277802813,5.6192805805211865,5.142520064624623,-0.1884949361650226,25.43958693065541,35.26414316579176,0.2154218300987134,1.3359457781890236,0.8306165924797062,1008.4013879881983,2.4208401115292344
2022-11-28,2.7953067674705743,10.508464473537865,64.96352046420463,5.346811727829754,6.137646870146496,0.24230238984814656,28.76873705348685,35.34199794958757,0.33005684800387514,1.0723502368603735,0.6838949385335844,1009.6612822951105,2.549010032704974
2022-11-29,2.650039060352172,10.974069224754155,31.04857457325798,5.871530177654421,6.781359208219308,0.7895259941480657,27.961881829330714,35.42223378855804,0.32011366941779784,1.0203558057638404,0.6182806012779452,1011.3150195208497,2.576691305372528
2022-11-30,2.3420642866719086,10.195716012250008,61.4369746747081,6.61025199937513,7.213694555613953,1.6928742313639706,30.871909165830825,35.33224447044628,0.3756390972269827,1.3727778283726804,0.5910599371658695,1010.2035995381042,2.809961523490654
2022-12-01,1.9881248728272713,9.795625527070944,31.14757163407299,5.765455338778407,5.833030708169339,0.5583159054548907,29.62168152423351,35.215880068590955,0.3383155476751514,1.1011953066490803,0.6477800283986175,1008.5820470583459,2.5672199582153428
2022-12-02,2.5733980632614024,10.291371482171762,55.228557279231026,7.263152865899409,7.179686266437784,1.8990249199687914,31.427043174202847,35.176143496689065,0.3724961988937091,1.502772835595475,0.543158390977437,1008.6106023532953,2.8299237101700294
2022-12-03,2.911962427467813,10.192412833351584,123.71550964213951,6.5804634595735525,7.1252513362595735,1.6431669366005166,34.83810078199436,35.3531309693723,0.38422411042531535,1.3196129141947501,0.5413520895234777,1006.6973842015302,2.7593355346618553
2022-12-04,2.75836787272255,10.33261586268286,27.090200118589493,6.447421254840619,8.7762239699273,1.884027467345122,32.853330382092985,35.296389111737845,0.4551000118086786,1.287822744129647,0.5814301193116317,1011.5467633020786,2.9012727102328837
2022-12-05,3.2148150335371692,10.467955586487312,68.51802528750282,6.108995653455655,6.952477696609,1.3671613508218095,29.631711632812653,35.34468221294164,0.34084568297094187,1.482045643209864,0.6382178619461181,1011.003174897745,2.5554031917337934
2022-12-06,1.8285507625530486,11.3168582821185,43.68209040451109,6.350184564834676,7.968802539569826,1.5135501725558798,30.935728215996036,35.205036990388365,0.3522800185450239,1.2988654946452134,0.7228062641645745,1008.2223501733922,2.6126436012326204
2022-12-07,3.1219510004700983,10.227244279156611,61.62640499036847,6.256570281512777,7.3409496203932125,1.2169919757773446,32.99975333350915,35.24480038394965,0.30827414769932837,1.3650746251396322,0.48947333444975116,1012.9669733061521,2.9283822567403868
2022-12-08,2.677884001873018,10.854357018519142,8.0,5.593458317525901,5.365393426010561,0.3246021207502297,30.92504901623495,35.12705069224734,0.24402145885036572,1.6404282268849375,0.5766432335656051,1014.0763150975994,2.7473761569333024
2022-12-09,2.126789292085335,10.586420372496164,64.1680321786049,4.609575119254453,4.063005334858343,-1.2186048392615803,29.10501178087358,35.216861550856756,0.18983040232938236,1.4676391010186713,0.5483999222861764,1012.9092805648231,2.7605090401039893
2022-12-10,1.8163457287364346,10.551071492996144,69.30935394367134,5.497680826536968,5.6205072298415235,0.5276427500046335,31.584656703938354,35.207442638410924,0.23843806454155742,1.743464145540792,0.7879896066835141,1015.0218651931897,2.9890322742704485
2022-12-11,1.7543533764450252,10.709217752501662,129.35531853553502,6.108835468397572,6.7063651366643695,1.1368926708723464,32.18496731344079,35.2643884068438,0.2893315098468724,1.5565281336593408,0.6359800856215835,1012.7462557354557,2.5553970766699527
2022-12-12,1.6122284474983617,11.342793663205692,77.07590321230654,6.308390048201897,6.963657660182762,1.2083945350305088,31.955637180711257,35.015665959710255,0.3316537270411439,1.8319507802097919,0.7393155453343072,1010.381783666917,2.533565634775938
2022-12-13,2.44245747774827,11.43282587040846,96.49846126170516,6.992634540412416,7.678291331257698,1.5755831667856297,35.85060710351206,35.019430695091,0.3379759341700037,2.196489622538016,0.8477095284952653,1007.7907597800039,3.498984905837337
2022-12-14,2.7066591762775123,11.03777685178758,76.20703951522397,6.477383677407749,5.476323366986378,0.8500270955818963,30.734873758748964,35.009716665645286,0.19713775529329414,1.8159527943668081,0.7381005915868785,1011.9636052275796,2.7948017576079156
2022-12-15,2.096693769747969,10.73342883203416,75.04725576072835,6.395260531330094,6.56031348704955,0.9991654831409547,28.461015183856798,35.12162638060891,0.25239028894839444,1.7701782972228537,0.7333516317463821,1009.9184861996945,2.6333624936946927
2022-12-16,2.5048412364894075,11.134563588650462,75.20777581577289,6.019039416208555,5.19465431615704,-0.06897412632348598,27.5861898347525,34.965877367936145,0.30510719300101835,1.9807246477400393,0.6926299244175657,1007.5664725490766,2.6822052196391764
2022-12-17,2.4528747154062622,11.800128242004671,137.46648279981366,4.994224645595039,3.93805487077722,-0.8315110470389667,25.77489255322986,35.0425058443853,0.21901472757053678,1.9227487501546086,0.8134323181124382,1009.9423158871838,2.7572805683155983
2022-12-18,2.169714103088494,11.201290935112564,95.16382606162682,6.093951208330191,6.191396605594473,0.004414482340965087,32.8301318106146,34.99235471511692,0.26647311870992224,2.1440760953414384,0.6844066641896133,1007.6900553169266,2.7358329919048945
2022-12-19,2.156766461881717,10.681853749270445,89.64723617761697,6.574951392351461,6.240995056275187,1.077295336913797,32.31602909228265,34.86492008351456,0.3322565815428543,2.1551077529912477,0.7017199362085721,1009.0342054874964,2.718220657306762
2022-12-20,2.146446421137451,11.56367495304732,87.5686539297233,6.724693099619074,6.861838176311541,0.5957054575165719,30.916978039346787,35.01391181597129,0.33360740945449113,2.030495256930039,0.8498214702503923,1008.1624933068719,2.483532246717548
2022-12-21,2.2610135346976734,11.660513098340575,48.363073644823416,5.862917094913625,4.681559165623355,-0.018698831779724867,28.45463064369176,35.09925498067709,0.1942948948026965,1.9627593780874846,0.8177137739178351,1006.7980541474577,2.57672212985497
2022-12-22,1.999552844041097,11.232907837295762,122.13073922631514,6.495456995036706,7.099060495933246,1.3902101511927571,28.75167968744913,34.99761275198457,0.3632920354394909,1.95763405767223,0.767799276270901,1007.6840690913003,2.2054545799925194
2022-12-23,2.1306143774149686,11.059488122867853,134.32429800080106,6.219559563816205,7.798609343379031,1.175516782633931,35.48627685607346,34.928525536929584,0.42955566236921244,1.9935040246141051,0.6517438090379559,1008.8902910098228,2.670226424905758
2022-12-24,2.117392774571214,11.491432152312187,67.07899872372916,6.243221961947311,6.281097165070232,0.6915677823850557,31.48284841911855,34.87703194941921,0.2779403925749261,2.1795956161595718,0.592193903867424,1009.4893823497936,2.938973283292219
2022-12-25,2.441215262502151,11.72697377149364,86.09558984152166,5.986902979655243,6.326843095694673,0.6884844576639678,34.54202008106643,34.91584248406693,0.2665197267939336,2.0972734985843062,0.6007706604113378,1008.7014108942742,2.5961730013283417
2022-12-26,2.4471121259389568,11.809495782109444,110.2209028587649,6.28358722652455,6.225881316308741,0.7431006630423131,32.02158153283404,34.90497996756052,0.30988278708560213,1.9316710385307503,0.7546374111901853,1011.2365505942487,2.533803827453169
2022-12-27,2.2600674333974973,11.340805790478283,116.9207672923171,6.102619460206851,5.897485197345525,0.2559093697610837,35.94225092890261,34.810621443623155,0.32263176304966296,2.233184331891891,0.7014512365310123,1011.1584499734187,3.115038146013653
2022-12-28,1.992505178409436,10.964500251292705,85.61374339769156,6.4428901606488225,4.7661224601191465,0.41127640377221647,28.92243444812276,34.82285285495683,0.27113637779173955,2.03931521494867,0.6017278551089018,1010.4192301400809,3.1293919632607166
2022-12-29,1.972014527567146,11.383659807061514,82.26997032507882,5.320990276716487,5.789171826786967,-0.44295183683279427,29.695126305415844,35.0149205673503,0.2931680602219358,1.854106599077434,0.6626802350970324,1010.4743555655564,2.7470575801761528
2022-12-30,2.3417051815314815,12.002444690143507,74.1662897499704,6.1606173164141635,6.97020161770328,1.2237322721550137,33.77997551298284,34.96921930822141,0.3791983726754733,1.8272142894322918,0.8194443943663028,1011.0913571491882,2.562707249868025
2022-12-31,2.5442208307863434,11.600816951634119,84.81907870794164,6.329511851321112,6.959521519674263,1.1866404596495523,34.215491784058585,34.99391426290133,0.24779120378792308,1.8886519008144287,0.7366571589741367,1010.7121256377843,2.8692863949105614
2023-01-01,3.067539016924278,11.22733803722729,108.60028296312166,6.250487467715719,7.074778109693868,0.7945083416184492,36.9548369812437,35.08983492112792,0.40522900329789857,1.8306035894954094,0.7515704925983018,1009.2911639384989,2.7795654797290714
2023-01-02,2.4340453170031333,11.3035171171231,85.82412853336211,6.448771924418957,6.906221759571228,1.2682340861314083,32.120957583562394,35.07548299249592,0.35198615036509684,1.4600665387385812,0.5462626949939628,1009.1018510306359,2.7142314058834756
2023-01-03,2.071513887261137,10.802229713918791,70.61787394578678,6.694161331733268,6.992821484958251,1.6325894249479647,35.11533289920144,35.00708914962189,0.35582161753078584,1.7019089645645105,0.5866178627895037,1008.5922940783945,2.6979033044643255
2023-01-04,2.328790618861174,10.959780919925528,91.0268990505888,6.606357837718638,6.791640726236087,1.1067194492111065,35.270880078773935,34.861864923232424,0.3781148524146666,1.9624074494615777,0.5191860254955609,1006.053771942058,2.3625433481716427
2023-01-05,2.42407534529237,11.69452297827941,57.89474398686173,5.0606243226871,5.6483977441875854,-0.15707593771443204,30.539757481909255,35.11472267244751,0.24705726149404653,2.0363726229360504,0.5604998829264703,1008.5908797545488,3.0164208483525323
2023-01-06,2.8068212561715913,11.493605356783029,62.15752803041171,5.158021518372608,4.311144505165904,-0.22999930105739075,27.380304324341168,35.18795177369998,0.14746512415174579,1.4952094255838393,0.5457219228747512,1008.1332588957558,2.444929631604877
2023-01-07,2.4144784295760617,10.796329182950652,82.17220380716407,5.412195577790214,6.29049059804966,0.6670213069207629,31.304582970380668,35.24761238470499,0.24493235506386446,1.394907376626592,0.5676673973872062,1008.3072961638447,2.566173212646125
2023-01-08,1.9620935112234736,11.436656438317618,97.30242929430108,4.398338650460116,4.2571547048671805,-1.0647682805107206,27.991280702240797,35.29541466926418,0.21440877486716856,1.2039842512036363,0.4911633656437623,1009.9689128318464,3.044336063907929
2023-01-09,2.071579028301666,11.333514597859295,34.32101551130883,4.547653150455962,4.828415309922583,-0.44389994803246724,28.17475098440228,35.378076415254874,0.2747645651335182,1.0128745856573032,0.7258623010425022,1010.6442240125099,2.5764801910215835
2023-01-10,1.8218100399589756,11.717815109232399,62.990862248866094,5.541760989018143,6.166842424459753,0.6245820227249718,30.377898262619322,35.33482454172715,0.2765607597985931,1.0262660411182154,0.6876005629614289,1007.5410096317634,2.701189802850492
2023-01-11,1.8985457787949767,11.935682306660143,141.83093493597008,6.3816318298001935,8.164681787835283,1.6432167150860748,36.20712985279496,35.2977412948346,0.3713075532542323,1.2423518012784847,0.5490479276044633,1007.8737215141989,2.8827426662749804
2023-01-12,2.2043828498529665,11.873987937524147,120.82770232088484,6.193743735933423,7.911551915264511,1.1952442398216077,31.66067480674129,35.08481562108327,0.33425837414635556,1.5588699624298685,0.7031230660072195,1008.334494839885,2.716912677971468
2023-01-13,2.535191450649518,11.403262790209768,35.21217775565689,6.06978641448542,7.338867853536806,1.191028158644575,33.60539881011654,34.99979427899277,0.36033742176392425,1.5528931952562288,0.48542347459552804,1005.2401686060788,2.9765726654124496
2023-01-14,2.1569556295545422,11.880470265160179,111.60807055653596,6.317353403800783,6.9760101471034295,1.2449083275505959,32.69491207567892,35.141883894445805,0.39803696263065774,1.4731118216320311,0.6463741269181063,1007.3002133066288,3.0919393849108694
2023-01-15,2.2504469006260077,12.562245158925103,127.69645992211726,5.318002570248841,7.410600854744644,0.609700215730909,33.737709910907185,35.20808267777833,0.26239682549349785,1.429040839939249,0.8032998904220101,1007.8556696447166,2.812264599578668
2023-01-16,2.647125915368435,12.652963530326058,113.43547002673591,4.868638950035924,6.022965911925361,-0.23569326991128045,33.33011011226046,35.24416429826104,0.2863729598005522,1.3373620402217594,0.7474108798131588,1007.6284798455152,2.5964312443295356
2023-01-17,2.3169449837876637,13.02096610978925,164.7972902612695,5.11651343188602,6.420224963564179,0.6436500789514414,29.49610108810776,35.30824084231807,0.33547860811716257,1.1346817805195368,0.7322789383711131,1008.8095947241555,2.5989424066655595
2023-01-18,1.982957519337703,12.655339763018825,159.70263327482394,5.504817874430274,6.773218397215322,0.741834716960817,35.69130961359477,35.14477959609966,0.30056408964257464,1.4587910670675432,0.8095905320348262,1009.6657902111776,2.3418450380948683
2023-01-19,1.9243122978724745,12.803653873835655,105.8293167897109,5.453074021534856,6.9062563037899585,0.6113696557088093,33.21638367550278,35.21827596554896,0.360241773942578,1.6892799635335685,0.7719157837076649,1013.2753353220367,2.352232259525449
2023-01-20,2.1278198311203407,12.51642529917089,107.8548016202861,3.860680539713683,3.2448460224158744,-1.3925176023788308,28.38329945600487,35.29980094997231,0.2027535876436214,1.4006263243239756,0.6309801507407526,1014.3123561626272,1.9746749506505652
2023-01-21,2.236296145004163,12.369176925523728,133.0662053096507,5.095221043108943,4.7709248461554665,0.9230795028076901,31.319669189501877,35.34440004480856,0.28647702926466834,1.0271733428184255,0.6121200651490618,1012.8531564468642,1.8843969032402594
2023-01-22,1.974322151085913,11.508172455514494,79.543045164521,5.437709954223899,4.941019708537926,0.1449282228774355,29.5248991511024,35.1186851009349,0.21475883859939676,1.6203795315992515,0.6319201001499225,1012.1308168739638,2.3131428233023126
2023-01-23,1.6356879508959918,12.782352869478396,119.05859975296315,5.059794336504247,5.490495459566311,0.09825577757289211,31.477554432960652,35.08928620822694,0.21667015596040706,1.5338187295920567,0.6467963326733523,1011.3696025973794,2.2146952034946605
2023-01-24,1.6217342500842453,12.440213318488942,130.82325875280446,4.93287257920041,5.33994976243986,0.0034587035099067024,32.988744042680445,35.190338987817626,0.24987411313327296,1.3632601839748308,0.7221824243802681,1011.4066001355236,2.6444627250456385
2023-01-25,1.8038859826465854,12.057991974614414,105.22872581811986,5.36478166639749,5.887542970929121,-0.19880508203643044,32.526819860272006,35.04798927266134,0.28182887268809254,1.3293816900628304,0.4568830425160348,1011.8323442827214,2.1530181639474137
2023-01-26,2.062670124007214,11.427795575688817,77.31108585080891,5.810453739722173,5.558468619311546,0.6799759620446415,31.5099423697938,35.06628096139499,0.3419576489001938,1.1795490130585529,0.5449965997583849,1009.5478925722153,2.456966335708982
2023-01-27,1.7213958409590242,11.92815050458907,96.6068659370329,5.125879522164006,5.433206025718077,-0.46349306246788324,31.77216723353031,35.095149332380025,0.19297015333011858,1.3108714857158548,0.40646888671458736,1010.0635711993332,2.5424779795278023
2023-01-28,2.091079988727723,11.841173614011236,80.84831692524858,5.755870142677191,6.75452921767013,0.7014886305277921,36.4234671384893,35.146728857995896,0.3644542850825852,1.1462614211018038,0.47639043409270815,1010.3001982598793,2.3498647148594833
2023-01-29,1.9101694003149037,12.22451612251966,96.8082189647679,6.686476429832512,7.600836441610993,1.713022009997139,31.929285136457,34.95313259028969,0.36619748160917137,1.543371991822662,0.486690521488417,1010.8885570127502,2.8041214061809185
2023-01-30,2.1178125323910875,12.576719905007163,169.16603687505574,6.05656809240623,6.733610201389126,1.119370423794809,36.55570226899412,35.044997302472964,0.3804795494699539,1.4584687593727288,0.5404423150210692,1011.1573350459005,2.132430335637556
2023-01-31,2.210559136076449,12.081566843294501,33.983920759378904,6.425503047644225,7.848496792916275,1.565053157351999,34.722373451430485,35.0678188846539,0.3677826765673927,1.580075066217627,0.4923702896901565,1013.9498787765838,2.3879472145613456
2023-02-01,2.5300615948507814,12.434817596804269,92.5051773152299,4.8546903903877014,4.7152851150357655,-0.6058839741384777,30.946325052378,35.06271454494814,0.28065128527497735,1.3444110703522008,0.7122394583504558,1015.5877267805225,2.3580461835428386
2023-02-02,2.3713994425625744,12.642491427841726,137.3156220764343,4.636425277753587,5.961631926097466,-0.6243167835578388,30.524393176965972,35.04664482241914,0.2383188736069748,1.284551610080002,0.4622009979012458,1012.3148689843221,2.4794645985107016
2023-02-03,2.187690432765367,11.952372595296614,83.48871107757647,4.976265519264693,4.3636013958633395,-0.11606710492190359,28.702595197812116,35.16642675172697,0.22779120022718644,1.334609307284825,0.32002435088083175,1012.2392874994466,2.4554529242797636
2023-02-04,2.1706218613068704,11.838292641120548,109.68882705439158,5.727762265276705,4.991929668294749,0.0011483038451652605,30.39372551055483,34.88396803827727,0.23605491944874907,1.483855503307744,0.3248877716075712,1014.2577805668939,2.647370021490949
2023-02-05,1.7371242223151986,12.215095354299335,71.02321795461309,6.169363662239064,4.998320411786385,0.44191444040245453,26.03022524638336,34.81863601317909,0.3625576765390449,1.7373247121951376,0.37600030335250606,1012.8912725102837,3.071185979227644
2023-02-06,1.6251707214575757,12.208679448753863,70.95095647127746,5.864535924716348,5.867827366954016,0.4935541996373937,31.215634252493487,34.8407741702411,0.352000643341292,1.539069666013117,0.3788253575673586,1011.7054456392559,3.088478494624404
2023-02-07,1.8350813276522768,12.604929359663362,111.33102049795495,5.393568798478478,5.378775107402537,-0.2104185819320047,28.06317004317007,34.89009797077305,0.30232360959483334,1.807119549913904,0.4301654511584079,1009.7063210495871,2.915054864008907
2023-02-08,2.016260401944452,12.56560676593401,111.9424103090668,4.699997429854238,4.339063377897222,-1.238350068466109,30.396851392317572,35.05106177837005,0.20764544200050086,1.3654518553660029,0.5294724810824265,1008.6292631993522,2.7092125407489798
2023-02-09,1.5445111213640605,12.504853512631996,104.88998988913204,5.756043646155913,6.404072457629857,0.7756337419430305,30.4897553736072,35.06423462115662,0.31280407466590565,1.0898536908129566,0.5357510012809066,1009.4301191667051,1.9092911293220465
2023-02-10,1.4312995351660667,13.188707321537295,117.12587546864218,5.922641172035955,7.5838657343406455,1.3331189653176696,31.994363619408883,35.12353636453805,0.35529888848374336,1.1999148231410062,0.5068443272949048,1010.0804796919161,2.134452917247143
2023-02-11,1.887597114211827,12.614850776238416,120.96943766906215,5.011833877935329,6.640794544837864,0.3338708455810182,31.398307150731263,34.92380175041561,0.3676716120668345,1.6710756632893295,0.45396076896451754,1010.6591349519446,2.0575800899064456
2023-02-12,2.077390156631,13.049689869895547,157.497936041887,4.697506332011717,7.028379184791805,-0.41865241753794447,32.29570332911425,34.98692948560774,0.3543336706005376,1.3080480400093422,0.4871330620944029,1011.5788234573063,1.9529151262980387
2023-02-13,2.1889148401368743,12.882655394561139,138.32637803436054,5.286427177346231,5.901379270986666,0.4233599974500212,33.301253880925294,34.925402128576806,0.33423978773544266,1.2712321335341286,0.46038010701585125,1009.9911690509231,2.240453108347279
2023-02-14,1.907496875114985,12.289021654469536,98.33367187726071,5.215937898004718,4.862734146559763,0.3051599048496557,31.881574953930475,34.97008719898582,0.2094854190143728,1.2379659670978236,0.36510397092520097,1009.8699423370571,2.266223938153395
2023-02-15,1.635541618610741,11.881791910200143,69.70459256980965,6.003719913223956,7.356492544249103,1.1847696894713962,32.803267301946974,34.81333631769186,0.3813212289509061,1.5338232309866657,0.23331894238588596,1006.8526511142086,2.4651656814607583
2023-02-16,1.4797226419144498,13.032030150087968,181.1696584273885,5.688853152578806,6.555990611664643,0.6617480088469494,31.151224773080635,34.94455456953919,0.30897433984603956,1.4522839708051616,0.42692906686925464,1010.390606804382,2.6185880819184404
2023-02-17,1.7253487838145027,13.115929231911936,125.33740654824672,4.812097761220649,4.719526296219115,-0.42709985701422587,28.386560877558928,34.911038734291154,0.25804724245937416,1.4541109900516394,0.39429064963621246,1009.76761421297,2.852026950005713
2023-02-18,1.8261770499486103,13.780769964548808,157.58690005119135,4.164907971319201,4.553767441010573,-1.1896851471895578,26.733274662453884,35.01188134683457,0.2393103230222027,1.3565668403290336,0.4733093993950457,1006.4209367905422,2.5186020753659766
2023-02-19,1.4644983171625177,13.716337605768178,211.73195146085385,4.172754447879301,4.79274200372959,-0.9255643880929423,26.169976560498142,34.96589454060584,0.19228525757216344,1.5471122861966435,0.5002582812058937,1010.7253450297668,2.881903688732847
2023-02-20,1.4428367176874706,14.479974470913795,167.93071937713,4.574146681467532,4.889229283092855,-0.33407033111293827,28.755832388863176,34.92599734156835,0.2701874661107691,1.5811382621837524,0.6044668824060008,1010.8223201918397,2.5676381289431607
2023-02-21,1.6436831499515774,13.980843898801105,193.60451093652068,5.547275326088869,7.067243846917221,0.22609219906085526,29.885509436856815,34.86340385692085,0.42077336581814434,1.5975359639687827,0.488280459219295,1007.9936650065628,2.2899977099400224
2023-02-22,1.5167684057692576,14.186229713873312,192.7169362650685,4.67746888464965,6.175785652965738,-0.5018182709035275,32.48209515141447,34.905485924041486,0.24121318971185338,1.4969371429871468,0.44122904615995306,1008.1492377886527,2.241417797037248
2023-02-23,1.46613003966941,14.68313183540956,202.0340081098303,5.217090513713,7.258710548039037,0.921951191354857,34.56777550418157,35.05938670590558,0.40998503990156326,1.3291749327895093,0.46705297125183837,1011.3732860299295,2.2743635962817383
2023-02-24,1.701746724196103,14.767044820586712,223.7031842905947,5.329732261208391,7.286694328280046,1.5175774416822312,33.03033095426681,35.11053761330024,0.42822728052191134,1.247942958458368,0.603792835718264,1012.1770466188328,2.340725737434218
2023-02-25,1.9709834284198495,14.468638711678027,269.5259576579044,4.67335211856954,6.519074209211084,0.39227212416701507,33.08877298976698,35.01217717875057,0.32344576893161153,1.4098589496156517,0.38598768037787184,1009.8937304492081,2.450859572246739
2023-02-26,2.225202868737184,14.957211664779784,256.50957049444617,5.031806881960681,6.736674393537042,0.15142787791958687,31.26665924625517,35.01214710637446,0.3484188309640464,1.324844781217535,0.7040077243664612,1009.9660458242887,2.31834075757211
2023-02-27,2.0681873495255636,15.357755187587166,240.95699417724836,4.442539210788445,6.067982019850387,-0.12563541674680156,29.593929413941336,35.03552765080386,0.31964998369563696,1.2654544617962131,0.40348724045095397,1008.6820669045684,2.171596633120626
2023-02-28,1.8699039932513124,15.206159365031176,261.31754384310216,4.888163197281029,5.410904686332204,-0.18526338644397727,32.08945143400389,34.96920360226887,0.3002684178437382,1.436118923001227,0.557253364599539,1006.266724147187,2.486108147493111
2023-03-01,1.7143934452565215,14.77323405714997,230.62620955592442,4.749128848964505,5.91356799509545,0.06406592649680043,29.25215789406316,35.022754260248306,0.31338249620990904,1.3340881821952482,0.5809699417555071,1007.8082100010105,2.7030273967124647
2023-03-02,1.4808042742726315,14.64093088069759,228.70021888708635,5.090749421793591,5.568525751865443,0.29892094930123936,30.178653371872397,34.94391326445265,0.2548331404527564,1.555469729504384,0.633859525992284,1009.5555918698576,3.2201412309536788
2023-03-03,1.2667936852828323,14.436704267753395,204.60979967760258,5.335234383069464,6.321565902374514,0.26357192492959336,29.966780240864452,34.893820880239616,0.3421900298027471,1.5202222774876752,0.44968215429217057,1007.5627834082404,2.6192116447044267
2023-03-04,1.647730725177892,14.631278352310913,229.71610686629907,4.338014241037846,5.288100376533544,-0.41611800777389274,26.901036226617972,35.00854491046286,0.2744976027880676,1.2836289325881536,0.49514993495027315,1008.6564867563501,2.7836247872720836
2023-03-05,1.9318626772362684,15.146243073259559,331.60495020062086,4.501346810137494,6.413558490928075,-0.09522861086446067,31.400312395583118,35.0021991241698,0.26172170941382983,1.4007860329810613,0.5036020338521778,1011.4188827716044,2.8217644851848376
2023-03-06,2.090527597999779,15.476428415164325,257.36328057718333,4.137954300072263,6.1440130614177235,0.37601858789876125,30.33500614205921,35.02996983004955,0.35762710218614135,1.2444890977451062,0.4591436359881267,1012.1558674408384,2.4768360236687457
2023-03-07,1.597417246700137,15.454614579157832,226.217141593135,4.976410422581441,6.771048834048486,0.5802666286562511,28.102463815751715,34.986686686927655,0.333022530945491,1.2134166251949596,0.4917507556666768,1011.076812977662,2.1841392044172165
2023-03-08,1.2900945613897759,14.855929945729715,241.26229548185094,4.869576738305936,6.10330320526731,0.15075966141775105,30.86856096916806,35.02562133243695,0.2925088132844537,1.2726163853394583,0.5328900913968126,1009.3912042133028,2.47414303413206
2023-03-09,1.5013473210294037,15.430549512515721,234.8990501075027,5.789813491480374,8.204849043941643,1.7637680152452806,35.21546850926843,35.06698695863043,0.4346432474260754,1.0719222894332288,0.45218923638887387,1009.9310898916435,1.9021896073436584
2023-03-10,1.6393381852551312,15.187680500347343,287.64539083505053,5.755679345438928,8.22127060384649,1.1696998502559217,34.40487539874767,35.01775646875774,0.41403627138859933,1.1795886002593752,0.3958750157979281,1013.3018103708316,2.5438528112377474
2023-03-11,1.9382317178535056,15.645783750490216,248.42105051025956,4.233623859710866,6.348470179102856,0.08450169003433972,28.619361352314986,35.00727716883653,0.32221129070386123,1.0642798459871974,0.4564442376042878,1013.0126674655626,2.1603477539748317
2023-03-12,2.415858663186423,16.050206060557674,229.19697659734004,3.6332898647793486,4.969174055895311,-0.7944280896520727,26.973941688722324,35.13783737518618,0.26647890937076363,1.2584401917543222,0.48482470209273765,1012.6963295205725,2.3165297862429113
2023-03-13,1.9529030869405686,16.034080519724764,279.6279263026019,2.9452648292926,4.469463849366201,-1.443713462368669,26.10369766785114,35.226809713961835,0.2487840868559455,0.9248685009617961,0.6218595478527283,1014.0779777204275,1.9911573009377836
2023-03-14,1.3918439447295514,16.339532660988684,328.58207383578406,3.4164660492242795,4.908002728204096,-0.7030719438004706,25.317288577484923,35.14653931484092,0.2578009088381569,1.0715172680312715,0.5026845396694962,1016.4919093150681,2.507794306868253
2023-03-15,1.3726557478229955,16.013993122671014,334.559321889841,5.0397645883694935,6.966314174419422,0.7079071864560118,30.95654923270259,35.13630923670474,0.36749312504626863,1.1718030666408457,0.5063835057835052,1015.5070015176686,2.392177520558545
2023-03-16,1.4112027031444914,15.168733838421824,245.45815628740772,5.20087583548896,8.073184128180012,1.2217801795895493,28.98533505295924,35.03436656775203,0.3458205685104765,0.8715052689017416,0.29409687276904917,1014.8157745473358,1.9294158699449508
2023-03-17,1.7039790591919133,15.300698513795904,290.23214822916884,4.677374541448321,5.386360683208467,-0.45714063173170605,25.23708450740369,34.88435572630752,0.26892023753921207,1.3923032880965087,0.16079505884047912,1013.8040408734123,2.358573883823152
2023-03-18,1.8889056994114144,15.908222043478014,274.6685326374096,4.287620338711621,5.537588050295033,-0.17047939605269918,25.942102362643848,34.98355789161116,0.2809447774998035,1.3206934076767034,0.2725540667246441,1013.6838551182213,2.1267931318555457
2023-03-19,1.9683055539214551,16.409057724013383,348.1850511930759,3.203596436359072,3.609849952981459,-1.2788381669543076,22.47757030790683,34.86615958190399,0.24039927380473913,1.577061669737575,0.6513929762067152,1011.9126631186333,2.9475726257660533
2023-03-20,2.026580530468835,16.18628369059556,261.4329882844786,4.064351079726856,4.700487185094754,-0.4027480807722514,26.478773918907265,34.95211347807574,0.2812297972815039,1.0886950177178965,0.3475241303206275,1013.6219252119702,1.790294111066617
2023-03-21,0.49181718146855397,16.021429044996573,305.57717033955714,3.214666585742177,4.312662217945559,-1.0486919577526457,25.13501564226283,35.04809728140122,0.31718610311132944,1.1491384199967274,0.4437957493894309,1015.7758628781232,2.4780331451614295
2023-03-22,1.2202799304351344,16.170329051095024,296.94412235387193,4.254741798366825,6.338850183104717,-0.09475903641839302,29.836724278406866,34.93046024833968,0.3063404824917076,1.4185259252126832,0.2664144142082621,1009.8359887398432,2.230779605243016
2023-03-23,1.4144915986177273,16.077718746263734,355.4736445739244,4.027568502363214,5.05768569855552,-0.35681059374937596,28.768806059107305,34.8300329819146,0.19633540443671982,1.6330542640237755,0.4127034992177149,1012.6712308154919,2.2947634080491888
2023-03-24,1.220013157822501,15.805528076042092,333.13784777611625,3.866772212790817,5.244838261863654,-0.9640537675282443,25.368674930535864,34.80672164678299,0.2323807819238724,1.3143448343591166,0.2735390124379273,1014.010836771665,2.380207928445089
2023-03-25,1.289682266427889,16.14559717610481,331.60838893471794,5.0893722552816465,7.812024624682141,0.9504132995991182,29.632219083118397,34.88584923170067,0.39469883416767326,1.377150892418978,0.3945980121365399,1014.0344831901336,2.544371292786937
2023-03-26,1.5328525464923395,16.354537269320463,305.72640984570086,4.022844316638757,7.358662454684439,0.38610968195571077,27.898878720019955,35.09068619348639,0.37472611554600255,0.7066301350980025,0.22946465593153886,1011.2064686611667,2.479245662073049
2023-03-27,1.5666034101989181,16.225361385389817,315.4619043465059,3.9773587339568546,6.791255505662107,0.30328273911379144,28.293033362963644,34.95136797920715,0.330618060741012,0.9310402675560207,0.41665533930211696,1011.029076135407,2.055637453307905
2023-03-28,1.694077007708787,16.81301899113175,303.69056710963883,4.592889345916362,5.421134575575758,-0.2463148228132373,26.331799247153004,34.86108502208725,0.2695377715353989,1.5601817431217138,0.5315905670600627,1012.1340920880232,2.6656466241752876
2023-03-29,1.4196832418389975,16.570642442290556,336.92656054245634,3.667319274979403,4.965931406173389,-1.3356057641073193,22.45156581905659,34.89074686107697,0.2617948877416881,1.1428434871687443,0.341463237189494,1012.6200467008321,2.266826800291061
2023-03-30,1.4738145265831073,16.82028380382079,333.05191808133833,4.387967785056559,4.712124387811799,-0.4506208164783711,23.122023937448134,34.885500310224785,0.27461825118964706,1.4739557041908764,0.30143803511896305,1009.0350029124473,2.4566022738827544
2023-03-31,1.3264889749725544,16.92518855816785,336.92048290479977,4.682990699954756,6.83947210440793,0.6031393563379626,28.653057487365494,34.79692819784877,0.3146872339166514,1.4872194533136178,0.26961475656724415,1007.2402179395966,2.526514441991807
2023-04-01,1.1759422574792395,16.866365579037126,368.3633386636931,4.151415420841518,6.599385807701811,-0.25814997061798395,25.832665982058455,34.86924150938493,0.35233133690139656,1.4117090134346773,0.3298882649728346,1010.7169058325153,2.878058404583211
2023-04-02,1.4771046676448905,16.05360612517072,310.3823332614571,5.329471112918508,6.767480047186794,0.5118730529695217,27.25397329373451,34.689588216169085,0.4171429433045532,1.6099975179272954,0.2560338817736098,1010.7494940002152,2.477669584133621
2023-04-03,1.657485534812956,16.624471470256843,349.45524084041534,4.802344999602617,7.693810322842993,1.0286095541976783,30.22956127278971,34.72665652067057,0.4544403291645916,1.3530112317277403,0.22065267961064605,1010.4852718821121,2.13729938585183
2023-04-04,1.7315996426099582,17.036217998865006,357.4399591387141,4.014248056094505,5.123699643189149,-0.034414362775212065,25.77623086001226,34.9364290152179,0.25713548308882833,1.2626969468772107,0.36632456517519746,1011.0919620054832,2.290203299086315
2023-04-05,1.858425606947759,17.396440276114415,390.4757325980385,4.453820604782019,6.462235001380556,0.47911390719521424,26.72651364160148,34.99559051172517,0.2998452448326363,1.2323686204130841,0.34336195906788236,1013.5099368280969,2.3898017819976904
2023-04-06,1.8421520612707827,17.996901446185177,372.246745379286,3.0812615124998715,6.064223414640747,-0.5970300602402929,25.381357928132797,35.13279263880432,0.3355890166528817,1.0035227794316404,0.45687427857861845,1014.7453221589327,2.1040719606241542
2023-04-07,1.522831173953586,17.547899754165485,363.99980005677185,3.815664573159333,6.025847762379693,-0.6763909859191459,26.082792605925732,35.1708177688934,0.26323753578609815,0.6678117484571803,0.5053964056087287,1015.2555834032414,1.7387573350861434
2023-04-08,1.3286497655823102,17.79036977933174,385.87326132411533,3.7530920938780308,7.005706453329229,0.08801745751078172,28.774142167282097,35.12094347930112,0.3729936407165801,0.7535292330802477,0.30195819882988445,1015.6186143064887,1.7564952402332938
2023-04-09,1.188934449954505,18.164257959542997,376.763692493619,2.8479769479734336,6.472719019541728,-0.25022060030248877,28.661780607850947,35.16572414802793,0.4043294656179742,0.9106596818197701,0.2546481605126084,1015.2166611680515,2.0143029290650887
2023-04-10,1.2574014227037351,17.627992065481386,360.8816615438995,3.625987105307741,5.023155543820114,-0.4277685664474058,25.096797563183486,35.278992253085185,0.3015109975940019,0.6490865461451208,0.13541877975218616,1017.0160399570018,2.1213485517660833
2023-04-11,1.5030071286640012,17.918872280366152,405.02918444428747,2.4537157382853785,5.2899068593564795,-1.2680803622379642,22.705469684317006,35.15167555741688,0.258598556812691,0.7053902154346986,0.38200914342718173,1016.9341261424324,2.068063277830251
2023-04-12,1.7172869661955967,17.806873345841815,334.5549847175391,3.4188333887129336,5.968037073582981,-0.7260029042749206,27.688962482141562,35.18953642872106,0.320144610822973,0.7307187401638813,0.36788731162307753,1015.6554706191257,1.9589496979216725
2023-04-13,1.6708744664042767,17.827644649009546,406.2051335266118,3.8824512795286052,5.753239976699151,0.2795598659544518,25.36566140838149,35.14747727018494,0.3775887824417177,0.7648413705007959,0.4290003660793196,1015.3177367889866,2.253579837948601
2023-04-14,1.4003830215075543,18.058058269826947,412.1892715006992,2.8313859226952336,4.830991783535657,-1.0536802082074055,23.8540793939858,35.10379082348813,0.26397775689925035,0.9986968569089931,0.34654338394446116,1015.5173795894057,2.214381813386452
2023-04-15,1.3426484462703059,18.421428838503868,490.1425346935533,3.8124807222048807,7.3855687182387175,0.5275498575208899,25.558386594617595,35.04354946415384,0.4084081424571036,0.8175405331961012,0.4401880860650983,1017.8969948348877,3.0030251793708387
2023-04-16,1.3983954622209938,19.07211448302715,437.29037402388775,3.618876237390248,8.017317962670116,0.5935422332341656,26.57486445984423,35.04288126546704,0.4143534247320084,1.0280466169611722,0.5384083402653836,1019.6812570118623,2.7607509274906663
2023-04-17,1.6116771733034332,18.887353812839027,455.20012219569344,3.3208830606169313,6.928874168227164,-0.8771687934597441,23.23063335047749,35.02407119185425,0.3536427526699556,1.180437910214347,0.35272967803401334,1017.2126334135478,2.7257005443009112
2023-04-18,1.7627515718997329,18.991215978605872,398.0766009863869,2.3319616359173576,4.515010507534383,-1.2337922056816153,22.69508945704461,34.86531345111529,0.2362070232940412,1.3761866813722319,0.47431972839094133,1018.0399350583546,2.6177426334345304
2023-04-19,1.7633369418831957,18.448013034809126,388.008594219819,4.130349732396087,6.806964184858674,0.0803461789452474,28.056305879152397,34.95658838230635,0.36588182329018937,0.9144510068379386,0.2935766009876518,1018.827732935668,2.6176075556088305
2023-04-20,1.288918372731975,17.967372739168994,454.8368677015965,2.4380976760804938,3.4416949908221173,-1.6470802936266047,18.15693126421472,34.85315132896834,0.14352030098398827,1.2600386063742874,0.30104247636909004,1015.6292556802806,2.8314224959687015
2023-04-21,1.2173327962727065,18.32007031576271,412.6986903498439,2.2947507803141955,3.9729956781447777,-2.3943187843175906,19.79597507024477,34.840247401695756,0.1905225266452877,1.3263417405218731,0.24258748192036467,1015.95686178786,2.706919921396789
2023-04-22,1.3126710299245248,18.69229923740946,480.0023351674268,2.289444025772349,3.9244919155046545,-1.9611364295380493,20.868447904815575,34.95922201974801,0.21813431060079297,1.0918725836482694,0.18825536516921698,1016.3722913658929,2.5155079905794375
2023-04-23,1.2001511249747931,18.827405073066576,451.55154210582907,3.101292096656886,4.621445154354363,-1.5333275934249582,20.95745761306245,34.8478523423671,0.30353462026510875,1.247756946378664,0.36758894336444764,1016.4260993203916,2.59518201104218
2023-04-24,1.141738423238083,18.331376770829394,426.977812782108,2.451502375349447,4.555489735775283,-1.5070547147943532,20.251225959291894,34.92495607022495,0.27931720576267877,1.0400778211841701,0.343996352673583,1018.7081646703258,2.141362350976157
2023-04-25,1.1423864867192577,18.411522582857586,450.6146090646905,4.016385319748723,7.290851307412785,0.16719704297779917,22.594992039210467,34.85095418465666,0.33336104024590046,1.085991189315927,0.33410724769407274,1016.7605799941,2.6431358444717414
2023-04-26,1.3169905437753437,18.815979905497144,413.9975895151304,2.677835104783643,6.002990471339199,-0.7566116578564615,24.34287012897789,35.15077364456728,0.3311941764579213,0.7157806552767536,0.3644707016603901,1015.9715110308539,2.4250085188088666
2023-04-27,1.1577531029355574,19.324674055687254,536.3070400508093,2.879100664178132,6.959553088425404,-0.11736345403014359,25.022954846676818,35.27364746791564,0.426549715045456,0.6247374412610831,0.40164391243338143,1013.0263915964186,2.254963031955116
2023-04-28,1.0058109539164921,19.635587552543814,466.5707615314677,2.86279399948454,6.1923175878320675,-0.20944205388197357,25.74385447133651,35.23585006054938,0.37385152224334606,0.4806306251827074,0.4815777083555223,1010.4162185550568,1.7966823360827995
2023-04-29,1.0864246165971128,19.485036582014555,534.1615528235418,2.805825792862804,5.8106818042595325,-0.5065599024395124,24.325653937319757,35.2347340525171,0.3345802141763452,0.680933720357234,0.335658097664309,1011.7252568322536,2.4142086331032453
2023-04-30,1.167510284502928,19.499140467299135,438.7094049854842,3.3354190830868684,8.495983633334166,0.5968772377258612,23.06636609039816,35.2953833934811,0.4716982745045578,0.6004182227889973,0.2799954675872117,1012.1294722533352,2.1427358660967655
2023-05-01,1.245483882211562,19.530641802839916,441.597555994342,3.607231724207683,7.65846144530837,0.6813055498511721,24.14268634565967,35.15100046269632,0.44872285160878517,0.6977632139484918,0.4809642024618352,1014.51316374546,2.1307685925812634
2023-05-02,1.4370227613705089,19.07191928211675,438.51507563182537,3.9063929588641573,6.94922417177772,0.43390338156544495,26.090260475265396,35.06861608402781,0.31783224691461404,0.9397410510951135,0.46933892496410295,1012.7853263681076,2.3489492416512645
2023-05-03,1.3872623064299758,18.73641548592072,459.9876164352528,3.9309510970327333,7.594333937533085,0.44676232490344076,24.64423591848431,34.992368864285744,0.38773356615261867,1.0135019091532436,0.33890963101356264,1009.5130345992392,2.0113176672371007
2023-05-04,1.3918705627302657,18.560579177957955,396.7635549059501,3.787213298078764,7.272970409420137,0.29240793274725785,24.769927312132996,35.03978129689725,0.34894040875561294,1.0858658905753038,0.21553463591464167,1011.8809883839243,2.0690874033821616
2023-05-05,1.259278690479349,18.54954231214124,471.9664665226418,3.4066639522747537,6.162521804036865,-0.1669457035986136,20.66629697553878,35.11108120367139,0.3081704646521003,0.787240474477412,0.41836723224455374,1011.237919380609,2.113068642365163
2023-05-06,1.4800487279276113,18.667285281904313,464.0873811756252,3.1124030353876386,5.232968033253677,-0.8076866702945122,21.034092487784196,35.04184083403979,0.29402084838322157,1.0742634437934167,0.22895596089764036,1015.7522741463737,2.415330131751385
2023-05-07,1.6975565623360276,19.44278036738062,481.5122831760478,2.5082627759782867,5.4296957371787276,-1.0601748024404343,21.24787235838585,35.01904667075192,0.23774487854525783,1.037646625264012,0.31995615246565506,1015.1957242020633,2.620524039618555
2023-05-08,1.788640362595911,19.43310637240635,480.9182397280217,2.162270362909541,4.023983463535906,-1.5343524524969216,17.448796692851936,34.97981458219407,0.2859432970576473,1.1703231589834524,0.3146284763460545,1014.8459586396426,2.7165167421747602
2023-05-09,1.345997337483054,19.798237206137628,485.7242112013171,3.091384007227905,5.59467808964955,-0.4690318428337757,21.650966474035158,35.13214954671941,0.3269459649429234,0.8365808620973995,0.3772551975953358,1014.0706064577993,2.3839431155780404
2023-05-10,1.4161713290282354,19.65299349117994,493.83663923156246,3.0081729391834586,5.622484111149859,-0.8801939755219926,19.162414418890894,35.03872655847602,0.26712319184346917,1.019518864611921,0.2756678626070972,1012.6804435160988,2.5185315159752757
2023-05-11,1.220010285722359,18.608286346465214,412.9549547292802,4.580762115246824,6.469054069803059,0.4801530391209962,24.81117600782293,34.74942494244558,0.3116610834702868,1.1833930528017487,0.35162327997433196,1012.4457482006975,3.087564641835452
2023-05-12,1.1063516502865358,18.486748663749964,472.209759354048,3.8131102558096734,5.06625659601433,-0.3564429085010145,18.880446931873696,34.81377356351183,0.3162765978219116,1.4708150711458763,0.1870335344668287,1013.4319525978361,2.895258558778106
2023-05-13,1.4293876469788676,18.71245734967535,393.37642713825704,3.309763686951316,5.3089946983955745,-0.3873051548733242,20.385788166499598,34.76388378263215,0.2768965421850205,1.3985305326770483,0.13898873843497062,1016.0965601190996,2.5844417463624447
2023-05-14,1.5401331385295864,19.103713963792732,491.8351723540278,3.766219667733666,7.577974335325985,0.3486203071107743,22.635359972972886,34.925938294343275,0.37217890953130367,1.2725968865596948,0.022737919272441537,1013.1116347118227,2.9389813800353757
2023-05-15,1.7646692425253643,19.33052818439842,465.98587675244136,4.040293859616451,6.508257657387947,-0.077951211543012,20.27789028331523,34.7319689809605,0.3184637513680821,1.396028150469806,0.38846348018926935,1015.1361375395148,2.9346712168207287
2023-05-16,2.01286893029479,18.98387573234653,422.4493755926827,4.26086952347597,6.857711143788138,0.44172607199571234,21.13092859388211,34.74913294394184,0.46116903294470746,1.2922032420048817,0.3389879837581765,1014.8355039311699,3.0034361940621235
2023-05-17,2.2094871718412636,19.11341904517631,439.7320068446392,3.1836826642228457,5.401024182836441,-1.0762110787590964,21.126014178750776,34.79671760553004,0.30981474925493463,1.2235865772085395,0.14472294405726924,1014.4303378485434,2.672221833678632
2023-05-18,1.8000031405323462,18.777129377466466,465.2763828088621,3.3174794167363513,4.9975643648857035,-1.0262502481661795,20.812116498918673,34.89039551960986,0.3145546498258665,1.150055541535129,0.3718677118816771,1014.136385934793,2.4647441450882206
2023-05-19,1.335547049760243,19.771154171305284,511.1512235858737,2.7492243806721985,4.768853934169958,-1.240280888469999,18.189351613526018,34.83384342398066,0.2585206701286351,1.326071647167776,0.29012466781165785,1013.8593503038628,2.9070863622754954
2023-05-20,1.2391490243466392,19.42550460988134,466.9368125717079,2.1697797140262978,4.592177700839297,-1.5742688666717108,18.906712413227176,34.90282429170469,0.2926700786737828,1.2319597339368555,0.20609201319643813,1014.0285307916063,2.762454854131069
2023-05-21,1.2712614765475694,19.877449990449335,533.3102080496192,3.672171416051359,6.119346722020291,-0.24654819432102887,20.80869422806682,34.93164986590103,0.3512733327522701,1.2307817872866047,0.3491066037796411,1014.5263796004577,3.149659728225488
2023-05-22,1.4192329838512856,19.902537434431885,523.1831667825321,2.81539919352636,6.523713848777299,-0.5581648439583271,20.67425238382192,35.13703744968766,0.3390773508694132,0.9453726016290498,0.39666049649992574,1014.0661098828326,2.565937103472777
2023-05-23,1.4938199485344141,20.09409754740784,530.4182838923289,1.9629846367883144,4.570242095260875,-2.068007011424072,17.470582878064185,35.18453318149093,0.3409588447525086,0.8452898647728506,0.32569808455979915,1012.8891952609567,2.593074472873701
2023-05-24,1.2313975763849023,20.333447713521398,578.9652836257168,2.094231767363191,6.360873900800288,-0.6199984886322859,21.668735025380094,35.14913762201142,0.2702939699982866,0.6140999970264632,0.3986104668940184,1010.6489746632374,2.5041124413446796
2023-05-25,1.1872566959857322,20.348301411717767,561.1356931230625,1.9700191682659423,5.2518502880334745,-1.5331558811702422,17.112287490787583,35.1436839842987,0.30177540689402144,0.6952948765155953,0.2104316687736192,1015.2311709829748,2.563535774983674
2023-05-26,1.0586695096672714,19.968339147259346,526.2143813749896,2.494505850580356,5.159854710787209,-0.8666846876839096,15.466279843344928,35.29565975074847,0.2970140408935814,0.5565581189915454,0.2882635104640592,1017.8924589378124,2.3692299596171944
2023-05-27,1.1079355154895463,19.98212031949247,584.4989630235317,3.3785775465888586,6.514836983857769,0.0026067297799542144,23.661152027471843,35.275489846850924,0.3567262359036143,0.537556843075858,0.3432785064148961,1015.1944183300658,2.316932175502974
2023-05-28,1.1067889726291897,20.13129482907001,554.9276605471347,2.8353207176139796,6.902723964318263,-0.42735484935886453,20.93243786501795,35.25183744135799,0.4164544929546906,0.6731429276043502,0.3266732013195039,1015.0299505989417,2.7294637759073064
2023-05-29,1.2890107480132824,20.90067509858828,571.177985511258,3.624991772413755,9.002177047263356,1.5814721318483873,28.7250312870563,35.19252643145412,0.4872283590563312,0.6667949770652456,0.4107934257462283,1014.1033325469613,2.8863148885583305
2023-05-30,1.550527326899191,21.09404265024675,600.912288413642,3.395936736124222,7.95969875409112,0.42071039375538183,22.963784752956943,35.222420316711606,0.3345751386352844,0.6881305826430394,0.32234796657672393,1014.7421260736857,2.912017594556776
2023-05-31,2.051838016397035,21.117040005652623,525.5571495420722,2.969154853348222,7.45162218482909,-0.145924135113019,21.68535012985189,35.15512347328554,0.3695551384975641,0.9293077121630804,0.49552767402253695,1012.4005371688074,2.7282779829731028
2023-06-01,1.886376728742918,21.27501826866301,609.4402221196275,2.205929516785809,5.713811459402691,-1.0240223307865468,22.191484541573608,35.16510411172627,0.2938130695396333,0.843518819147816,0.4182624362119348,1012.6800126312052,2.6718838158872615
2023-06-02,1.6171650108353859,20.38644125819068,601.0262673689286,2.514572497067582,6.063724242058156,-0.32540994525831735,16.676174636654828,35.37682569410735,0.29941616204175797,0.2794835583247207,0.38576809823041175,1010.2014717758314,2.4056055556547706
2023-06-03,1.1915352289758194,20.540583993584477,535.2536538558188,3.383084057164148,7.502461642721059,0.3244004129890181,20.545364012913115,35.23262912684181,0.44652315136424114,0.39690953092297054,0.24414439038690006,1009.6034117078212,2.408258580682083
2023-06-04,1.217699284032982,20.211402229386447,560.4937858347912,2.797394845697866,6.807699345240259,0.45077151790788395,21.365937222019962,35.22291694862983,0.40192448072673137,0.44361453102198045,0.36324876465852585,1008.3842652603547,2.2878263454077143
2023-06-05,1.1557090681671638,20.596605964376064,574.4200887934533,2.139689538813263,5.790109200989805,-0.5429697472213899,17.45141090507349,35.36487286426202,0.3694400053344852,0.5960905392632829,0.37203924539097255,1011.6024186437124,2.3798372778679
2023-06-06,1.4634487804091312,20.051613900387252,529.0209526254173,2.588662088785742,6.791190178454447,-0.28912048835412185,18.7206166561022,35.23254856347979,0.32358041293257334,0.7958561264479087,0.3145295872604194,1008.2954699595409,2.3888452184687528
2023-06-07,1.4868161382094183,20.893805001862635,580.1257173252266,1.9991710414867687,4.83214887334955,-1.599335157179064,14.51208278620851,35.20945034797659,0.28278507978569695,0.8081986665279314,0.34542102147798864,1008.3388097828114,2.6386953188201714
2023-06-08,1.4995921352809485,20.610593941531874,517.2638944544785,2.018703400283786,5.528831807004773,-1.7542672061263267,13.183468781791586,35.16391305395449,0.2450459919907649,0.6154168867205875,0.3676892758634119,1006.6410599842238,2.4165728863195293
2023-06-09,1.2364288875374194,20.429090419626245,553.1889649969756,1.591463076683532,4.211128017465805,-1.2271479229963587,16.308203163612195,35.360028901299565,0.2491278669658088,0.37492157610663335,0.40501556406372535,1005.093338027648,2.2921150128447603
2023-06-10,1.0730194962670976,20.05987177899486,580.962641933355,1.9831356054044122,5.236108410063224,-1.0436013203720131,15.330106755199676,35.212621474548584,0.27497888138512877,0.7900019385411848,0.32606701910298097,1005.2568964924185,2.4399225757140304
2023-06-11,1.0370318414294302,19.638870133474526,558.6209923804021,1.8567031214130518,3.6877626689759153,-1.472117292693935,15.685551265106989,35.29706097966852,0.28304812979833405,0.35795563316444945,0.3203124820662908,1009.5186727606458,2.6688946873054555
2023-06-12,0.8827559473652304,19.967922624151488,594.9709861712931,2.468670675837755,6.338099786890653,-1.0840060999342593,19.082614831869527,35.324049562516116,0.29383563175956473,0.3075037891524556,0.30268093282470726,1009.4163608753652,2.2415829542884063
2023-06-13,1.078080279398876,19.64944446560635,477.05247485318466,2.5058946399892688,5.460369646614179,-1.0630825611255221,16.504166905689676,35.12246465043713,0.2385328453118547,0.5296523366420953,0.18879061151705795,1008.3982882563147,2.152298856948496
2023-06-14,1.2072116144108638,19.779298179752544,455.13661240935824,2.9322203049652398,6.8745611942831975,0.4136075910834089,18.881764181028878,35.2593104228628,0.3789295614819732,0.5323798022328983,0.2966436053737433,1011.2056293992368,2.27754069335949
2023-06-15,1.5442380060312701,19.53275002377635,514.4418786513322,3.795874494558735,6.858396965391665,0.7777149446389724,18.410092941854852,35.167561600869234,0.29878308156608413,0.7724048332161431,0.35512127836141133,1009.7054285169622,2.5457633983586896
2023-06-16,1.4979596845827539,20.04142493074005,508.61983865642577,3.334631611049395,7.344365675831889,0.47645886357029527,20.237480916016185,34.96395972074338,0.3712414929291992,1.2865837974519165,0.30022654068021176,1008.4872900711397,2.935491181957329
2023-06-17,1.5487082708713125,20.474531645631153,596.8819779736876,3.809245815095694,7.866819523471256,0.9263805331556385,20.426938693410467,34.974820214020994,0.4129917082940417,1.2589320609207124,0.37739399192934975,1009.3160312025581,2.697810765222233
2023-06-18,1.639946797004789,20.096902611015945,565.0026745868594,2.6712862522051948,4.894394611887077,-0.9430766535616124,13.715906683412532,34.8353260501686,0.24097707252307446,1.3616230105534906,0.46139346493306094,1010.7409108460299,3.3354760756300976
2023-06-19,1.8158319033217944,20.12688032671691,570.380994377703,4.069722411521498,7.834463911716778,0.8968465709234515,20.49318286173783,34.95012635990071,0.3634293062393131,1.3414271002131484,0.2546315855250463,1011.7071217485694,2.9735357650319654
2023-06-20,1.4434464897397254,19.94520867621396,498.3047542908909,2.783703460117236,6.792700496744219,-0.17787720275925797,19.89458294099332,35.07435867107853,0.3682847550012103,1.1229075556224724,0.3645685424409114,1008.4357489205532,2.6659160992928683
2023-06-21,1.2759289895772004,20.013702825884053,526.8899006178931,2.227589074236523,5.477980585608495,-0.5826299059210152,16.376145752844952,35.04421956292077,0.2948728965957324,0.9573918166086308,0.3995531239624771,1009.9591273056658,2.662345521106684
2023-06-22,1.453160999167381,19.889310765355916,552.731420984815,3.4192907640129153,8.736339358730241,1.0465977437111194,22.04069180513528,35.09352599643685,0.42366086057161195,0.8302531007003715,0.3271009798577057,1010.3015029552454,2.177589281446452
2023-06-23,1.3453588617257253,20.459840813961105,584.6850924578055,2.1573524392362025,4.0249843904278375,-1.6922539178471045,12.792093568103617,35.05484393858722,0.2458974761655367,1.1033692402402926,0.5100987390079469,1011.7459388188769,2.3013428618978726
2023-06-24,1.3649192902553506,20.4763694615615,605.9408676353175,2.8276450169351173,6.269834097998201,-0.11457235276451438,14.48326623608947,34.96589577312626,0.35591333014041154,1.2185543689290426,0.305405386622189,1012.0363319118461,2.6367341069562644
2023-06-25,1.4429504490835876,19.878108887725002,532.3511224383367,2.878388609803694,5.751343801303468,-0.7072540919605477,15.964643192698807,34.91189884527685,0.3293964829687998,1.4072107124822946,0.1685093815152171,1013.234750420087,2.3998893574768037
2023-06-26,1.3313127945253471,20.14598382073771,547.4962532374266,2.475718186921631,5.249009981758777,-0.9622532350361538,14.385601394229155,35.064240830671594,0.27672953300203157,1.3370770009526047,0.3993190555122714,1013.4410582443576,2.538709469533806
2023-06-27,1.4815965495558507,19.797251321399305,560.0194242033934,3.3650184182379603,7.849253095996123,0.2274493674146843,19.88565786737464,35.0486635455537,0.4182117362255383,1.0518550421489943,0.38892447954257703,1015.7954644518643,2.4359718438109477
2023-06-28,1.5809500678018855,19.850006382812627,613.916712724077,2.3645362377381427,5.697832146485071,-1.2709515035222423,16.85419578989561,35.0961063023711,0.3324288736145148,0.9744576423541969,0.2900554827057702,1014.72885826355,2.205338551412731
2023-06-29,1.8221390254919263,20.08353273532502,567.579075922742,2.917685345889739,5.821368255688756,-0.3203688177663363,16.834863211386033,35.09976452733204,0.3586170573878706,1.1349875071710982,0.20863010317154215,1018.1190373643803,2.0499160367122795
2023-06-30,1.7755373469600761,19.66443940204303,528.343913075029,4.431577152624174,8.07901897295565,0.9330689599136341,19.569781321881006,35.05567308553896,0.37587460330290373,1.0045633481367127,0.2933474740718198,1015.3981532370119,1.9066824161845
2023-07-01,1.79882923322008,19.027766719983898,548.772828819773,3.4326799026367913,7.276034376241771,0.3918404999326366,18.344283638968832,34.80685974112189,0.3865537115878803,1.3840921584550034,0.32993695274713,1015.7642253487547,2.7271185521367176
2023-07-02,1.9760255241194453,19.087480288465333,617.5133645629809,4.4588771636262265,6.91273942238874,0.5055690000129747,18.533490873272655,34.96520185553885,0.3807981365829037,1.108140289379823,0.30108603744062246,1017.8614088313257,2.4043525883433805
2023-07-03,2.06975137286621,19.62765324857714,569.5583193528689,2.890233158039948,6.737709643169284,-0.8511549319709466,14.501345856939858,35.00152330159556,0.41928373791425333,1.0972612251353997,0.3521396943887995,1017.8916133689853,2.2995045016547215
2023-07-04,1.916656666499155,19.45150044886212,567.7597384612802,3.4376340560124095,6.660224207558337,-0.09354935666406049,14.761262625021907,35.066216997013065,0.3506757469289566,1.0787287840025286,0.35367398692265134,1020.1336424656669,2.1926833656015225
2023-07-05,1.7867389520918193,18.85652863088232,544.2535159457746,2.631924635137209,5.570061568804392,-0.7823213496127553,13.724625580256674,35.04640867148207,0.2500138759722541,0.8571692483484865,0.3343232555265999,1020.5726930055222,2.1826322018957107
2023-07-06,1.9168542383682818,19.315661614648928,536.1174452286331,3.1760554423197194,6.743290880673255,-0.06590001242462085,17.767394536738305,35.087418951224514,0.4528183601805674,0.8453820988486095,0.3813349644265427,1018.2240839250026,2.2249113905698215
2023-07-07,1.5836403993292745,18.40495527234907,505.16444711452283,3.814619663738012,6.347048701783212,0.11612688845514718,16.709735553097985,35.04996839163025,0.32660615193964265,0.9780185314925457,0.16326288059921018,1016.035077871086,2.124479779405241
2023-07-08,1.246340193184376,19.13106392772204,523.0568708072999,3.26060124456297,5.550246817093307,-0.8153391852033431,11.558598104845991,35.00883066592495,0.27430453930607857,1.1204982190578805,0.3796896935079305,1016.0282563591434,2.391946285502097
2023-07-09,1.386268002410624,19.457638141595552,553.8187896061017,2.9083521110900974,5.130974830422973,-1.0019062496507474,15.893236784486055,34.96147662112318,0.3271202138978503,1.3595279404537797,0.35591179295008035,1016.3866989494236,2.4816873895822362
2023-07-10,1.532557964585214,18.395756988820235,540.8429141829669,3.0806696232487143,4.9692224726453516,-0.8736534718739954,14.395039579219418,34.9782356737836,0.3303218055282213,0.9786720550017254,0.13913771249018092,1017.417154377009,2.208034673392857
2023-07-11,1.7824641411942586,19.15803909668435,477.7699784761053,3.35166616767517,6.745587837489881,0.20519577669832173,17.842324060614473,35.13634522658013,0.35136980625164377,0.8189810547654711,0.3644015625078766,1016.343111424554,2.3682202961277876
2023-07-12,1.31520547135018,18.696430261259504,506.00377245600197,2.397160550895202,4.718023705821908,-1.2625234445074212,12.572369611108053,34.94718928260785,0.2895546253054052,1.2364318968524257,0.28198047727481207,1015.2819823438501,2.3110665191095894
2023-07-13,1.526281921701862,19.34782190665918,519.0670228308837,3.7129063583175057,6.639295822868286,-0.21502571874822501,12.702137009185552,34.919638877090875,0.315825668587111,1.320539186378079,0.3739099442961371,1014.5820986504159,2.3749782621799684
2023-07-14,1.4725564159686635,18.849402153011383,578.7781019413279,3.16274990167412,4.37462854441613,-1.1522064967803791,15.975361788451677,34.77042612151969,0.20067111512824293,1.825789922055307,0.36027584735690443,1014.1049509930392,2.9217793919660875
2023-07-15,1.417205363824378,18.94356389748282,538.1211560229841,3.2339648904512535,5.6114118605799,-0.3476394399424477,14.295662381411946,35.010625209090044,0.27220014189274855,1.2621780380576615,0.2557396959045424,1013.1492491458357,2.3047475502946875
2023-07-16,1.4999971295291539,18.744097066945837,496.2171691355727,3.4601879101641315,6.533550843332241,-0.163357557615742,18.409430201979045,34.95341816668485,0.3404046947820991,1.2843258314434602,0.3448587647642681,1010.6495288359007,2.2930529795224306
2023-07-17,1.9027659834152812,18.517251199401418,461.8114582137068,4.240247659834571,7.62678288519698,0.7269429607938258,19.23776290988584,34.91261897430071,0.38503832306677305,1.4112018193338705,0.385842183153575,1014.6094804100564,2.747912017010792
2023-07-18,1.75401433949056,18.214429903280276,464.6772483913626,4.386401523466986,6.699436207222553,0.34386636879667565,17.071203288111885,34.8472495799185,0.4107808220472839,1.5398290267426986,0.2914947359570249,1012.6259281525483,3.015249955582468
2023-07-19,1.5373721200277133,18.582386231231542,495.02690947771447,4.506523958785916,7.127092805063363,0.7194388547100913,16.64801696871914,35.00161659233414,0.3919988653959593,1.1569093077847983,0.3606288053783075,1012.2589751792572,2.4444239050557997
2023-07-20,1.5513278895133988,18.140624047374235,494.80572483225126,4.105858758562835,7.216243913604672,0.29104007338187604,15.63954740723894,35.0822823889824,0.32756841629453143,1.2358230547310007,0.3425211821383552,1011.3928947130596,2.5682356646463305
2023-07-21,1.8464585345810116,18.028440096511037,527.5002445628976,4.405596665654094,8.38117088212661,1.3018582518639026,21.552425766939965,34.980617603489954,0.40479782499263506,1.2183694624441226,0.2363423589960001,1010.7822994828055,2.4664222256490986
2023-07-22,2.840577017641603,18.59435492234447,512.0573870767649,4.018833698191395,7.688159593722667,0.571493701611227,16.450215741854127,35.03214395317597,0.46175272469255596,1.220678969331961,0.2706933558522659,1012.7107615203803,2.777391477488611
2023-07-23,2.93530032838341,18.56152458511131,542.8379979545804,3.5456718970916996,7.444509163390602,0.5467430872790671,17.30173753134646,35.036981822553344,0.407506980989973,1.430155954725896,0.3199685913468991,1015.1134651312659,3.0728438585929796
2023-07-24,2.5428019501208046,17.423992650332107,512.0939290521619,4.2274126432361,6.0537177928222565,-0.403431238396585,14.70358588759017,34.7327712372589,0.3196334049829971,1.7320175151418538,0.18462942639349014,1012.0419261000749,3.083214708274705
2023-07-25,2.3451883533512308,18.513178137639763,546.8409994743648,3.499957531111409,4.82000303216185,-1.0494656478863928,12.798180699334653,35.012225523305226,0.257032033616785,1.52560970252573,0.38755196009112414,1014.8106968265962,3.2557951134810583
2023-07-26,1.6636191116315449,18.196534440548465,501.4117984006211,2.625149397766633,3.1009216258095664,-2.306273655117246,8.246244877120192,34.91461253593005,0.1452643385517007,1.682992369654567,0.37387266324409196,1013.6852276498969,2.8949372718904085
2023-07-27,1.290208700622162,17.544574313606148,463.54569980338505,3.7196456704781253,4.710875528817468,-0.7167071353135928,13.712939637803835,34.81750147415415,0.2552971591004112,1.7827892545200805,0.21177373773351565,1014.0686365958345,2.838907274324513
2023-07-28,0.9394474816345612,18.085513560730764,492.8090385527041,3.199984425061585,5.499852083353238,-1.0255632247018067,16.126649564069247,34.95175668015047,0.32733017910841644,1.2568391835668562,0.4438608347911309,1014.1926422729088,2.457325465056533
2023-07-29,1.1950618718472383,17.605649745135388,459.98900350741303,3.1788960187319324,3.085839678409594,-1.6174728251969879,11.5906621183884,34.86127092714715,0.21354532465805978,1.5632441169912585,0.3583502829187419,1012.8307511899607,2.9589599975410428
2023-07-30,1.2522978638495998,18.403423020238773,525.0806428604388,2.0591151555053657,3.712851445884854,-1.7422694766210685,14.652792842686187,35.0801416485709,0.3057349058983543,1.2866811691939344,0.43089660201795627,1015.1073873859785,2.333239302816202
2023-07-31,1.262120192250654,18.675525414686337,543.9568531793973,2.8773877660217133,4.453946224688167,-1.3446438631844475,13.788275003769368,35.07593486099241,0.23234378653741902,1.3754456798420187,0.3934405049144651,1012.9659870231429,2.2414670376145494
2023-08-01,1.2997953810807816,18.752026005301136,555.23461359948,2.5963342737776265,3.8740474955658604,-1.0156353673861505,10.718738094190044,35.066845059036616,0.24581905801965,1.2671012955859167,0.5791907173489335,1012.5083471972706,2.370465097879244
2023-08-02,1.1624894059961755,18.361039376227176,490.3016921719794,3.6997047110491423,6.087764893402895,0.38185785934975147,19.484458490262885,34.94766439338363,0.32292433579845375,1.5093719110328054,0.457733981763556,1010.5244427041589,2.698707901673495
2023-08-03,1.0148918511530056,18.169847150597583,453.5389898786885,2.910314966398477,4.605608365402583,-1.2845482306817284,12.635251396450059,34.80747990718485,0.2856452116085486,1.6395761516601044,0.33186642521541887,1011.9550977535782,2.756110155617881
2023-08-04,0.9321454892399914,17.15979039823978,458.20105856016954,3.3570527341247116,3.7344093683480932,-1.5242550340052063,12.282100752742812,34.78693119959044,0.15385679162686527,1.6905568833235953,0.3413054029451926,1009.8296044409321,2.8294851155331755
2023-08-05,0.8597226321088715,17.624611475566734,489.59594883140716,3.270449986368793,4.958712573240764,-0.8309689609302204,16.649041775365063,34.80682888854293,0.2820067137768638,1.6565489178332518,0.4866222755487989,1009.908745830463,2.559992558892598
2023-08-06,0.8732093654068852,16.736301727045042,465.6996455042689,4.358587915345899,4.928336776801668,-0.07127238310582784,17.74464119323935,34.78336309210381,0.2804753976172468,1.4962017341973208,0.29689048270699603,1014.4216267087454,2.4639882772688013
2023-08-07,0.9779400776028457,16.358194348563064,470.1332307463458,4.389473333556648,5.161146136998351,-0.48697694813597514,15.37570572847544,34.83146061741954,0.2850635274940041,1.327559699108407,0.27113221242516367,1014.8252647093777,2.5155139184475472
2023-08-08,1.112023390511774,17.177657852108343,416.2402354361149,3.4264642452799317,5.126207417976051,-0.6776800268776341,16.830113979019984,35.177459079286905,0.245699229203452,1.0296684962331226,0.5175053928875061,1016.0860123024237,2.503324836456534
2023-08-09,1.2858772747747866,17.19894440841851,436.30188301187076,4.330470313968689,6.405163913773597,0.6128324876881563,18.080283587552366,35.04348469411193,0.3004664510177628,1.346700814443501,0.35301691710023786,1014.10241576151,2.3650315568298605
2023-08-10,1.545292276965084,17.325853104863423,494.64464947537704,3.2829870007296775,4.706403386707138,-0.9802450040520223,14.899927132351355,35.06587019998286,0.27244446618194634,1.3867651227034659,0.3892396904089189,1013.4409509518554,2.3489038958573634
2023-08-11,1.3768242589338677,17.084185112502805,482.7874632814566,3.6426186108621623,4.991996254338743,-0.7329701563417406,14.987440640128721,35.15771078784605,0.3014256029229295,1.115488472656406,0.4093720362083631,1014.7895686557998,2.5103050436730885
2023-08-12,1.3314133754071058,16.9146041449591,450.42203582735175,2.817984348688841,3.740720708200607,-1.9880191114010037,12.272366145138026,34.9498149868369,0.11761422226864307,1.3637580060992116,0.4170314191114337,1014.412964797177,3.03606754230177
2023-08-13,1.0361576116697417,17.446103005289334,451.6141654490438,3.5355928646451886,5.761252638507334,-0.6661360973448781,14.66207226708816,34.95600091476523,0.3263121258312013,1.8604620256182656,0.27938851046150126,1013.2139211152788,2.8387540037793833
2023-08-14,0.991027208586898,17.413782410516585,423.3697518725603,4.256365884777338,7.661552046702918,0.9992774483405978,17.28408143146241,34.9593586947152,0.40050076247326055,1.4254234387586462,0.38314203105943195,1016.6841950197554,2.452437988689598
2023-08-15,1.2050977220574257,17.763764029633293,523.1462207157127,2.908400256070852,4.645897261336135,-1.7425265812962532,16.520645950980732,35.052812142754654,0.24450534336711782,1.651337476139453,0.4757376920191004,1017.2827070278271,2.554392734621188
2023-08-16,1.5580911914232265,17.431989241216485,561.7309912154823,2.6008125003469424,3.745518604367969,-2.317486557554897,12.074371256323069,34.99940538553988,0.14614498366752426,1.77565649833479,0.4651549212290094,1016.6426884476131,2.7397739452348056
2023-08-17,1.4980212219103235,17.0280233066156,488.228472707887,3.241660776979168,4.142601923981957,-1.2351858698094589,17.540479598805128,35.0426964217453,0.25813253441390854,1.5977037360399196,0.3728749434860798,1014.1021759226081,2.3488519335042857
2023-08-18,1.1599589767464544,17.129582213526295,469.009190984571,3.8739611451867755,4.656062000703125,-0.6011641176631788,15.280606972666725,35.13461732140019,0.2904565028741488,1.3131454248622811,0.3818435763220136,1015.0085962969357,2.582557589008346
2023-08-19,0.902455232764818,17.37855652877728,446.9597772047526,3.743626307499461,6.087191401459842,0.10024134598527351,18.089640799506878,35.054686938829384,0.3550882916016175,1.4121827991329734,0.35361050871441,1017.8319771267154,2.6183773505955084
2023-08-20,0.9848955812563703,17.108035418346024,454.48390056945976,3.2679549409888464,5.268520075974641,-0.6757548561243552,17.984695388370913,35.04538776371269,0.3110770819282052,1.5455864706189515,0.5607656081369858,1017.8720992246206,2.8599047308982537
2023-08-21,1.1423792274923577,16.91126143101036,436.0511235617796,3.209656655954549,3.773048932427618,-1.4300584840711614,11.510138199943354,35.06750644796841,0.1669480426815753,1.4506481328996828,0.48522915396780947,1018.3436378916228,2.367476456699533
2023-08-22,1.3302988994765412,16.71314849714667,425.7227619328702,4.468292618012842,7.494706469414434,1.2692761056615123,21.078483835041133,35.17138589693025,0.37725962221815385,1.3650365935450932,0.43787279641144944,1018.4288003888756,2.6388420375966204
2023-08-23,1.360567786146064,16.624771704474146,427.33161372859735,4.73692675028215,7.386236051948047,0.4523388014051334,19.18422073347563,35.123852793493796,0.3646957007516959,1.3573803778902562,0.5018901576074865,1016.6940304827954,2.507007513549014
2023-08-24,1.6186647968130377,16.427021108117856,439.28288858480016,4.102617010119711,7.47838637566696,0.09075338137701128,19.474959922199044,34.95678509122482,0.33983287380756155,1.6888307478325704,0.4441463272652484,1019.2047001701434,2.8858679271214114
2023-08-25,1.9163080507596497,17.265298404007563,462.9815589849308,4.798540405817596,8.515390493722052,1.4500566234587375,20.439535576961305,35.225495872254506,0.3432881521540633,1.494261542825322,0.6640995614461662,1020.085788356797,2.69673814420298
2023-08-26,1.8750487471296078,17.29557746673708,502.6776587825435,3.782790206386062,5.638414114942474,0.01270017451505398,16.880533994123482,35.213498404093706,0.37520975175364096,1.6335245383935144,0.541071094109643,1019.6572704554749,2.911358978440338
2023-08-27,1.8609970205971802,17.13617592277964,440.7369823764676,3.806236258054527,6.287801101177674,-0.18687395667123763,12.436275652433814,35.180352451722854,0.2986678193337436,1.5742678747744359,0.7146769240828139,1022.5214958735388,3.200456684581716
2023-08-28,1.631166148394309,16.52956307911783,463.1533581165755,3.6897072495577348,4.030276751794829,-1.0183697642312353,14.642090625943652,35.0626981601937,0.26960581965069574,1.5979135079102056,0.722344181556219,1021.228955405731,2.846504755084055
2023-08-29,1.1382409674545588,16.114660013489623,426.0505737662445,3.93250273732864,5.800467071521446,-0.5059786671867956,18.50361095112754,35.10748776071658,0.2618940431111996,1.6347169561119523,0.5649214662570987,1023.4304448401074,3.269916624164359
2023-08-30,1.2852488507844817,16.800432374692818,425.74191622683156,5.236745862404505,8.29524719585695,1.5917874964257046,21.265608832789468,35.235984969071524,0.44749588741054047,1.333945114235733,0.45194335985611855,1023.983615579122,2.8563564980102103
2023-08-31,1.3689320309989423,15.91800319427872,370.4105064852509,5.583151676021287,8.307901347616266,1.529993446343156,22.926888940029983,35.02211456841537,0.3951027346655691,1.5012207328082756,0.544635115765238,1022.4154741934858,3.077145887325079
2023-09-01,1.7464021685696098,16.159309188604826,386.39523516165514,5.602153249404422,7.112533621435512,1.0290517136221453,18.765326070122686,35.02444962118891,0.3377914391734124,1.8672453680732497,0.6151599879575139,1021.2727320827624,3.3217761003405193
2023-09-02,1.9586443388320407,16.604531742672318,429.2051765521836,5.400532144264421,8.232443694960795,1.2528015977387592,16.40600146650572,34.90375331575687,0.3855039674362122,2.111554163943754,0.6497578784862788,1017.5140331340646,3.3522235668377216
2023-09-03,1.9711065721588685,16.326205486117473,403.0090485723889,6.2497422556568285,10.806622293810655,2.560602984794389,25.328589689007412,34.808939253278204,0.5029835547449273,2.207556387443062,0.6051486337594726,1019.40042822376,3.228176422931889
2023-09-04,2.111614507452145,16.1039018376322,414.3063858499366,4.148367773106404,6.669677619794748,-0.11123398901569775,19.40691547460282,35.042034052271546,0.3436368983105034,1.6282001397450412,0.6127471964359266,1017.5476876106633,3.0673826547874916
2023-09-05,2.2676065362317077,16.28127691243405,323.40023726866843,4.127604926125311,4.807444366446341,-0.6870712978444184,18.16713518000149,35.05935559016455,0.255655867809132,1.5276163154999933,0.46044771365058057,1016.776036048978,2.541701837163132
2023-09-06,1.8617066663205473,15.39042415589985,331.32530220969056,3.4678462844791085,3.433752417889584,-1.6754707697101148,14.568922853022281,35.03447732948062,0.15941323291537798,1.6702064074429495,0.3875107468658722,1014.6573262469911,2.7496680033300205
2023-09-07,1.5995576790402173,15.674097570187591,371.2558218905948,2.6653411143597103,4.314717488904896,-2.245455128229984,13.90857095433576,35.1823265553851,0.17385688803408664,1.5673421166592583,0.6035312049240831,1014.1568093982769,3.050401281050587
2023-09-08,1.175908394850672,16.111338180058826,420.5937654869752,4.0191746794928624,5.403814336867719,0.06441143785878649,19.781456431984612,35.34248451868646,0.2965840475020712,1.351027832942151,0.6183677091119953,1014.0417132290075,2.3824383192077714
2023-09-09,0.8208479076835762,16.112888950894718,393.23599626726843,4.94389013028973,6.293811972157105,0.7333446461628155,20.66354925586534,35.08778682420412,0.3093002275260827,1.7513595217519922,0.5958458927054983,1015.5849566331979,2.9254967295013152
2023-09-10,1.065349348280249,14.928468100224366,373.5255788622522,4.876445485985415,7.7362246458879484,0.7504742646721083,23.570399508556903,34.99677914168356,0.45634887496676335,1.8759710409631634,0.6250036563364496,1014.9900726086305,2.8257700348676416
2023-09-11,1.5337092817258038,15.091462361812168,341.5862415531241,5.599586316630787,8.297560788416169,1.5445210926693644,23.58851243223292,35.16477355064388,0.3781669788320319,1.2778091526734308,0.471102842336827,1014.9483538865675,2.5772539019858587
2023-09-12,2.244951546151955,14.869896468673746,370.9839884592854,5.381342761987684,8.127893633060726,1.8657797287792808,25.454091403105316,35.18385297434343,0.4466084995969298,1.279615972669907,0.5540338109773257,1016.1462513292317,2.640154013469756
2023-09-13,2.106489442308697,15.105951283643734,355.8875502021798,4.644745436801516,6.28918418540335,0.4203198672695328,20.46972965758479,35.17043653917357,0.3047454841037296,1.3758456881716223,0.4243420243556695,1015.497649137413,2.94852568548162
2023-09-14,2.2910361887796955,15.23261989409382,376.32951614574165,5.194351516915979,6.504779580607585,0.40821715884169674,21.12010150646778,35.112337059622135,0.354373857881806,1.545024603991362,0.6039380386624752,1013.9062586502743,3.2258208756401263
2023-09-15,1.9496638251052425,15.011580309950904,380.97597695528805,4.039128179140608,6.6974875411380195,-0.4022107843635369,17.667741910628294,35.269813269673655,0.30279985778678564,1.214614622185312,0.4780781396966751,1016.276005241473,2.9414570503026285
2023-09-16,1.6055588520181474,14.467821199864817,359.2127971305993,4.009783063072125,4.6239125761351545,-0.6825231658333867,17.360737939403634,35.1507271928799,0.24504727413224697,1.3883731382745916,0.49161484048239107,1018.521008752984,2.780523288187271
2023-09-17,1.7024637198603674,13.981919233481245,297.1457533720332,4.776555586530704,5.07933463292355,0.3346000950406923,19.170942325987212,35.06861549840845,0.28610539921703376,1.5029091079791193,0.4588869165472575,1020.1887131150387,3.0675366164737135
2023-09-18,1.426571356859814,14.13024971067506,306.13843713635276,4.27259691925461,5.373548317448489,-0.1897198436039076,20.038405692215207,35.11515720357567,0.3305254705121119,1.4169079843396668,0.4120965240721422,1017.5587253127226,3.1929091085673025
2023-09-19,1.7910895937699323,12.955764401641853,209.61877569619983,3.7249813229367206,3.7745076912795614,-0.9721284768004046,16.57721833036099,35.03668071560027,0.2316646743480502,1.6583386393580875,0.19118545456189315,1017.8445259025677,2.8477087885761425
2023-09-20,1.5363674146688484,12.7175513738803,157.197527340713,5.385692637963119,5.459408241415444,0.2216560874100347,18.652351013644797,34.89353176286109,0.28631488163048785,1.5085515022398532,0.28238632039179845,1015.6019222485472,2.6686542945112133
2023-09-21,1.2575877978745122,12.710975812930185,258.62219887551606,5.377292471784108,6.601769586864512,0.6011855212063038,22.10153662737963,34.88937250766273,0.39479395859809974,1.5497766261244659,0.29672045590991614,1013.0281045613407,2.7437321610076406
2023-09-22,1.5218548975181938,12.80730535895297,284.173469763801,6.375779515006221,7.885944442598132,1.696378142877695,23.85142784240202,35.06273120712408,0.3484836376597472,1.5443065853396456,0.29941665704635484,1013.428950716784,2.1683701197017897
2023-09-23,1.827475948841769,13.211177837119559,213.09895647040153,4.9705685344334976,6.200294679449606,0.553295912486401,21.336372508307942,35.06024151521926,0.33440974664102824,1.501523308970759,0.43490133429364536,1011.9257390005534,2.1676269092287423
2023-09-24,2.2214699154619337,13.430445422897026,303.77247895498243,6.240582888293212,7.482698318552445,2.1676677020881465,23.771006839639853,35.080579909547126,0.4063374510215445,1.6722354013081002,0.4271644206379717,1009.4291507230163,2.1463276176854236
2023-09-25,2.312923587895724,13.46299217384019,275.565310033102,5.561968346898161,7.186385497832465,1.3827294692012067,22.096979417741206,35.19031001807059,0.3779790991562174,1.3970518333761972,0.3534313766451492,1010.5215731563972,2.3618128582001656
2023-09-26,2.3225780582088498,13.286242305599227,256.8719293005828,4.878110802899174,6.4560650976404625,0.1575635193114816,22.494725154355443,35.18264622409977,0.23062927165013097,1.6275628017029473,0.4807505014202091,1012.5340447916388,2.5110198098465832
2023-09-27,2.2875085537293574,14.536586932138173,363.0448675167885,5.000892824468031,8.111225941378896,0.9510716585893684,25.184449179196804,35.14946490869547,0.40011469742053996,1.6741509100090068,0.7368939723868702,1013.0221352970249,2.5060744514765263
2023-09-28,2.2451908613321563,14.431705478961053,323.80627583693143,4.338550191084889,3.893954714961976,-0.8203070172760073,19.030093243780865,35.016074120814054,0.19052622566015462,1.9928042241507615,0.8109391015062465,1011.3768129082742,2.65215475020832
2023-09-29,1.9070147901418726,14.014385023936542,307.24301880841836,4.8597988202604725,5.544849765657977,0.17751815193068005,20.426132084461504,35.07810641011215,0.23737093481215724,1.8453778067420223,0.6411192434438263,1010.7615606614564,2.680780284984617
2023-09-30,1.4833446726176855,13.425738083350371,281.1811002710427,6.269476507561113,7.463868496432952,1.0587166751908248,25.175441428317626,34.84365188275105,0.29741246518409264,2.09101753721212,0.662526538031949,1012.4478238050525,2.6068665298121627
2023-10-01,1.5262587336871076,12.905111922546494,252.90766656787738,6.001553286994182,6.38892299761494,0.968912718949425,24.392082178996176,34.66474504899538,0.3730256216823499,2.3672071804584705,0.5517119917814892,1012.0601655575238,3.0556817016187194
2023-10-02,1.7178846703093618,13.091934284863914,229.46569351983965,5.403364077662828,4.601997513778779,-0.22426139553072505,17.468324608016104,34.57599534287597,0.23071689916639984,2.490969223234239,0.4685787444566215,1013.0755886034698,3.071352921290654
2023-10-03,2.0520616100748637,13.426856429515343,264.9300991956388,4.616426267529946,5.605082994791726,-0.4123760189929605,19.546766068084807,34.69404094908835,0.1991861203898673,2.3874701786988717,0.5995378510300736,1011.0772220806456,2.920836189797816
2023-10-04,5.489571567032745,13.027607686694665,263.36670467116585,5.004572465030525,4.663263705118468,-0.5423425862571938,19.930002558599913,34.89244842989714,0.2791083020591801,2.040597305937066,0.40503033457123144,1013.7737860298746,2.8658198411858242
2023-10-05,1.942711092439998,12.702488491900743,190.82575937159635,4.8378888635494155,4.2811305170732075,-1.0489155409675177,15.486193927931842,34.78603394127985,0.22352816062579797,2.3494242280921886,0.5797620137549837,1009.5583263640805,2.881861943663743
2023-10-06,0.8818424498689533,13.282861139370564,247.89556221547753,4.425147283669045,2.5458399800391054,-1.850092342758524,14.51273944613482,34.72158763824499,0.1288605052509825,2.353332841651137,0.5608209268249095,1012.6776664478203,3.1167045990147795
2023-10-07,1.2176914864437933,13.381720033394732,238.06090658708885,5.274191876738344,5.191201961474595,-0.511664145055277,22.905931786685436,34.93733395549147,0.2994439114173544,2.108477672472892,0.5827456697098454,1012.3519469411805,2.9203496908287088
2023-10-08,0.9592726628868274,13.321010671965585,275.55931723043045,5.0867187342540765,6.018893608264965,-0.5278355387109401,23.65923989256172,34.97165713439949,0.2163996023244194,2.035343457153775,0.5312891297154794,1010.1796399641225,2.8193914477111313
2023-10-09,1.1432168145945165,13.964667181082893,281.3813923863368,5.349091309469321,7.397795137077613,0.7281386809842834,23.772093906660416,35.206711597298835,0.3426309703041366,1.8088464715333652,0.7728801211367213,1011.1530753709724,2.8920013442974133
2023-10-10,1.660987675073425,13.854674917448278,305.46985666359234,4.7899265859993125,5.577199144883121,-0.017427635202391226,23.040769755662133,35.14802741933832,0.3445656005132052,1.6882366628116532,0.8377197810079443,1010.4190016272479,2.5061476452744564
2023-10-11,1.7694631720217444,13.697073934950263,260.18299412737565,5.782620214589723,6.308408877506626,0.9247932168399151,23.856880181606385,35.147807052600335,0.3480486188160747,1.7297582254738584,0.6992733404246164,1009.8039544048744,2.584021508896333
2023-10-12,1.6976144639579327,12.921306969693466,226.04154801042267,7.222064058303294,9.028299181840499,2.489976276444936,28.566419695311794,35.076631319751556,0.5070234291570972,1.8632051901467719,0.6120398178251611,1011.7080615035752,2.9881242077303796
2023-10-13,1.746899571613156,12.834903655102552,266.7055380411858,4.685354987152746,5.4188043194147255,-0.3537252543705028,20.119623006742785,35.09767507047003,0.282658094276069,1.7450431974480856,0.6727534270875077,1010.6544205498498,2.9283864631296823
2023-10-14,1.9899467858000137,12.827440525142679,202.08517548593457,5.21098955347332,5.189885435171047,-0.02301807042778592,22.349838149294484,35.18772317340466,0.3303363997095419,1.9548138737573602,0.6600682383468638,1011.5116937429965,2.9622331886896625
2023-10-15,1.6654696636526487,13.358937764382915,278.98703910626256,4.509294199420794,5.49535967027527,-0.2718010167585372,25.07900564517526,35.31129381639162,0.345515551165702,1.5628183441009373,0.7453109347327022,1010.7110101773347,2.4861919604244838
2023-10-16,1.3228730447822095,13.162445326440315,237.25173101174212,3.9240614812552486,5.063434586538902,-0.9370098014807088,22.09690163416515,35.17956198093912,0.21719914524239678,1.784309278904105,0.61272256685612,1014.7198800074492,2.770700769925384
2023-10-17,1.5743610481018264,12.404787821137438,210.03256689506685,4.671434383321694,4.872805198522396,-0.17032583182678285,20.905909068645947,35.23397514372764,0.22776905289409177,1.4709839617885687,0.7028399563920117,1013.5749885487487,2.262790658033889
2023-10-18,1.272991121712725,12.549800663965154,248.55695844487067,5.674437952285364,4.005327144515497,-0.2020077407241353,24.166051421156155,35.077511674323894,0.22688334273312374,1.9040907703891787,0.6344806785248523,1012.8264538950592,2.3162557609561634
2023-10-19,1.1594797054509218,12.462006112725685,266.05202408171397,5.23434297646594,4.664185955268365,-0.2526272050139122,23.347176161961908,34.9736181601668,0.28641172654487157,2.030160803832801,0.5769125515124828,1016.3861067504776,2.5314493633830493
2023-10-20,1.3200086826408008,11.956082815730893,167.4032549301855,6.240107385276975,7.789702445545941,0.8241878379172078,27.044690189448474,34.94983793529237,0.43029306542522416,1.902638172888008,0.5490400709711208,1015.6183869454469,2.679915080339833
2023-10-21,1.7484355831555063,11.843332552793834,136.02041706945798,6.6768788848604315,7.393744713530808,1.7269519488821627,24.635419640058366,34.855975346909425,0.35974868621144845,2.273428832345376,0.5855621195382686,1017.2991720358924,3.064948602322297
2023-10-22,1.6615188050652596,12.368800404650619,186.69368877263386,6.131239668995932,5.965781881251713,0.7421819838723266,27.253344763329892,35.00983330115335,0.2793259390409961,1.9928892514468808,0.560531175172473,1015.7058181835378,2.7321949080497996
2023-10-23,2.0421954753092804,12.235481000399133,251.9683745829813,6.419609747368977,6.6475451772177045,1.1392606493213304,26.696854552362804,34.98507142719113,0.3584609409941116,1.9240750148793235,0.7016028872164775,1016.0146201189222,3.068754223182596
2023-10-24,2.4840614894078366,11.929593325404964,223.87484973925945,6.169708460912429,6.126879563473362,0.6001948502233326,23.7219724792329,34.7938128792623,0.36558830843542334,2.425108122507418,0.6502279001614226,1014.8736535164586,2.999204152334022
2023-10-25,2.5256572392882597,12.216451026361664,168.3731903789983,7.064967365548552,8.860847272302141,2.44138699480941,29.14267781729325,34.93110135185344,0.4709887536760903,2.329461179591312,0.805663018837389,1013.6866251882393,2.9545027075276984
2023-10-26,2.3369387202130616,12.38301076529789,194.5936313533936,7.039233688647184,8.266152126413852,2.54734492447503,28.985765054711607,34.903070708873294,0.41463580532246386,2.250078415658378,0.7638867934689418,1013.3646609925966,2.8581174242934275
2023-10-27,2.428264937392517,11.874225759834243,143.60516130682345,6.569899285104548,7.164775900886686,1.4267631925915287,27.04339184749954,34.990260262653024,0.34180796252033285,2.0081134345182168,0.6979953840068107,1011.5726330213753,2.8506018334039007
2023-10-28,2.244356690644514,11.449508440952687,174.40897075394824,7.672263357905813,9.689978309007854,2.739669624442251,28.593780901433718,34.95165545326472,0.4617184967319831,1.8345624184165077,0.5369424800606822,1010.5767507103457,2.9858899701247
2023-10-29,4.01871814527068,11.41674065569718,160.40503715347103,7.469454888085211,8.271115849153142,1.9757680403592024,27.01905293229595,34.67608194752218,0.4448167346973839,2.5442916316529978,0.5915773006200565,1010.321260582482,3.5595445136288877
2023-10-30,4.17975715978096,11.284217999924312,174.58381471810893,7.270484610191061,8.265351413582337,2.2677640082004396,27.61821586678021,34.81619947320137,0.4498152978046348,2.3331217037519623,0.5763792602988518,1011.3789034788989,2.9903652192956196
2023-10-31,3.6461288032877053,12.055440392335642,194.60915938172406,6.608427216432636,7.7054084313898645,1.4413509991678943,26.92004303572958,34.86230337911678,0.403226923185151,2.529046064986831,0.6940450148735382,1009.6354642942669,2.937321263256227
2023-11-01,3.8123031810078634,12.187919329708622,201.12933648052726,7.117615161619158,7.807243804147237,1.2154797152405146,29.153383780386555,34.93136458908721,0.34586487408730693,2.339546135847986,0.5572189796681437,1011.5700140400502,3.1068368445742824
2023-11-02,3.637653702775733,11.3229843965389,176.96905191335958,5.965229432471472,5.608417943877272,0.4370274569413728,23.741085692943226,34.718614902591156,0.25328054358560803,2.3780967073902497,0.8371125522247125,1012.267831686869,2.8532726368585504
2023-11-03,3.149462850761415,10.912032567127078,78.98916995684425,6.96845428776546,7.278594330667583,1.5003829494722163,30.459888704992533,34.76767151054905,0.35401699978932744,2.3880764460601673,0.6727167565571189,1009.5370541359449,3.062533615551283
2023-11-04,10.811833700496202,11.643039769052061,178.135363384458,6.122330855331473,6.481814386657631,0.9226653695826732,27.203392001093388,34.832419453512635,0.28031276704900915,2.3161405230617604,0.5067585317001837,1012.7169951506547,2.6205771139169696
2023-11-05,2.8499687945407763,11.104248667282958,131.40958375339747,6.931509816544952,6.830604498672854,0.8291550500054866,26.45872279198689,34.71710098337218,0.33717556416211464,2.257010228391578,0.6955985560496034,1014.1945248898343,2.5234000242180565
2023-11-06,2.5673327041443565,10.03660537603785,97.00228406677795,6.22834362791842,5.608728243476399,0.1867610478671896,23.801841233444478,34.66040417808885,0.24389425957366545,2.2172974755282207,0.4072930440991013,1013.1401821822333,2.569449582085781
2023-11-07,2.346835513701616,10.162375855005264,49.762502652477544,6.85168948249179,6.348818336817365,1.2130529190086003,26.013759092906685,34.75534808837615,0.35713799064831053,2.294732628641406,0.6058409501003432,1012.0611206383,2.376974969046354
2023-11-08,2.5062050119230292,10.18997731354114,132.6716527318023,6.20221108116476,6.7225302930141675,0.7192362546223958,26.545528223257875,34.85988263094052,0.339698922613891,2.2312711054641365,0.49662808929227675,1013.6592199891086,2.852755160760702
2023-11-09,2.7882703420161996,10.384168739411496,39.22229075359152,6.138127298844737,4.3651533086085585,-0.12322678007924533,25.034632646366937,34.783807690549786,0.15152845199489612,2.1106414297509324,0.4089949057588753,1013.8005096003965,2.9485606661561734
2023-11-10,2.632872231803569,11.30564438021927,157.40130123257154,6.548923576428981,6.958751375506577,1.1617753823480506,27.311180649856997,35.00247369032109,0.3754125550010171,2.1771086823351737,0.7654938257241538,1010.5920576455522,2.8436758028344937
2023-11-11,2.6064533157506506,11.268915979187016,166.73201117468918,5.838640798136141,5.552903427730384,0.28678874831519285,27.75311386836914,35.02043915266432,0.2919568654930564,1.9108930915123603,0.5640338378870774,1012.8429140637792,2.9382891816523804
2023-11-12,2.3830844612789495,11.570770845488925,181.23261704431107,6.57291280971606,7.311289584701388,1.391254585939028,30.16533774422763,35.21676413183189,0.310546867201698,1.648689698987997,0.8120562827950748,1010.3454157298812,2.9320168136502924
2023-11-13,2.54627474265024,11.133039185924412,153.05800165030297,6.744795264037078,8.662201007974325,1.8911273438028613,33.163323999948744,35.11240762576027,0.41797160449657444,1.7006491641845605,0.6688148361836661,1010.1411313716367,2.7602743919651673
2023-11-14,2.737024518377042,10.894835815607184,135.7219767728288,6.450079359572737,6.368758150370494,1.0559727082068064,29.72985627231476,35.09254185954117,0.24201185582180096,2.002809002108713,0.6325518540752432,1011.2492097348315,2.9863637596940045
2023-11-15,3.0940482658728166,11.177319856861667,152.68251408549133,6.745798545895154,8.710965014396931,2.1677276939488785,31.478911593807997,35.303994280775676,0.4582140561517887,1.6058013932857895,0.6273195843044659,1013.3840354233479,2.4349279621617397
2023-11-16,3.299964650508569,11.570417137549663,147.64505344486676,5.70263967020763,6.906183711519269,0.740394223557368,28.70398488497916,35.33320588089248,0.3370797891896396,1.3848533369358997,0.8342084969297711,1009.2737798118503,2.5091776931558964
2023-11-17,3.158357463934359,11.577672499842038,125.80453494119286,5.669246706835618,7.013347405758106,1.1001410324255856,30.289659113970263,35.44520562736293,0.31909025249897194,1.3956490679782902,0.8211439400015453,1013.096713021425,2.1850521094174784
2023-11-18,2.659116400630872,11.680190230688897,186.06072934737705,6.565276895197983,7.555186136012176,1.6787652345543314,34.526082196378994,35.28708334471944,0.3674246768753745,1.5639771736200916,0.8500525675969425,1011.4854583754626,2.274362781332501
2023-11-19,2.670856704088941,12.010317858808417,102.77741867910949,4.9295505393115215,4.457082783803121,-0.3215045691036139,25.61833423011921,35.277764815693125,0.2919436277745309,1.5892835146671629,0.8310978048217972,1012.4946997531802,2.258678442307496
2023-11-20,2.7066431800163757,11.09062593042175,205.10091621958023,6.3584398914420275,7.593387099019766,0.966294714809166,30.442934817295114,35.08683576769753,0.40795843835519074,1.8877249816388109,0.6399126691814666,1014.3489305917778,2.800511234180849
2023-11-21,2.4149564232646483,11.566319208178731,137.76117036726004,5.939607037247324,7.362349267087355,0.6456369116043008,28.22546947057114,35.21221663515446,0.36277732759277975,1.8783924047771041,0.7197224272274777,1012.2644819636786,2.1475254358222435
2023-11-22,2.1553806316669966,11.662811452642318,120.91037045895294,5.739495304006904,5.488230509150536,0.156994681712004,27.28279491444687,35.296174715684614,0.3014633066176418,1.6366872437565094,0.8487735451422982,1014.3336850238397,2.6977458459283454
2023-11-23,2.2123455928438016,11.249419238730862,141.0199274239583,5.829663453864612,6.319342494286862,0.5783781789581797,28.581945292885436,35.28515666654186,0.3367664489481873,1.6552823287845015,0.7088709689528894,1014.4353894163844,2.4953828742951445
2023-11-24,2.5559028728350968,10.481044949895484,71.71663079529768,5.832445852223957,4.52663553906376,0.17565848773706294,29.58788945056738,35.05789318947473,0.17388900436657023,1.895365277832001,0.5679442072092888,1011.6544488993272,2.9044900053981766
2023-11-25,2.424974128889247,10.494074960914357,131.24910780175927,5.852065696760677,5.682973113780286,-0.11004843044647952,26.87228964917304,35.027837738515025,0.2742418268103989,1.7408092919781168,0.4413591712509387,1010.9994215055392,2.77017038814195
2023-11-26,2.019554456243837,10.552598764316086,73.50787038134249,6.71351429387681,7.582990436274211,1.5269048805086238,33.59757899413583,35.13264843540766,0.35042315168983423,1.7732456969712207,0.6848660673673455,1013.2290917142698,2.7081716300759897
2023-11-27,2.0149321973569996,10.713317531367133,117.53862537915853,5.570924403684339,4.665967326135616,0.1679302954332407,26.879673140239714,35.02122410201836,0.2719199071478866,1.887789297071878,0.5999255795849056,1011.8277382673723,2.714451202104714
2023-11-28,1.9913526107868236,10.880560922202564,62.686335334173066,6.381690940188839,7.218396245995664,1.2465186864210742,32.33043890719572,35.077305665098976,0.3180155272022572,1.88387687130265,0.48828123512007104,1009.7807358206932,2.649396243482096
2023-11-29,2.070688762592706,11.100231683349042,71.01813067748219,6.352125934819759,8.364050369184783,1.9445986058532165,34.21216743645667,35.369945449403744,0.40895386675732104,1.2418368705509761,0.9212632929552721,1011.1475103397452,2.312533989772655
2023-11-30,2.2707148277061275,10.2444154524687,69.98123154831478,7.568951808808766,7.778157732489357,2.14743826805809,33.43681524813323,35.07536879963047,0.39226810585234195,2.057429816267814,0.5344191436106902,1012.7273723391587,2.7444822927785055
2023-12-01,3.0855171720068584,10.841694826685455,124.37779434225348,6.147005775363877,6.290142572464781,0.3706017544832313,30.46773149050576,35.09812475133973,0.3263432449955438,1.9132505035851188,0.6939514570329154,1012.8472715826076,2.5696070026259807
2023-12-02,3.8417717077425055,10.554349654125312,58.17410182065451,6.229306520554005,5.403769045578552,0.30305569209075317,29.649829528907663,35.04516776885287,0.2557966125295495,2.008048055164059,0.49758921698094444,1014.3715231583856,2.8974417774116454
2023-12-03,2.920911071716528,10.605225623303415,68.145893612615,6.391150140199252,5.645645115005945,0.7038724694174705,28.359152535419888,34.885952841844045,0.33696061991731574,2.151506368123304,0.7116712790075888,1015.1196423203683,3.3269470709074827
2023-12-04,2.077201482036779,10.469314051751681,32.24426341965477,6.855936324073585,7.6254099615544195,1.7915129626096198,31.291781963947095,35.03932561883851,0.3261835389425715,2.0036400712378657,0.7312416201804263,1014.0058177579214,2.799827116071389
2023-12-05,2.2010627156729554,10.330197519815155,44.6160384833886,6.407316177234847,6.774291903965454,0.6008671435741426,36.40524853532471,35.1175941278016,0.3537219527294797,1.8215675863328258,0.8393000401966633,1016.2186582919167,2.340449247909521
2023-12-06,2.1884261918208394,10.922489248723416,136.82639267803478,6.850956887701318,7.7661931042125465,1.92139416204985,33.75590646192386,35.14627441159625,0.3947724569058793,1.742980663910817,0.8147782232018733,1016.8763955949165,2.339089911261318
2023-12-07,2.44004256782531,11.36001764847983,59.00079480631969,6.287116482686815,6.961204175822978,1.1582242728912167,32.734667282803564,35.00198669775566,0.332578562343862,2.01271594052735,0.708131119887366,1016.1010308697604,2.8347718785831666
2023-12-08,2.8043841540801604,10.476674436677644,26.69873761750999,6.633323757597932,8.060748831356335,1.4214269318949677,32.40713644810001,35.00583768249224,0.3821507214855788,1.8912144299982139,0.6016229218490337,1017.2043740684893,2.282803202909975
2023-12-09,2.9548545213686848,10.436854265169684,41.342248347711305,6.309799577132157,5.453423491537954,0.6051734836679884,29.7384550182675,34.973927862232735,0.24440516694563907,1.9052839054408164,0.44701304003919334,1016.9237618691325,2.436598117769384
2023-12-10,2.8870317640659446,10.182276387478723,39.69402382360218,6.400630696085243,7.225166659176861,1.207304303767652,29.625049527077934,34.964554605896055,0.3488754725184252,1.7596575559216456,0.5352283617130615,1018.5285148904476,2.651051357644399
2023-12-11,2.700449932290305,10.292655335068957,78.34294017193716,6.413719540313726,5.838883649915463,0.7154443196318184,30.16204209641618,35.041686295566016,0.2871648805347673,1.9053984969078759,0.5612053132577026,1019.7305257400827,2.414430146865486
2023-12-12,2.762774823319505,9.88148479103225,48.32979101160879,6.361050103220666,5.441610362537782,0.47606554380274,30.229246595755054,35.04433087313821,0.2581149928500298,1.791359121203419,0.5887624082735341,1020.4022685940199,2.4193957308058915
2023-12-13,2.761645605929103,10.17198600533896,64.02392335807954,5.274812798542517,4.6881575246177025,-0.6129738309260543,28.335368237761983,35.17949113873026,0.24670336272866394,1.4297037809681337,0.6574023836511839,1020.2640158931523,2.6834388564933165
2023-12-14,2.7069525837190263,10.882574792195813,141.49350485097466,3.233199093030532,1.4578045924078675,-2.5418119665316614,22.54329450246244,35.1782145966795,0.03,1.6036811865921277,0.6528103261894278,1019.8483655869763,2.6701900834188925
2023-12-15,2.0703210368858493,10.368271151458323,8.0,5.693054687202998,4.471287846291123,0.0885400473557254,26.436414382458974,34.99989128870688,0.22599688236599957,1.6060071634162534,0.6276737778431667,1019.4393479711142,2.805761347693506
2023-12-16,1.6186362917770343,10.596435695008548,65.08084714000876,5.576574167999438,4.084005631403003,-0.23577905819546183,25.950096652089762,35.02683130141176,0.22331859871478044,1.8122416579893772,0.4791140180172829,1020.3161338477344,2.943255437586557
2023-12-17,1.5176150950236929,11.060597152661257,73.58703957111585,5.449056959236714,6.1023529284377895,0.057095815242513503,30.69354319186275,35.16777382482585,0.23658350838316416,1.8763574292158334,0.7720229220220596,1018.6376541795316,2.7595089251572613
2023-12-18,1.5787395669624764,11.268581240697547,128.30893961944736,6.036882447660247,6.293660597245712,0.8321246625178412,35.18008642850956,35.277632167252314,0.33725550676478006,1.4659619683009966,0.7116107943162089,1020.4281119131903,2.5670828697777655
2023-12-19,2.132043883806115,11.642994324058686,72.38285919947413,6.134040980907358,7.166086518436395,1.0909727709991606,31.948951698280705,35.17524767356261,0.3180745656319929,1.907016192355018,0.7882769320408068,1020.8609973583362,2.940970561137614
2023-12-20,2.565548663073652,11.741865854420912,148.22868652345505,6.098718541017098,7.210273255670685,1.3759595134855518,33.18170428638762,35.26660854420163,0.3484874513562472,1.5941232161893912,0.7018222160923359,1018.9827797457206,2.901909218446579
2023-12-21,2.8953741589344895,11.581120524433686,123.75130011001629,6.062265117207773,6.817664548655156,1.005347815367758,31.00308150087203,35.168700747449975,0.33046698911630773,1.7332874505321325,0.6770882455846255,1018.2756082028649,3.303456547437398
2023-12-22,3.1694806567162415,11.442432725706773,111.85161093594931,5.629275066047627,5.952422300013043,0.2732175082366879,28.654646664709823,35.27152149813619,0.24341150648532855,1.2346501447059504,0.7740837914623102,1016.6576183241801,2.595497660899275
2023-12-23,3.2877195774008707,11.233931074867732,74.95372766673269,5.4378965890142865,6.2938252933685375,0.5445100690955398,30.702409259275942,35.265909883869554,0.35929607165279537,1.535421651469809,0.8218442487789566,1018.6755608687108,2.272248827284255
2023-12-24,2.5995694127352666,11.301989091472155,122.51208329318098,5.555402890573553,7.2435223509199425,0.48524001945569734,32.1265056995057,35.184083280396095,0.3961395570081304,1.509117759553639,0.7106992425295185,1016.7980368898124,2.3788162220344087
2023-12-25,2.4538478569337445,11.331578254351713,98.13095293398715,4.879781094119814,4.53858714565617,-0.761480995569815,27.78719450680468,35.16730434656802,0.19356843082019906,1.5185318883268006,0.6740073896607568,1013.8325216230694,2.826627662582301
2023-12-26,2.197852077077964,11.084333875769051,82.44903348241975,6.033828165135661,6.243312587502531,1.1227362156230936,31.03968917759917,35.20517931917988,0.3732348119783574,1.3607688104977074,0.6933083380503982,1017.4047412973114,2.7273058941808683
2023-12-27,1.6215704947949547,11.088535596575658,143.45245841894305,6.498227525159575,6.5773024543042755,0.9500601565044711,31.68495313878074,35.212845948803505,0.2990731963650787,1.4815949727184756,0.672181655733018,1016.1371734331303,2.7101146826588054
2023-12-28,2.2296155083772193,11.704182827740118,116.91291859482861,4.548838808486129,5.338993309576983,-0.5247871014015304,30.36757371083325,35.29527641811406,0.2840181088600165,1.4410666819138729,0.7496647145634003,1013.0048222114335,2.927532032498424
2023-12-29,2.488155809358758,11.726448333503198,131.6442588514812,4.8219292928311726,5.4727978093472975,-0.0731662027807401,28.30406952525484,35.409213110955044,0.3021638776575366,1.1153680627012108,0.6435910177354436,1011.01149928376,2.3039444292505498
2023-12-30,2.1793400351119696,11.97895378898089,106.97451303669519,4.824874492288874,5.637568654523473,-0.41795968110026666,30.626288143911637,35.26488590442921,0.19927645432211605,1.6095971868093524,0.7689916641565991,1014.8693717924953,2.6168472199307757
2023-12-31,2.1599519629263475,11.738789748794206,104.5132813171559,5.002090107971367,5.438480631787102,0.14200898482822671,28.346861885312673,35.34803707964681,0.26112457594566446,1.4650799469291766,0.9057153553389434,1017.2490847195074,2.5552883858575868
